# tskridge,tskvae,tskhar,mskridge,mskvae,mskhar,pmridge,pmhar
0.000000000000000000e+00,-1.068020802893568657e+02,-8.356680953227102293e+01,-1.736159228084523676e+01,-8.575104388082613127e+01,-7.087954180881254729e+01,-2.542322988784639648e+01,-7.177694827433631986e+01
0.000000000000000000e+00,0.000000000000000000e+00,5.490410582769550274e+01,1.114800194647609430e+02,8.570839878151684132e+00,5.167048068242792880e+01,9.976615452636359294e+01,7.338727015477182647e+01
0.000000000000000000e+00,0.000000000000000000e+00,0.000000000000000000e+00,-8.525428813612553824e+01,-9.896748719558904384e+01,-1.240233155949673893e+01,-8.921119598312868959e+01,-2.457960431939313040e+01
0.000000000000000000e+00,0.000000000000000000e+00,0.000000000000000000e+00,0.000000000000000000e+00,-9.664854417805339892e+01,-7.195394465455160571e+01,6.150931246334853775e+00,-6.240163958590895987e+01
0.000000000000000000e+00,0.000000000000000000e+00,0.000000000000000000e+00,0.000000000000000000e+00,0.000000000000000000e+00,4.507784973176494248e+01,8.206761077907796675e+01,5.814464692313746497e+01
0.000000000000000000e+00,0.000000000000000000e+00,0.000000000000000000e+00,0.000000000000000000e+00,0.000000000000000000e+00,0.000000000000000000e+00,-8.956581875773042611e+01,-1.126431049695015840e+00
0.000000000000000000e+00,0.000000000000000000e+00,0.000000000000000000e+00,0.000000000000000000e+00,0.000000000000000000e+00,0.000000000000000000e+00,0.000000000000000000e+00,-7.263204305738501887e+01
0.000000000000000000e+00,0.000000000000000000e+00,0.000000000000000000e+00,0.000000000000000000e+00,0.000000000000000000e+00,0.000000000000000000e+00,0.000000000000000000e+00,0.000000000000000000e+00
