# mskridge,mskautoencoder,mskpca,tskridge,tskautoencoder,tskpca,pmridge,pmpca
0.000000000000000000e+00,-2.191759564771350810e+01,-1.377409761745431354e+02,-1.265573492284680635e+00,-2.401705259106181245e+01,-1.359727452988817618e+02,-1.065034651111712805e+02,-1.279593430171573232e+02
0.000000000000000000e+00,0.000000000000000000e+00,-1.379335344039248525e+02,7.640803130344761662e+00,-1.564565733523869362e+01,-1.359583852052008979e+02,-1.029547691400179588e+02,-1.279682190099882746e+02
0.000000000000000000e+00,0.000000000000000000e+00,0.000000000000000000e+00,1.363557823838228558e+02,1.357148256292695976e+02,3.267447447345273304e+01,1.334597997527533551e+02,1.524893597283581315e+01
0.000000000000000000e+00,0.000000000000000000e+00,0.000000000000000000e+00,0.000000000000000000e+00,-5.356760269351002535e+01,-1.339648078014626833e+02,-9.556418753707929170e+01,-1.263144233592929737e+02
0.000000000000000000e+00,0.000000000000000000e+00,0.000000000000000000e+00,0.000000000000000000e+00,0.000000000000000000e+00,-1.330638387565008145e+02,-6.257136110600306012e+01,-1.254961514502824684e+02
0.000000000000000000e+00,0.000000000000000000e+00,0.000000000000000000e+00,0.000000000000000000e+00,0.000000000000000000e+00,0.000000000000000000e+00,1.308274249615762983e+02,-1.693007754232437989e+01
0.000000000000000000e+00,0.000000000000000000e+00,0.000000000000000000e+00,0.000000000000000000e+00,0.000000000000000000e+00,0.000000000000000000e+00,0.000000000000000000e+00,-1.236472773455750058e+02
0.000000000000000000e+00,0.000000000000000000e+00,0.000000000000000000e+00,0.000000000000000000e+00,0.000000000000000000e+00,0.000000000000000000e+00,0.000000000000000000e+00,0.000000000000000000e+00
