# mskridge,mskautoencoder,mskpca,tskridge,tskautoencoder,tskpca,pmridge,pmpca
0.000000000000000000e+00,-4.444883475957652053e+01,-1.511577112780087475e+02,-4.937376814907216804e+00,-3.294737073100709068e+01,-1.388945007564805110e+02,-1.099318610579158815e+02,-1.100301950411999030e+02
0.000000000000000000e+00,0.000000000000000000e+00,-1.514410292200801962e+02,1.848452040430231946e+01,-1.153442798369586697e+01,-1.387003638751255039e+02,-9.179523432112812031e+01,-1.095032957300064567e+02
0.000000000000000000e+00,0.000000000000000000e+00,0.000000000000000000e+00,1.473622957399528275e+02,1.460004603137485901e+02,3.529648080294291645e+01,1.443279693124761707e+02,-1.454302796072505366e+01
0.000000000000000000e+00,0.000000000000000000e+00,0.000000000000000000e+00,0.000000000000000000e+00,-5.360682902184413479e+01,-1.349211447377315380e+02,-9.096492310052725827e+01,-1.079826882152854637e+02
0.000000000000000000e+00,0.000000000000000000e+00,0.000000000000000000e+00,0.000000000000000000e+00,0.000000000000000000e+00,-1.335051011657403990e+02,-4.889875241239202097e+01,-1.068361164836542088e+02
0.000000000000000000e+00,0.000000000000000000e+00,0.000000000000000000e+00,0.000000000000000000e+00,0.000000000000000000e+00,0.000000000000000000e+00,1.318661411334206548e+02,-3.735400165800986372e+01
0.000000000000000000e+00,0.000000000000000000e+00,0.000000000000000000e+00,0.000000000000000000e+00,0.000000000000000000e+00,0.000000000000000000e+00,0.000000000000000000e+00,-1.049797465135773820e+02
0.000000000000000000e+00,0.000000000000000000e+00,0.000000000000000000e+00,0.000000000000000000e+00,0.000000000000000000e+00,0.000000000000000000e+00,0.000000000000000000e+00,0.000000000000000000e+00
