# mskridge,mskautoencoder,mskpca,tskridge,tskautoencoder,tskpca,pmridge,pmpca
0.000000000000000000e+00,-3.666503502557908689e+01,-1.292477877309161727e+02,2.563348371218568289e+00,-1.422229007339040940e+01,-1.322919639863769703e+02,-7.247112317531791348e+01,-1.097309483269175701e+02
0.000000000000000000e+00,0.000000000000000000e+00,-1.289926802538490165e+02,2.551835473225039763e+01,1.463385993681694863e+01,-1.314137960931881821e+02,-5.342576391531036961e+01,-1.088699960229268413e+02
0.000000000000000000e+00,0.000000000000000000e+00,0.000000000000000000e+00,1.268815936074053354e+02,1.285073742037536135e+02,1.795124199867023762e+01,1.274984949578716140e+02,-7.148138300573902093e+00
0.000000000000000000e+00,0.000000000000000000e+00,0.000000000000000000e+00,0.000000000000000000e+00,-2.112402022612420183e+01,-1.292493339383801469e+02,-6.462010904314509219e+01,-1.077325099691558279e+02
0.000000000000000000e+00,0.000000000000000000e+00,0.000000000000000000e+00,0.000000000000000000e+00,0.000000000000000000e+00,-1.307577119547312350e+02,-7.573535961682971163e+01,-1.087370822258750707e+02
0.000000000000000000e+00,0.000000000000000000e+00,0.000000000000000000e+00,0.000000000000000000e+00,0.000000000000000000e+00,0.000000000000000000e+00,1.293775923618871673e+02,-2.028091601258165966e+01
0.000000000000000000e+00,0.000000000000000000e+00,0.000000000000000000e+00,0.000000000000000000e+00,0.000000000000000000e+00,0.000000000000000000e+00,0.000000000000000000e+00,-1.078143420835411490e+02
0.000000000000000000e+00,0.000000000000000000e+00,0.000000000000000000e+00,0.000000000000000000e+00,0.000000000000000000e+00,0.000000000000000000e+00,0.000000000000000000e+00,0.000000000000000000e+00
