# tskridge,tskvae,tskhar,mskridge,mskvae,mskhar,pmridge,pmhar
0.000000000000000000e+00,-1.136316832972240576e+02,-6.958126492179903266e+01,-3.305208750313946098e+01,-6.625106692199560143e+01,-6.309544061976930607e+01,-1.626506444377727334e+01,-6.017749031749315236e+01
0.000000000000000000e+00,0.000000000000000000e+00,-2.393477006471112034e+01,1.298992872636330560e+02,-1.904704506048617318e+01,-2.372969737093397669e+01,1.049016601523180583e+02,-5.725647848121731442e+00
0.000000000000000000e+00,0.000000000000000000e+00,0.000000000000000000e+00,-7.850575834705939826e+01,-9.641889324896528990e+01,-2.502093336850825267e+01,-7.574674927545883918e+01,-2.570633374461730725e+01
0.000000000000000000e+00,0.000000000000000000e+00,0.000000000000000000e+00,0.000000000000000000e+00,-6.935143735169467050e+01,-5.954802316766072323e+01,1.862609019150815470e+01,-5.511633127103974061e+01
0.000000000000000000e+00,0.000000000000000000e+00,0.000000000000000000e+00,0.000000000000000000e+00,0.000000000000000000e+00,-1.087109621471094911e+01,6.260679028779925659e+01,4.924503334638016483e+00
0.000000000000000000e+00,0.000000000000000000e+00,0.000000000000000000e+00,0.000000000000000000e+00,0.000000000000000000e+00,0.000000000000000000e+00,-7.508189481902253704e+01,2.134346634129322684e+00
0.000000000000000000e+00,0.000000000000000000e+00,0.000000000000000000e+00,0.000000000000000000e+00,0.000000000000000000e+00,0.000000000000000000e+00,0.000000000000000000e+00,-6.098364958389677071e+01
0.000000000000000000e+00,0.000000000000000000e+00,0.000000000000000000e+00,0.000000000000000000e+00,0.000000000000000000e+00,0.000000000000000000e+00,0.000000000000000000e+00,0.000000000000000000e+00
