# mskridge,mskautoencoder,mskpca,tskridge,tskautoencoder,tskpca,pmridge,pmpca
0.000000000000000000e+00,-2.345791657335898961e+01,-1.190502042555519893e+02,4.339440134049711517e+00,-1.135686082304151334e+01,-1.292217412396141754e+02,-5.784161563747325374e+01,-1.250645368356385632e+02
0.000000000000000000e+00,0.000000000000000000e+00,-1.194040469229830137e+02,1.488874427841393633e+01,-2.590821512124667603e+00,-1.297532010706141818e+02,-4.674066024832601585e+01,-1.255296577326956964e+02
0.000000000000000000e+00,0.000000000000000000e+00,0.000000000000000000e+00,1.178155420745739406e+02,1.163600286664528056e+02,2.516866940703459221e+01,1.181276186800113805e+02,1.905907397053800878e+01
0.000000000000000000e+00,0.000000000000000000e+00,0.000000000000000000e+00,0.000000000000000000e+00,-3.387623312662029917e+01,-1.273920968529516387e+02,-5.759513657186256097e+01,-1.232290285126194362e+02
0.000000000000000000e+00,0.000000000000000000e+00,0.000000000000000000e+00,0.000000000000000000e+00,0.000000000000000000e+00,-1.256699752611442307e+02,-3.005968271065798803e+01,-1.215654782535132341e+02
0.000000000000000000e+00,0.000000000000000000e+00,0.000000000000000000e+00,0.000000000000000000e+00,0.000000000000000000e+00,0.000000000000000000e+00,1.284673205425668812e+02,-1.858883211930749368e+01
0.000000000000000000e+00,0.000000000000000000e+00,0.000000000000000000e+00,0.000000000000000000e+00,0.000000000000000000e+00,0.000000000000000000e+00,0.000000000000000000e+00,-1.242874528795099565e+02
0.000000000000000000e+00,0.000000000000000000e+00,0.000000000000000000e+00,0.000000000000000000e+00,0.000000000000000000e+00,0.000000000000000000e+00,0.000000000000000000e+00,0.000000000000000000e+00
