# tskridge,tskvae,tskhar,mskridge,mskvae,mskhar,pmridge,pmhar
0.000000000000000000e+00,-1.186974334399691031e+02,-6.221349851668573194e+01,-2.795932176656102897e+01,-7.002497158765605434e+01,-5.727212012694293009e+01,-1.002620651825555420e+01,-5.092542018309975305e+01
0.000000000000000000e+00,0.000000000000000000e+00,2.956257139658724142e+01,1.253932048364962242e+02,-9.123840646563849077e+00,2.531224874839553962e+01,1.019030255295981249e+02,5.215955184773550002e+01
0.000000000000000000e+00,0.000000000000000000e+00,0.000000000000000000e+00,-7.982942965595806584e+01,-9.434772220255537434e+01,-2.502093336850825267e+01,-7.653754763393122573e+01,-2.570633374461730725e+01
0.000000000000000000e+00,0.000000000000000000e+00,0.000000000000000000e+00,0.000000000000000000e+00,-7.307519944420928937e+01,-5.222017828480200308e+01,1.112691174905951108e+01,-4.301697177562782315e+01
0.000000000000000000e+00,0.000000000000000000e+00,0.000000000000000000e+00,0.000000000000000000e+00,0.000000000000000000e+00,2.349550012709851643e+01,6.444601536682223752e+01,3.875207227810989252e+01
0.000000000000000000e+00,0.000000000000000000e+00,0.000000000000000000e+00,0.000000000000000000e+00,0.000000000000000000e+00,0.000000000000000000e+00,-7.564881385461039542e+01,2.134346634129322684e+00
0.000000000000000000e+00,0.000000000000000000e+00,0.000000000000000000e+00,0.000000000000000000e+00,0.000000000000000000e+00,0.000000000000000000e+00,0.000000000000000000e+00,-5.499767429413207509e+01
0.000000000000000000e+00,0.000000000000000000e+00,0.000000000000000000e+00,0.000000000000000000e+00,0.000000000000000000e+00,0.000000000000000000e+00,0.000000000000000000e+00,0.000000000000000000e+00
