# mskridge,mskautoencoder,mskpca,tskridge,tskautoencoder,tskpca,pmridge,pmpca
0.000000000000000000e+00,-2.953328194864582201e+01,-1.163704703582687898e+02,1.945446569235177492e+01,1.136750091438476495e+01,-1.345434587748640070e+02,-1.802903597642772482e+01,-1.184633780581971081e+02
0.000000000000000000e+00,0.000000000000000000e+00,-1.164292071689983601e+02,2.960428078688950038e+01,2.398297721499240254e+01,-1.348456676208011515e+02,-1.639758723765972315e+00,-1.186803931463617374e+02
0.000000000000000000e+00,0.000000000000000000e+00,0.000000000000000000e+00,1.171886107825188930e+02,1.187854311793610833e+02,4.509604829870952791e+00,1.188736683061336805e+02,3.587040316398483952e+01
0.000000000000000000e+00,0.000000000000000000e+00,0.000000000000000000e+00,0.000000000000000000e+00,-1.534418373363606491e+01,-1.351362178837758563e+02,-5.051024291923541654e+01,-1.191895891546024160e+02
0.000000000000000000e+00,0.000000000000000000e+00,0.000000000000000000e+00,0.000000000000000000e+00,0.000000000000000000e+00,-1.371537597773516666e+02,-5.895792782015796973e+01,-1.210038289323575356e+02
0.000000000000000000e+00,0.000000000000000000e+00,0.000000000000000000e+00,0.000000000000000000e+00,0.000000000000000000e+00,0.000000000000000000e+00,1.377898302809107633e+02,2.484348922250527636e+01
0.000000000000000000e+00,0.000000000000000000e+00,0.000000000000000000e+00,0.000000000000000000e+00,0.000000000000000000e+00,0.000000000000000000e+00,0.000000000000000000e+00,-1.215560545827329406e+02
0.000000000000000000e+00,0.000000000000000000e+00,0.000000000000000000e+00,0.000000000000000000e+00,0.000000000000000000e+00,0.000000000000000000e+00,0.000000000000000000e+00,0.000000000000000000e+00
