# mskridge,mskautoencoder,mskpca,tskridge,tskautoencoder,tskpca,pmridge,pmpca
0.000000000000000000e+00,-2.928889448957963992e+01,-1.281380232539822543e+02,6.795965277699790974e+00,-4.705345081142349173e+00,-1.385065238943510053e+02,-5.890793199064685837e+01,-1.206474685904987041e+02
0.000000000000000000e+00,0.000000000000000000e+00,-1.283208918259824145e+02,1.948387301272699901e+01,1.060660522717590837e+01,-1.386515114529607331e+02,-4.728782746446182728e+01,-1.207356643884805862e+02
0.000000000000000000e+00,0.000000000000000000e+00,0.000000000000000000e+00,1.266545838543928255e+02,1.279061199180948734e+02,2.017455486983875801e+01,1.264548239837149168e+02,2.267754221882192311e+01
0.000000000000000000e+00,0.000000000000000000e+00,0.000000000000000000e+00,0.000000000000000000e+00,-2.007456936647297141e+01,-1.366098542003440173e+02,-7.302813334149333002e+01,-1.190376230105855342e+02
0.000000000000000000e+00,0.000000000000000000e+00,0.000000000000000000e+00,0.000000000000000000e+00,0.000000000000000000e+00,-1.377151271937690069e+02,-8.016552078107363855e+01,-1.201906839776358709e+02
0.000000000000000000e+00,0.000000000000000000e+00,0.000000000000000000e+00,0.000000000000000000e+00,0.000000000000000000e+00,0.000000000000000000e+00,1.359926038939291857e+02,7.636707438349280563e-01
0.000000000000000000e+00,0.000000000000000000e+00,0.000000000000000000e+00,0.000000000000000000e+00,0.000000000000000000e+00,0.000000000000000000e+00,0.000000000000000000e+00,-1.190697937798053232e+02
0.000000000000000000e+00,0.000000000000000000e+00,0.000000000000000000e+00,0.000000000000000000e+00,0.000000000000000000e+00,0.000000000000000000e+00,0.000000000000000000e+00,0.000000000000000000e+00
