# tskridge,tskvae,tskhar,mskridge,mskvae,mskhar,pmridge,pmhar
0.000000000000000000e+00,-9.945521355215164760e+01,7.894451907182340733e+01,-1.592581923638815589e+01,-1.035880134661410636e+02,8.221493724329609165e+01,-2.712330295857426421e+01,6.569686913152945351e+01
0.000000000000000000e+00,0.000000000000000000e+00,9.729403085129231954e+01,1.011315600615960761e+02,1.944833275189120414e+01,9.910355696540763404e+01,9.564707258020428071e+01,9.454735212515470266e+01
0.000000000000000000e+00,0.000000000000000000e+00,0.000000000000000000e+00,-5.168327513824397812e+01,-1.039791213012138371e+02,-1.240233155949673893e+01,-8.316313150269080268e+01,-2.457960431939313040e+01
0.000000000000000000e+00,0.000000000000000000e+00,0.000000000000000000e+00,0.000000000000000000e+00,-1.084737817282376113e+02,8.003810933725947052e+01,-2.294099808479422853e-01,5.910981140594542182e+01
0.000000000000000000e+00,0.000000000000000000e+00,0.000000000000000000e+00,0.000000000000000000e+00,0.000000000000000000e+00,1.055595014378930898e+02,1.001559256788305561e+02,9.827199271892057197e+01
0.000000000000000000e+00,0.000000000000000000e+00,0.000000000000000000e+00,0.000000000000000000e+00,0.000000000000000000e+00,0.000000000000000000e+00,-6.302916805631556230e+01,-1.126431049695015840e+00
0.000000000000000000e+00,0.000000000000000000e+00,0.000000000000000000e+00,0.000000000000000000e+00,0.000000000000000000e+00,0.000000000000000000e+00,0.000000000000000000e+00,8.405231406074936729e+01
0.000000000000000000e+00,0.000000000000000000e+00,0.000000000000000000e+00,0.000000000000000000e+00,0.000000000000000000e+00,0.000000000000000000e+00,0.000000000000000000e+00,0.000000000000000000e+00
