# tskridge,tskvae,tskhar,mskridge,mskvae,mskhar,pmridge,pmhar
0.000000000000000000e+00,-9.932267682088841809e+01,-8.239368302850463976e+01,-1.860485542103347001e+01,-6.881313734058392129e+01,-7.146847839010068526e+01,-4.005265202892514864e+00,-7.209539166783756059e+01
0.000000000000000000e+00,0.000000000000000000e+00,2.015589443321460283e+00,1.058477674477708348e+02,7.359283148351707382e-01,-4.793314529061356133e+00,9.539965126861777378e+01,2.279933885628295442e+01
0.000000000000000000e+00,0.000000000000000000e+00,0.000000000000000000e+00,-8.459736304133829776e+01,-9.301391235989768802e+01,-1.240233155949673893e+01,-8.950540953883785278e+01,-2.457960431939313040e+01
0.000000000000000000e+00,0.000000000000000000e+00,0.000000000000000000e+00,0.000000000000000000e+00,-8.232885218584928566e+01,-7.344185999161518907e+01,1.832963289309755339e+01,-6.846872598018806855e+01
0.000000000000000000e+00,0.000000000000000000e+00,0.000000000000000000e+00,0.000000000000000000e+00,0.000000000000000000e+00,-5.373845805835182787e+00,6.859915035475799527e+01,1.846585956279162488e+01
0.000000000000000000e+00,0.000000000000000000e+00,0.000000000000000000e+00,0.000000000000000000e+00,0.000000000000000000e+00,0.000000000000000000e+00,-8.993207376879277604e+01,-1.126431049695015840e+00
0.000000000000000000e+00,0.000000000000000000e+00,0.000000000000000000e+00,0.000000000000000000e+00,0.000000000000000000e+00,0.000000000000000000e+00,0.000000000000000000e+00,-7.484491065110128716e+01
0.000000000000000000e+00,0.000000000000000000e+00,0.000000000000000000e+00,0.000000000000000000e+00,0.000000000000000000e+00,0.000000000000000000e+00,0.000000000000000000e+00,0.000000000000000000e+00
