,models,rmse,rmsestd,r2:,r2std
0,pmridge,0.01256513198901659,0.010323586454973199,0.8960102564867414,0.05245929571348899
1,ridge,0.014433693055743803,0.009446995964237705,0.8849668439239078,0.07510760625737035
2,tskridge,0.012695206781020233,0.010036933866341139,0.8976433829542303,0.05773362488487189
3,mskridge,0.014666864461863735,0.009210895573231681,0.882970228136557,0.08004510422282704
