,models,rmse,rmsestd,r2:,r2std
0,pmridge,0.013862826550771522,0.009480390232328825,0.8958744684763821,0.05217968760129446
1,ridge,0.016885092129617536,0.009144681758848857,0.8641376372224453,0.07544223589576635
2,tskridge,0.014114318347683568,0.008985346629162304,0.8975243295116517,0.057697620633339025
3,mskridge,0.01495430689167677,0.008620319479309585,0.8916685455353516,0.06583451117894522
