,models,rmse,rmsestd,r2:,r2std
0,pmhar,0.012538794134903117,0.010905474416128916,0.8920282258830543,0.052292083659775716
1,har,0.013342555951523982,0.009652726750351146,0.8950846969458157,0.06013062275369359
2,tskridge,0.012695206781020233,0.010036933866341139,0.8976433829542303,0.05773362488487189
3,mskhar,0.013473551457707173,0.009717374467442657,0.8922252241926374,0.06369492484352439
