# ridge,plsridge,ctridge,ssviridge
0.000000000000000000e+00,-2.693761077261172421e+00,-6.908444289415234252e+00,1.228534838889466352e+00
0.000000000000000000e+00,0.000000000000000000e+00,-7.205967205230000339e+00,4.954077951960763393e+00
0.000000000000000000e+00,0.000000000000000000e+00,0.000000000000000000e+00,1.009689534510986064e+01
0.000000000000000000e+00,0.000000000000000000e+00,0.000000000000000000e+00,0.000000000000000000e+00
