# enet,plsenet,ctenet,ssvienet
0.000000000000000000e+00,6.758314072067780387e+01,3.173089835946971604e+01,6.343203901529889777e+01
0.000000000000000000e+00,0.000000000000000000e+00,-6.711923985615024435e+01,1.120233359275728979e+00
0.000000000000000000e+00,0.000000000000000000e+00,0.000000000000000000e+00,6.300620736868084748e+01
0.000000000000000000e+00,0.000000000000000000e+00,0.000000000000000000e+00,0.000000000000000000e+00
