# tsklasso,tsklassopca,tskplslasso,tsknslasso,tsklassohar,tsklassovae
0.000000000000000000e+00,nan,6.602675456094597450e+01,-6.525771580860022958e+00,2.067782622616045174e+01,nan
0.000000000000000000e+00,0.000000000000000000e+00,6.602675456094597450e+01,-6.525771580860022958e+00,2.067782622616045174e+01,nan
0.000000000000000000e+00,0.000000000000000000e+00,0.000000000000000000e+00,-6.602713234838159906e+01,-6.602256446475932705e+01,-6.604679045433206852e+01
0.000000000000000000e+00,0.000000000000000000e+00,0.000000000000000000e+00,0.000000000000000000e+00,2.528087567136436320e+01,6.319392117775892714e+00
0.000000000000000000e+00,0.000000000000000000e+00,0.000000000000000000e+00,0.000000000000000000e+00,0.000000000000000000e+00,-2.067782622616045174e+01
0.000000000000000000e+00,0.000000000000000000e+00,0.000000000000000000e+00,0.000000000000000000e+00,0.000000000000000000e+00,0.000000000000000000e+00
