# tskenet,tskplsenet,tsknsenet
0.000000000000000000e+00,4.801405237853904850e+01,-3.214569130001517294e+01
0.000000000000000000e+00,0.000000000000000000e+00,-4.802557261042446868e+01
0.000000000000000000e+00,0.000000000000000000e+00,0.000000000000000000e+00
