# pmridge,pmpca,pmplsridge,pmhar,pmvae
0.000000000000000000e+00,-6.869329858980142944e+01,-9.467065462683175170e+00,2.478620799224358073e+00,-6.167038902583954751e+01
0.000000000000000000e+00,0.000000000000000000e+00,8.511967553327544067e+01,6.890993617156154016e+01,-3.217420155272159832e+01
0.000000000000000000e+00,0.000000000000000000e+00,0.000000000000000000e+00,9.720848370513110126e+00,-7.594062722022759715e+01
0.000000000000000000e+00,0.000000000000000000e+00,0.000000000000000000e+00,0.000000000000000000e+00,-6.181125740418129055e+01
0.000000000000000000e+00,0.000000000000000000e+00,0.000000000000000000e+00,0.000000000000000000e+00,0.000000000000000000e+00
