# mskenet,mskplsenet,msknsenet
0.000000000000000000e+00,6.324981696504261208e+01,-5.128760922060944694e+01
0.000000000000000000e+00,0.000000000000000000e+00,-8.981038272897629327e+01
0.000000000000000000e+00,0.000000000000000000e+00,0.000000000000000000e+00
