# lasso,plslasso,ctlasso,ssvilasso
0.000000000000000000e+00,4.573084271714368754e+01,2.394821451155795256e+00,4.368715526728923493e+01
0.000000000000000000e+00,0.000000000000000000e+00,-4.572760677162503384e+01,1.593312456850433989e+00
0.000000000000000000e+00,0.000000000000000000e+00,0.000000000000000000e+00,4.368521274972378876e+01
0.000000000000000000e+00,0.000000000000000000e+00,0.000000000000000000e+00,0.000000000000000000e+00
