# pmenet,pmplsenet
0.000000000000000000e+00,6.678936437228007605e+01
0.000000000000000000e+00,0.000000000000000000e+00
