# ridge,plsridge,ctridge,ssviridge
0.000000000000000000e+00,2.678814801040334093e+00,-1.864020110138870834e+01,-7.311254966131890853e+00
0.000000000000000000e+00,0.000000000000000000e+00,-2.607171940799640097e+01,-1.087372887738526472e+01
0.000000000000000000e+00,0.000000000000000000e+00,0.000000000000000000e+00,1.911000046532124230e+01
0.000000000000000000e+00,0.000000000000000000e+00,0.000000000000000000e+00,0.000000000000000000e+00
