# msklasso,mskplslasso,msknslasso
0.000000000000000000e+00,4.525479343593901405e+01,-7.404590829353499259e+01
0.000000000000000000e+00,0.000000000000000000e+00,-9.940763395320507811e+01
0.000000000000000000e+00,0.000000000000000000e+00,0.000000000000000000e+00
