# enet,plsenet,ctenet,ssvienet
0.000000000000000000e+00,4.702452473195066318e+01,2.886085792372277581e+00,4.376498177754987040e+01
0.000000000000000000e+00,0.000000000000000000e+00,-4.700691304957453553e+01,7.645634196999990806e+00
0.000000000000000000e+00,0.000000000000000000e+00,0.000000000000000000e+00,4.375819369838288964e+01
0.000000000000000000e+00,0.000000000000000000e+00,0.000000000000000000e+00,0.000000000000000000e+00
