# pmenet,pmplsenet
0.000000000000000000e+00,6.858516233234914239e+01
0.000000000000000000e+00,0.000000000000000000e+00
