# msklasso,msklassopca,mskplslasso,msknslasso,msklassohar,msklassovae
0.000000000000000000e+00,nan,7.163026894768790953e+01,-1.840597567257840339e+01,3.354471281941979299e+01,nan
0.000000000000000000e+00,0.000000000000000000e+00,7.163026894768790953e+01,-1.840597567257840339e+01,3.354471281941979299e+01,nan
0.000000000000000000e+00,0.000000000000000000e+00,0.000000000000000000e+00,-4.397985639249912992e+01,-7.162775821506714635e+01,-7.163026894768790953e+01
0.000000000000000000e+00,0.000000000000000000e+00,0.000000000000000000e+00,0.000000000000000000e+00,1.840993927973172362e+01,1.840597567257840339e+01
0.000000000000000000e+00,0.000000000000000000e+00,0.000000000000000000e+00,0.000000000000000000e+00,0.000000000000000000e+00,-3.354471281941979299e+01
0.000000000000000000e+00,0.000000000000000000e+00,0.000000000000000000e+00,0.000000000000000000e+00,0.000000000000000000e+00,0.000000000000000000e+00
