# tskridge,tskplsridge,tsknsridge
0.000000000000000000e+00,-1.497218147740977834e+01,-9.935177066297148585e+00
0.000000000000000000e+00,0.000000000000000000e+00,1.763494503287737913e+01
0.000000000000000000e+00,0.000000000000000000e+00,0.000000000000000000e+00
