# msklasso,msklassopca,mskplslasso,msknslasso,msklassohar,msklassovae
0.000000000000000000e+00,nan,6.474660682678826618e+01,-3.105798256975943161e+01,2.067782622616045174e+01,nan
0.000000000000000000e+00,0.000000000000000000e+00,6.474660682678826618e+01,-3.105798256975943161e+01,2.067782622616045174e+01,nan
0.000000000000000000e+00,0.000000000000000000e+00,0.000000000000000000e+00,-4.630764576173257296e+01,-6.475251298271069800e+01,-6.477729675572101087e+01
0.000000000000000000e+00,0.000000000000000000e+00,0.000000000000000000e+00,0.000000000000000000e+00,3.120930464281020633e+01,3.119391047378146453e+01
0.000000000000000000e+00,0.000000000000000000e+00,0.000000000000000000e+00,0.000000000000000000e+00,0.000000000000000000e+00,-2.067782622616045174e+01
0.000000000000000000e+00,0.000000000000000000e+00,0.000000000000000000e+00,0.000000000000000000e+00,0.000000000000000000e+00,0.000000000000000000e+00
