# tsklasso,tskplslasso,tsknslasso
0.000000000000000000e+00,4.943583703097699100e+01,-3.180470127682057324e+01
0.000000000000000000e+00,0.000000000000000000e+00,-4.944766453851966048e+01
0.000000000000000000e+00,0.000000000000000000e+00,0.000000000000000000e+00
