# lasso,lassopca,plslasso,ctlasso,ssvilasso,lassohar,lassovae
0.000000000000000000e+00,2.578217136508460072e+01,6.504236773475881250e+01,3.140351051407022709e+01,6.274821715960422353e+01,2.067782622616045174e+01,-6.392129331676591164e+01
0.000000000000000000e+00,0.000000000000000000e+00,6.522703102204637560e+01,2.021544422274986630e+01,6.292220289970865110e+01,-1.664397072648155884e+01,-2.582888659964661571e+01
0.000000000000000000e+00,0.000000000000000000e+00,0.000000000000000000e+00,-6.461964432306643857e+01,-2.347622081031342489e+01,-6.503870364163584838e+01,-6.506398483143236433e+01
0.000000000000000000e+00,0.000000000000000000e+00,0.000000000000000000e+00,0.000000000000000000e+00,6.233030592721814145e+01,-2.788280185225407948e+01,-3.277371457010907108e+01
0.000000000000000000e+00,0.000000000000000000e+00,0.000000000000000000e+00,0.000000000000000000e+00,0.000000000000000000e+00,-6.276761196147763400e+01,-6.279484194188730584e+01
0.000000000000000000e+00,0.000000000000000000e+00,0.000000000000000000e+00,0.000000000000000000e+00,0.000000000000000000e+00,0.000000000000000000e+00,-2.067793084055642794e+01
0.000000000000000000e+00,0.000000000000000000e+00,0.000000000000000000e+00,0.000000000000000000e+00,0.000000000000000000e+00,0.000000000000000000e+00,0.000000000000000000e+00
