# mskridge,mskplsridge,msknsridge
0.000000000000000000e+00,-1.263240022518509420e+01,-9.376538509041054681e+00
0.000000000000000000e+00,0.000000000000000000e+00,1.487267927875590701e+01
0.000000000000000000e+00,0.000000000000000000e+00,0.000000000000000000e+00
