# pmridge,pmplsridge
0.000000000000000000e+00,-1.240502360387998593e+01
0.000000000000000000e+00,0.000000000000000000e+00
