# tsklasso,tskplslasso,tsknslasso
0.000000000000000000e+00,6.836270226030976005e+01,2.759639631048671404e+01
0.000000000000000000e+00,0.000000000000000000e+00,-6.833669485305942715e+01
0.000000000000000000e+00,0.000000000000000000e+00,0.000000000000000000e+00
