# mskridge,mskplsridge,msknsridge
0.000000000000000000e+00,-1.078912352328227442e+01,-1.011417556323925382e+01
0.000000000000000000e+00,0.000000000000000000e+00,1.059088300026861518e+01
0.000000000000000000e+00,0.000000000000000000e+00,0.000000000000000000e+00
