# tsklasso,tskplslasso,tsknslasso
0.000000000000000000e+00,6.602675456094596029e+01,-6.525771580861712273e+00
0.000000000000000000e+00,0.000000000000000000e+00,-6.602713234838161327e+01
0.000000000000000000e+00,0.000000000000000000e+00,0.000000000000000000e+00
