# pmenet,pmplsenet
0.000000000000000000e+00,4.994990062153537025e+01
0.000000000000000000e+00,0.000000000000000000e+00
