# enet,enetpca,plsenet,ctenet,ssvienet,enethar,enetvae
0.000000000000000000e+00,2.916489850299833719e+01,4.816539671185030613e+01,2.242205427012986263e+01,4.673213918763114805e+01,0.000000000000000000e+00,7.407307956302322793e+01
0.000000000000000000e+00,0.000000000000000000e+00,6.605324941348649759e+01,-2.863386531313664207e+01,6.428932704630267381e+01,0.000000000000000000e+00,-2.916489828576109744e+01
0.000000000000000000e+00,0.000000000000000000e+00,0.000000000000000000e+00,-4.781417672234807981e+01,-5.110302389862057204e+00,0.000000000000000000e+00,-4.816539657872320390e+01
0.000000000000000000e+00,0.000000000000000000e+00,0.000000000000000000e+00,0.000000000000000000e+00,4.639926882444962075e+01,0.000000000000000000e+00,-2.242204718435846189e+01
0.000000000000000000e+00,0.000000000000000000e+00,0.000000000000000000e+00,0.000000000000000000e+00,0.000000000000000000e+00,0.000000000000000000e+00,-4.673213905483785879e+01
0.000000000000000000e+00,0.000000000000000000e+00,0.000000000000000000e+00,0.000000000000000000e+00,0.000000000000000000e+00,0.000000000000000000e+00,0.000000000000000000e+00
0.000000000000000000e+00,0.000000000000000000e+00,0.000000000000000000e+00,0.000000000000000000e+00,0.000000000000000000e+00,0.000000000000000000e+00,0.000000000000000000e+00
