# lasso,plslasso,ctlasso,ssvilasso
0.000000000000000000e+00,4.704335846561809120e+01,2.886085792372277581e+00,4.376498177754987040e+01
0.000000000000000000e+00,0.000000000000000000e+00,-4.702570971192977112e+01,7.640387100467131098e+00
0.000000000000000000e+00,0.000000000000000000e+00,0.000000000000000000e+00,4.375819369838288964e+01
0.000000000000000000e+00,0.000000000000000000e+00,0.000000000000000000e+00,0.000000000000000000e+00
