# msklasso,mskplslasso,msknslasso
0.000000000000000000e+00,6.667949245793127488e+01,-3.688721822881851153e+01
0.000000000000000000e+00,0.000000000000000000e+00,-6.910523886142556194e+01
0.000000000000000000e+00,0.000000000000000000e+00,0.000000000000000000e+00
