# mskenet,mskenetpca,mskplsenet,msknsenet,mskenethar,mskenetvae
0.000000000000000000e+00,nan,5.185567030979743919e+01,-6.191295819991014326e+01,0.000000000000000000e+00,nan
0.000000000000000000e+00,0.000000000000000000e+00,5.185567030979743919e+01,-6.191295819991014326e+01,0.000000000000000000e+00,nan
0.000000000000000000e+00,0.000000000000000000e+00,0.000000000000000000e+00,-7.824447896225922250e+01,0.000000000000000000e+00,-5.185567030979743919e+01
0.000000000000000000e+00,0.000000000000000000e+00,0.000000000000000000e+00,0.000000000000000000e+00,0.000000000000000000e+00,6.191295819991014326e+01
0.000000000000000000e+00,0.000000000000000000e+00,0.000000000000000000e+00,0.000000000000000000e+00,0.000000000000000000e+00,0.000000000000000000e+00
0.000000000000000000e+00,0.000000000000000000e+00,0.000000000000000000e+00,0.000000000000000000e+00,0.000000000000000000e+00,0.000000000000000000e+00
