# tskridge,tskplsridge,tsknsridge
0.000000000000000000e+00,-1.193680708964965298e+01,-1.054815715908870466e+01
0.000000000000000000e+00,0.000000000000000000e+00,5.102194418303125367e+00
0.000000000000000000e+00,0.000000000000000000e+00,0.000000000000000000e+00
