# ridge,pca,plsridge,ctridge,ssviridge,har,vae
0.000000000000000000e+00,-2.156157140139082173e+01,-1.671233395484776096e+01,-2.735757387258795603e+01,-3.504096417029364829e+01,7.611294200057608705e+00,-1.362594992301245327e+02
0.000000000000000000e+00,0.000000000000000000e+00,-1.047300552558969500e+01,-2.394043109279653692e+01,-6.067566506956145744e+00,2.924285381608154566e+01,-1.345414489437470138e+02
0.000000000000000000e+00,0.000000000000000000e+00,0.000000000000000000e+00,-1.331698614804076364e+01,6.542603614644121102e+00,1.938519667160424120e+01,-1.334917957646378284e+02
0.000000000000000000e+00,0.000000000000000000e+00,0.000000000000000000e+00,0.000000000000000000e+00,1.910783945198586409e+01,3.016121945950990124e+01,-1.308404402204647567e+02
0.000000000000000000e+00,0.000000000000000000e+00,0.000000000000000000e+00,0.000000000000000000e+00,0.000000000000000000e+00,4.471235414292482346e+01,-1.347905392441071228e+02
0.000000000000000000e+00,0.000000000000000000e+00,0.000000000000000000e+00,0.000000000000000000e+00,0.000000000000000000e+00,0.000000000000000000e+00,-1.363304248757600305e+02
0.000000000000000000e+00,0.000000000000000000e+00,0.000000000000000000e+00,0.000000000000000000e+00,0.000000000000000000e+00,0.000000000000000000e+00,0.000000000000000000e+00
