# mskenet,mskenetpca,mskplsenet,msknsenet,mskenethar,mskenetvae
0.000000000000000000e+00,7.793528748099687675e+01,7.292553241414962883e+01,-4.940000031949207226e+01,3.056427528310128849e+01,-1.265850587596892751e+02
0.000000000000000000e+00,0.000000000000000000e+00,4.554605016337605861e+01,-7.064376377467986856e+01,-7.793616633754287193e+01,-1.290233628176108027e+02
0.000000000000000000e+00,0.000000000000000000e+00,0.000000000000000000e+00,-7.414665871244697826e+01,-7.292305805404130581e+01,-1.289942944209678330e+02
0.000000000000000000e+00,0.000000000000000000e+00,0.000000000000000000e+00,0.000000000000000000e+00,4.940488995415919504e+01,-5.388902115859321640e+01
0.000000000000000000e+00,0.000000000000000000e+00,0.000000000000000000e+00,0.000000000000000000e+00,0.000000000000000000e+00,-1.265659336071609431e+02
0.000000000000000000e+00,0.000000000000000000e+00,0.000000000000000000e+00,0.000000000000000000e+00,0.000000000000000000e+00,0.000000000000000000e+00
