# ridge,pca,plsridge,ctridge,ssviridge,har,vae
0.000000000000000000e+00,-1.776144321578715335e+01,-1.610369352891881434e+01,-2.099976360875779591e+01,-2.888970696089425516e+01,6.606284051535324053e+00,-1.362370565953386006e+02
0.000000000000000000e+00,0.000000000000000000e+00,-1.231826488665321406e+01,-1.832776121424834059e+01,-3.274526731466829599e+00,2.651884617527592880e+01,-1.344892648975396696e+02
0.000000000000000000e+00,0.000000000000000000e+00,0.000000000000000000e+00,-2.058326938251248350e+00,9.403810046212912610e+00,1.833384527340748349e+01,-1.325269039036523111e+02
0.000000000000000000e+00,0.000000000000000000e+00,0.000000000000000000e+00,0.000000000000000000e+00,1.397380589567751130e+01,2.405546333529849790e+01,-1.313349055222633979e+02
0.000000000000000000e+00,0.000000000000000000e+00,0.000000000000000000e+00,0.000000000000000000e+00,0.000000000000000000e+00,3.947261272141089705e+01,-1.348017074544242462e+02
0.000000000000000000e+00,0.000000000000000000e+00,0.000000000000000000e+00,0.000000000000000000e+00,0.000000000000000000e+00,0.000000000000000000e+00,-1.363406498836933451e+02
0.000000000000000000e+00,0.000000000000000000e+00,0.000000000000000000e+00,0.000000000000000000e+00,0.000000000000000000e+00,0.000000000000000000e+00,0.000000000000000000e+00
