# tskridge,tskpca,tskplsridge,tsknsridge,tskhar,tskvae
0.000000000000000000e+00,-1.037400278630076400e+02,-1.579292440250894636e+01,-1.195254479781862855e+01,5.967955928068675142e+00,-4.653761736484956657e+01
0.000000000000000000e+00,0.000000000000000000e+00,8.153247639626204091e+01,1.017299154306952431e+02,1.033871963090040538e+02,-1.947493361916299648e+01
0.000000000000000000e+00,0.000000000000000000e+00,0.000000000000000000e+00,1.742958573295323887e+01,1.726141162238374349e+01,-5.194011076362529167e+01
0.000000000000000000e+00,0.000000000000000000e+00,0.000000000000000000e+00,0.000000000000000000e+00,1.571061764200617361e+01,-4.839446385833263520e+01
0.000000000000000000e+00,0.000000000000000000e+00,0.000000000000000000e+00,0.000000000000000000e+00,0.000000000000000000e+00,-4.701103221874146953e+01
0.000000000000000000e+00,0.000000000000000000e+00,0.000000000000000000e+00,0.000000000000000000e+00,0.000000000000000000e+00,0.000000000000000000e+00
