# mskridge,mskplslasso,mskplsenet
0.000000000000000000e+00,-2.471774189801754318e+01,-1.810136977557312576e+01
0.000000000000000000e+00,0.000000000000000000e+00,7.470102545733807631e+01
0.000000000000000000e+00,0.000000000000000000e+00,0.000000000000000000e+00
