# pmridge,pmpca,pmplsridge,pmhar,pmvae
0.000000000000000000e+00,-1.280781512108846414e+02,-8.844917205982872233e+00,0.000000000000000000e+00,-6.649126579837363238e+01
0.000000000000000000e+00,0.000000000000000000e+00,1.263686397506896384e+02,0.000000000000000000e+00,-3.343203478130176620e+01
0.000000000000000000e+00,0.000000000000000000e+00,0.000000000000000000e+00,0.000000000000000000e+00,-6.651297138693404065e+01
0.000000000000000000e+00,0.000000000000000000e+00,0.000000000000000000e+00,0.000000000000000000e+00,0.000000000000000000e+00
0.000000000000000000e+00,0.000000000000000000e+00,0.000000000000000000e+00,0.000000000000000000e+00,0.000000000000000000e+00
