# tskenet,tskplsenet,tsknsenet
0.000000000000000000e+00,6.611936181594128925e+01,-6.525771580861712273e+00
0.000000000000000000e+00,0.000000000000000000e+00,-6.611959759651327317e+01
0.000000000000000000e+00,0.000000000000000000e+00,0.000000000000000000e+00
