# tsklasso,tskplslasso,tsknslasso
0.000000000000000000e+00,5.441060408556228367e+01,2.315859208556203086e+00
0.000000000000000000e+00,0.000000000000000000e+00,-5.440783410721905256e+01
0.000000000000000000e+00,0.000000000000000000e+00,0.000000000000000000e+00
