# mskenet,mskplsenet,msknsenet
0.000000000000000000e+00,5.416561367761574530e+01,-6.754646225915864477e+01
0.000000000000000000e+00,0.000000000000000000e+00,-9.347094243331336827e+01
0.000000000000000000e+00,0.000000000000000000e+00,0.000000000000000000e+00
