# pmridge,pmplslasso,pmplsenet
0.000000000000000000e+00,-1.140765946887566251e+01,-1.140765946887566251e+01
0.000000000000000000e+00,0.000000000000000000e+00,nan
0.000000000000000000e+00,0.000000000000000000e+00,0.000000000000000000e+00
