# tskenet,tskplsenet,tsknsenet
0.000000000000000000e+00,6.796656596926996485e+01,2.759639631048671404e+01
0.000000000000000000e+00,0.000000000000000000e+00,-6.794129357315313200e+01
0.000000000000000000e+00,0.000000000000000000e+00,0.000000000000000000e+00
