# pmenet,pmenetpca,pmplsenet,pmenethar,pmenetvae
0.000000000000000000e+00,nan,6.678936437228009027e+01,0.000000000000000000e+00,nan
0.000000000000000000e+00,0.000000000000000000e+00,6.678936437228009027e+01,0.000000000000000000e+00,nan
0.000000000000000000e+00,0.000000000000000000e+00,0.000000000000000000e+00,0.000000000000000000e+00,-6.678936437228009027e+01
0.000000000000000000e+00,0.000000000000000000e+00,0.000000000000000000e+00,0.000000000000000000e+00,0.000000000000000000e+00
0.000000000000000000e+00,0.000000000000000000e+00,0.000000000000000000e+00,0.000000000000000000e+00,0.000000000000000000e+00
