# mskenet,mskenetpca,mskplsenet,msknsenet,mskenethar,mskenetvae
0.000000000000000000e+00,nan,6.518254662436221736e+01,-4.365584337427269190e+01,2.067782622616045174e+01,nan
0.000000000000000000e+00,0.000000000000000000e+00,6.518254662436221736e+01,-4.365584337427269190e+01,2.067782622616045174e+01,nan
0.000000000000000000e+00,0.000000000000000000e+00,0.000000000000000000e+00,-6.752928039078459221e+01,-6.518598973280711562e+01,-6.521100021399394109e+01
0.000000000000000000e+00,0.000000000000000000e+00,0.000000000000000000e+00,0.000000000000000000e+00,4.401459360617263172e+01,4.397071256862250266e+01
0.000000000000000000e+00,0.000000000000000000e+00,0.000000000000000000e+00,0.000000000000000000e+00,0.000000000000000000e+00,-2.067782622616045174e+01
0.000000000000000000e+00,0.000000000000000000e+00,0.000000000000000000e+00,0.000000000000000000e+00,0.000000000000000000e+00,0.000000000000000000e+00
