# msklasso,msklassopca,mskplslasso,msknslasso,msklassohar,msklassovae
0.000000000000000000e+00,6.259560416246275594e+01,6.474660682678826618e+01,-3.105798256975943161e+01,2.067782622616045174e+01,-1.266612287768879099e+02
0.000000000000000000e+00,0.000000000000000000e+00,6.443344013252175273e+01,-3.224605378974442971e+01,-6.227656863189353942e+01,-1.279932057671411485e+02
0.000000000000000000e+00,0.000000000000000000e+00,0.000000000000000000e+00,-4.630764576173257296e+01,-6.475251298271069800e+01,-1.338993774678863815e+02
0.000000000000000000e+00,0.000000000000000000e+00,0.000000000000000000e+00,0.000000000000000000e+00,3.120930464281020633e+01,-3.437145439281237458e+01
0.000000000000000000e+00,0.000000000000000000e+00,0.000000000000000000e+00,0.000000000000000000e+00,0.000000000000000000e+00,-1.265659108097905374e+02
0.000000000000000000e+00,0.000000000000000000e+00,0.000000000000000000e+00,0.000000000000000000e+00,0.000000000000000000e+00,0.000000000000000000e+00
