# pmridge,pmpca,pmplsridge,pmhar,pmvae
0.000000000000000000e+00,-1.294554884996083217e+02,-1.066043266820393143e+01,0.000000000000000000e+00,-6.388848555655101791e+01
0.000000000000000000e+00,0.000000000000000000e+00,1.254316575036884842e+02,0.000000000000000000e+00,-3.371136662862350875e+01
0.000000000000000000e+00,0.000000000000000000e+00,0.000000000000000000e+00,0.000000000000000000e+00,-6.409443177487358412e+01
0.000000000000000000e+00,0.000000000000000000e+00,0.000000000000000000e+00,0.000000000000000000e+00,0.000000000000000000e+00
0.000000000000000000e+00,0.000000000000000000e+00,0.000000000000000000e+00,0.000000000000000000e+00,0.000000000000000000e+00
