# pmridge,pmpca,pmplsridge,pmhar,pmvae
0.000000000000000000e+00,-1.234633693843213536e+02,-1.089896754258309386e+01,1.139903879657099689e-01,-6.842493802754773924e+01
0.000000000000000000e+00,0.000000000000000000e+00,1.084920537988107725e+02,1.179306006638604174e+02,-3.399170391638639899e+01
0.000000000000000000e+00,0.000000000000000000e+00,0.000000000000000000e+00,1.143161199347653678e+01,-7.138679247219138801e+01
0.000000000000000000e+00,0.000000000000000000e+00,0.000000000000000000e+00,0.000000000000000000e+00,-6.945889688883210056e+01
0.000000000000000000e+00,0.000000000000000000e+00,0.000000000000000000e+00,0.000000000000000000e+00,0.000000000000000000e+00
