# tskenet,tskplsenet,tsknsenet
0.000000000000000000e+00,5.364151867658109296e+01,2.315859208556203086e+00
0.000000000000000000e+00,0.000000000000000000e+00,-5.363866186324579388e+01
0.000000000000000000e+00,0.000000000000000000e+00,0.000000000000000000e+00
