# ridge,plsridge,ctridge,ssviridge
0.000000000000000000e+00,-1.418170350994899209e+01,-1.172290010753121159e+01,-1.243315303757587564e+01
0.000000000000000000e+00,0.000000000000000000e+00,-2.550249683235982445e+00,1.022985530822437994e+01
0.000000000000000000e+00,0.000000000000000000e+00,0.000000000000000000e+00,8.633934520993255646e+00
0.000000000000000000e+00,0.000000000000000000e+00,0.000000000000000000e+00,0.000000000000000000e+00
