# mskenet,mskplsenet,msknsenet
0.000000000000000000e+00,5.764157511490002861e+01,-6.735492959192568208e+01
0.000000000000000000e+00,0.000000000000000000e+00,-7.970368721557312597e+01
0.000000000000000000e+00,0.000000000000000000e+00,0.000000000000000000e+00
