# mskridge,mskplslasso,mskplsenet
0.000000000000000000e+00,-1.608365345654451062e+01,-1.406272335310063504e+01
0.000000000000000000e+00,0.000000000000000000e+00,5.527014517976990504e+01
0.000000000000000000e+00,0.000000000000000000e+00,0.000000000000000000e+00
