# lasso,lassopca,plslasso,ctlasso,ssvilasso,lassohar,lassovae
0.000000000000000000e+00,3.226513746305062114e+01,6.759060371863942862e+01,3.173089835955258309e+01,6.343203900519957017e+01,0.000000000000000000e+00,-3.908451976759076985e+01
0.000000000000000000e+00,0.000000000000000000e+00,7.398614346657853957e+01,-2.994323815740784056e+01,6.874445284778433063e+01,0.000000000000000000e+00,-3.226513803638045630e+01
0.000000000000000000e+00,0.000000000000000000e+00,0.000000000000000000e+00,-6.712662135906002447e+01,1.122431687195226235e+00,0.000000000000000000e+00,-6.759060378080634734e+01
0.000000000000000000e+00,0.000000000000000000e+00,0.000000000000000000e+00,0.000000000000000000e+00,6.300620735715329346e+01,0.000000000000000000e+00,-3.173090805946466375e+01
0.000000000000000000e+00,0.000000000000000000e+00,0.000000000000000000e+00,0.000000000000000000e+00,0.000000000000000000e+00,0.000000000000000000e+00,-6.343203907423198018e+01
0.000000000000000000e+00,0.000000000000000000e+00,0.000000000000000000e+00,0.000000000000000000e+00,0.000000000000000000e+00,0.000000000000000000e+00,0.000000000000000000e+00
0.000000000000000000e+00,0.000000000000000000e+00,0.000000000000000000e+00,0.000000000000000000e+00,0.000000000000000000e+00,0.000000000000000000e+00,0.000000000000000000e+00
