# msklasso,mskplslasso,msknslasso
0.000000000000000000e+00,6.269949744576242523e+01,-5.869534122550404476e+01
0.000000000000000000e+00,0.000000000000000000e+00,-8.499832934811929874e+01
0.000000000000000000e+00,0.000000000000000000e+00,0.000000000000000000e+00
