# lasso,lassopca,plslasso,ctlasso,ssvilasso,lassohar,lassovae
0.000000000000000000e+00,6.669786405316069988e+01,6.848199366682166556e+01,3.287919898580770450e+01,6.348092905110524242e+01,3.056427528310128849e+01,-1.267233053992664367e+02
0.000000000000000000e+00,0.000000000000000000e+00,2.187504018728218469e+01,-6.614946193215176606e+01,1.240024911969911514e+01,-6.669318158959856646e+01,-1.289130738816584767e+02
0.000000000000000000e+00,0.000000000000000000e+00,0.000000000000000000e+00,-6.797534481144941765e+01,4.754801190022833524e+00,-6.847498600802924784e+01,-1.324786585601049467e+02
0.000000000000000000e+00,0.000000000000000000e+00,0.000000000000000000e+00,0.000000000000000000e+00,6.303655773191801615e+01,-3.157241552584287803e+01,-1.271704499951745930e+02
0.000000000000000000e+00,0.000000000000000000e+00,0.000000000000000000e+00,0.000000000000000000e+00,0.000000000000000000e+00,-6.347159162695276535e+01,-1.344036329645440446e+02
0.000000000000000000e+00,0.000000000000000000e+00,0.000000000000000000e+00,0.000000000000000000e+00,0.000000000000000000e+00,0.000000000000000000e+00,-1.267044698536919043e+02
0.000000000000000000e+00,0.000000000000000000e+00,0.000000000000000000e+00,0.000000000000000000e+00,0.000000000000000000e+00,0.000000000000000000e+00,0.000000000000000000e+00
