# pmridge,pmplslasso,pmplsenet
0.000000000000000000e+00,-9.492944463994504645e+00,-9.492944463994504645e+00
0.000000000000000000e+00,0.000000000000000000e+00,nan
0.000000000000000000e+00,0.000000000000000000e+00,0.000000000000000000e+00
