# tsklasso,tsklassopca,tskplslasso,tsknslasso,tsklassohar,tsklassovae
0.000000000000000000e+00,nan,7.071413376853072918e+01,-2.265987629781348822e+00,3.056427528310128849e+01,nan
0.000000000000000000e+00,0.000000000000000000e+00,7.071413376853072918e+01,-2.265987629781348822e+00,3.056427528310128849e+01,nan
0.000000000000000000e+00,0.000000000000000000e+00,0.000000000000000000e+00,-7.071379687624792609e+01,-7.070809577873298224e+01,-7.071413376853072918e+01
0.000000000000000000e+00,0.000000000000000000e+00,0.000000000000000000e+00,0.000000000000000000e+00,2.317661764359698751e+01,2.265987629781348822e+00
0.000000000000000000e+00,0.000000000000000000e+00,0.000000000000000000e+00,0.000000000000000000e+00,0.000000000000000000e+00,-3.056427528310128849e+01
0.000000000000000000e+00,0.000000000000000000e+00,0.000000000000000000e+00,0.000000000000000000e+00,0.000000000000000000e+00,0.000000000000000000e+00
