# enet,enetpca,plsenet,ctenet,ssvienet,enethar,enetvae
0.000000000000000000e+00,3.288044422506325759e+01,6.504517068993101248e+01,3.140351051407022709e+01,6.274821715960422353e+01,0.000000000000000000e+00,-6.410273939555594325e+01
0.000000000000000000e+00,0.000000000000000000e+00,8.880022879594484664e+01,-3.212799766758001141e+01,8.529467376471484386e+01,0.000000000000000000e+00,-3.288044481240059724e+01
0.000000000000000000e+00,0.000000000000000000e+00,0.000000000000000000e+00,-6.462256636360724826e+01,-2.362545464270679219e+01,0.000000000000000000e+00,-6.504517094574369196e+01
0.000000000000000000e+00,0.000000000000000000e+00,0.000000000000000000e+00,0.000000000000000000e+00,6.233030592721814145e+01,0.000000000000000000e+00,-3.140353412590929238e+01
0.000000000000000000e+00,0.000000000000000000e+00,0.000000000000000000e+00,0.000000000000000000e+00,0.000000000000000000e+00,0.000000000000000000e+00,-6.274821741935529218e+01
0.000000000000000000e+00,0.000000000000000000e+00,0.000000000000000000e+00,0.000000000000000000e+00,0.000000000000000000e+00,0.000000000000000000e+00,0.000000000000000000e+00
0.000000000000000000e+00,0.000000000000000000e+00,0.000000000000000000e+00,0.000000000000000000e+00,0.000000000000000000e+00,0.000000000000000000e+00,0.000000000000000000e+00
