# tskridge,tskpca,tskplsridge,tsknsridge,tskhar,tskvae
0.000000000000000000e+00,-1.057397908379546152e+02,-1.208124038416685408e+01,-1.002131344113311151e+01,-1.326235623668662766e+00,-7.377595001731002355e+01
0.000000000000000000e+00,0.000000000000000000e+00,1.017694612608203641e+02,1.011162199999560727e+02,1.019681902455325968e+02,2.378411821726427888e+01
0.000000000000000000e+00,0.000000000000000000e+00,0.000000000000000000e+00,1.164045088189608990e+01,1.277456330565564180e+01,-8.904782542313695615e+01
0.000000000000000000e+00,0.000000000000000000e+00,0.000000000000000000e+00,0.000000000000000000e+00,1.160957459931817226e+01,-8.383206730852568001e+01
0.000000000000000000e+00,0.000000000000000000e+00,0.000000000000000000e+00,0.000000000000000000e+00,0.000000000000000000e+00,-7.681511401200803846e+01
0.000000000000000000e+00,0.000000000000000000e+00,0.000000000000000000e+00,0.000000000000000000e+00,0.000000000000000000e+00,0.000000000000000000e+00
