# ridge,plslasso,plsenet
0.000000000000000000e+00,4.488772700028165197e+00,4.579098707793530565e+00
0.000000000000000000e+00,0.000000000000000000e+00,1.586282965050773974e+01
0.000000000000000000e+00,0.000000000000000000e+00,0.000000000000000000e+00
