# ridge,plslasso,plsenet
0.000000000000000000e+00,-1.608444770986335826e+01,-1.609025923240807998e+01
0.000000000000000000e+00,0.000000000000000000e+00,8.869185452503623779e+00
0.000000000000000000e+00,0.000000000000000000e+00,0.000000000000000000e+00
