# pmridge,mskridge,tskridge,ridge
0.000000000000000000e+00,-1.040826280554196970e+01,9.186922827954169257e-01,-7.028147049259334977e+00
0.000000000000000000e+00,0.000000000000000000e+00,1.527048940168691793e+01,1.178969556248152584e+00
0.000000000000000000e+00,0.000000000000000000e+00,0.000000000000000000e+00,-1.210344046608132906e+01
0.000000000000000000e+00,0.000000000000000000e+00,0.000000000000000000e+00,0.000000000000000000e+00
