# tskridge,tskpca,tskplsridge,tsknsridge,tskhar,tskvae
0.000000000000000000e+00,-1.354844466268602048e+02,-7.901746156528045795e+00,-1.155202399439589911e+01,0.000000000000000000e+00,-1.098523475521563597e+02
0.000000000000000000e+00,0.000000000000000000e+00,1.372260713058289525e+02,1.297792911465697330e+02,0.000000000000000000e+00,5.653543792119785394e+01
0.000000000000000000e+00,0.000000000000000000e+00,0.000000000000000000e+00,-3.990026010552097380e-01,0.000000000000000000e+00,-1.166431796002719068e+02
0.000000000000000000e+00,0.000000000000000000e+00,0.000000000000000000e+00,0.000000000000000000e+00,0.000000000000000000e+00,-1.217330006268594218e+02
0.000000000000000000e+00,0.000000000000000000e+00,0.000000000000000000e+00,0.000000000000000000e+00,0.000000000000000000e+00,0.000000000000000000e+00
0.000000000000000000e+00,0.000000000000000000e+00,0.000000000000000000e+00,0.000000000000000000e+00,0.000000000000000000e+00,0.000000000000000000e+00
