# ridge,pca,plsridge,ctridge,ssviridge,har,vae
0.000000000000000000e+00,-1.191563555820228544e+02,-1.130781569530954300e+01,-2.821667177888627975e+01,-4.420054656504682100e+01,0.000000000000000000e+00,-8.562759089178143768e+01
0.000000000000000000e+00,0.000000000000000000e+00,1.196356081130400639e+02,1.091725241044787964e+02,1.159778922777809242e+02,0.000000000000000000e+00,-6.267090312745159508e+01
0.000000000000000000e+00,0.000000000000000000e+00,0.000000000000000000e+00,-3.004238488091320747e+01,-1.513573332367188051e+01,0.000000000000000000e+00,-8.514098594388497077e+01
0.000000000000000000e+00,0.000000000000000000e+00,0.000000000000000000e+00,0.000000000000000000e+00,1.675346493577450602e+01,0.000000000000000000e+00,-8.335107016975905481e+01
0.000000000000000000e+00,0.000000000000000000e+00,0.000000000000000000e+00,0.000000000000000000e+00,0.000000000000000000e+00,0.000000000000000000e+00,-8.464068466311269390e+01
0.000000000000000000e+00,0.000000000000000000e+00,0.000000000000000000e+00,0.000000000000000000e+00,0.000000000000000000e+00,0.000000000000000000e+00,0.000000000000000000e+00
0.000000000000000000e+00,0.000000000000000000e+00,0.000000000000000000e+00,0.000000000000000000e+00,0.000000000000000000e+00,0.000000000000000000e+00,0.000000000000000000e+00
