# pmridge,pmplsridge
0.000000000000000000e+00,-1.089896754258309564e+01
0.000000000000000000e+00,0.000000000000000000e+00
