# msklasso,mskplslasso,msknslasso
0.000000000000000000e+00,6.474660682678828039e+01,-3.105798256975923621e+01
0.000000000000000000e+00,0.000000000000000000e+00,-4.630764576173228164e+01
0.000000000000000000e+00,0.000000000000000000e+00,0.000000000000000000e+00
