# ridge,plslasso,plsenet
0.000000000000000000e+00,-1.152667095056857427e+01,-1.142915012074970527e+01
0.000000000000000000e+00,0.000000000000000000e+00,1.688395337833508947e+01
0.000000000000000000e+00,0.000000000000000000e+00,0.000000000000000000e+00
