# msklasso,msklassopca,mskplslasso,msknslasso,msklassohar,msklassovae
0.000000000000000000e+00,nan,6.866756164951010533e+01,-6.385713504865511680e+01,2.144167334250788315e+01,nan
0.000000000000000000e+00,0.000000000000000000e+00,6.866756164951010533e+01,-6.385713504865511680e+01,2.144167334250788315e+01,nan
0.000000000000000000e+00,0.000000000000000000e+00,0.000000000000000000e+00,-8.866506644740610454e+01,-6.876887685051751475e+01,-6.878710689161117386e+01
0.000000000000000000e+00,0.000000000000000000e+00,0.000000000000000000e+00,0.000000000000000000e+00,6.407862209676339660e+01,6.405136260690659356e+01
0.000000000000000000e+00,0.000000000000000000e+00,0.000000000000000000e+00,0.000000000000000000e+00,0.000000000000000000e+00,-2.144167334250788315e+01
0.000000000000000000e+00,0.000000000000000000e+00,0.000000000000000000e+00,0.000000000000000000e+00,0.000000000000000000e+00,0.000000000000000000e+00
