# mskenet,mskplsenet,msknsenet
0.000000000000000000e+00,6.894972671713898649e+01,-4.780144134097185571e+01
0.000000000000000000e+00,0.000000000000000000e+00,-7.497665287284981162e+01
0.000000000000000000e+00,0.000000000000000000e+00,0.000000000000000000e+00
