# ridge,pca,plsridge,ctridge,ssviridge,har,vae
0.000000000000000000e+00,-1.262150667222862950e+02,-1.671233395484776096e+01,-2.735757387258795603e+01,-3.504096417029364829e+01,0.000000000000000000e+00,-8.302302337282513633e+01
0.000000000000000000e+00,0.000000000000000000e+00,9.930650911769463107e+01,8.839509794456940028e+01,1.150978938235873983e+02,0.000000000000000000e+00,-6.149333727925151294e+01
0.000000000000000000e+00,0.000000000000000000e+00,0.000000000000000000e+00,-1.331698614804076364e+01,6.542603614644121102e+00,0.000000000000000000e+00,-8.153953905044104999e+01
0.000000000000000000e+00,0.000000000000000000e+00,0.000000000000000000e+00,0.000000000000000000e+00,1.910783945198586409e+01,0.000000000000000000e+00,-8.042026648083711393e+01
0.000000000000000000e+00,0.000000000000000000e+00,0.000000000000000000e+00,0.000000000000000000e+00,0.000000000000000000e+00,0.000000000000000000e+00,-8.200892023758595428e+01
0.000000000000000000e+00,0.000000000000000000e+00,0.000000000000000000e+00,0.000000000000000000e+00,0.000000000000000000e+00,0.000000000000000000e+00,0.000000000000000000e+00
0.000000000000000000e+00,0.000000000000000000e+00,0.000000000000000000e+00,0.000000000000000000e+00,0.000000000000000000e+00,0.000000000000000000e+00,0.000000000000000000e+00
