# mskridge,mskpca,mskplsridge,msknsridge,mskhar,mskvae
0.000000000000000000e+00,-1.367940616871381962e+02,-1.312207663349453313e+01,-1.751713400007335508e+01,0.000000000000000000e+00,-1.069983945422690255e+02
0.000000000000000000e+00,0.000000000000000000e+00,1.253377390022941853e+02,1.348108443686657836e+02,0.000000000000000000e+00,7.329084534497269487e+01
0.000000000000000000e+00,0.000000000000000000e+00,0.000000000000000000e+00,4.663409559940518534e+00,0.000000000000000000e+00,-1.177902264402842292e+02
0.000000000000000000e+00,0.000000000000000000e+00,0.000000000000000000e+00,0.000000000000000000e+00,0.000000000000000000e+00,-1.297959265859784637e+02
0.000000000000000000e+00,0.000000000000000000e+00,0.000000000000000000e+00,0.000000000000000000e+00,0.000000000000000000e+00,0.000000000000000000e+00
0.000000000000000000e+00,0.000000000000000000e+00,0.000000000000000000e+00,0.000000000000000000e+00,0.000000000000000000e+00,0.000000000000000000e+00
