# pmenet,pmplsenet
0.000000000000000000e+00,6.445824005241384214e+01
0.000000000000000000e+00,0.000000000000000000e+00
