# pmridge,pmplsridge
0.000000000000000000e+00,-9.467065462683175170e+00
0.000000000000000000e+00,0.000000000000000000e+00
