# tsklasso,tskplslasso,tsknslasso
0.000000000000000000e+00,4.894786127911055473e+01,-3.214569130001517294e+01
0.000000000000000000e+00,0.000000000000000000e+00,-4.895971550987083987e+01
0.000000000000000000e+00,0.000000000000000000e+00,0.000000000000000000e+00
