# mskenet,mskenetpca,mskplsenet,msknsenet,mskenethar,mskenetvae
0.000000000000000000e+00,nan,7.292553241414962883e+01,-4.940000031949207226e+01,3.056427528310128849e+01,nan
0.000000000000000000e+00,0.000000000000000000e+00,7.292553241414962883e+01,-4.940000031949207226e+01,3.056427528310128849e+01,nan
0.000000000000000000e+00,0.000000000000000000e+00,0.000000000000000000e+00,-7.414665871244697826e+01,-7.292305805404130581e+01,-7.292553241414962883e+01
0.000000000000000000e+00,0.000000000000000000e+00,0.000000000000000000e+00,0.000000000000000000e+00,4.940488995415919504e+01,4.940000031949207226e+01
0.000000000000000000e+00,0.000000000000000000e+00,0.000000000000000000e+00,0.000000000000000000e+00,0.000000000000000000e+00,-3.056427528310128849e+01
0.000000000000000000e+00,0.000000000000000000e+00,0.000000000000000000e+00,0.000000000000000000e+00,0.000000000000000000e+00,0.000000000000000000e+00
