# pmridge,pmplsridge
0.000000000000000000e+00,-9.659747800451871313e+00
0.000000000000000000e+00,0.000000000000000000e+00
