# pmlasso,pmplslasso
0.000000000000000000e+00,7.532992879938532838e+01
0.000000000000000000e+00,0.000000000000000000e+00
