# msklasso,mskplslasso,msknslasso
0.000000000000000000e+00,4.864292375109855726e+01,-8.436190357275066276e+01
0.000000000000000000e+00,0.000000000000000000e+00,-1.018768563198933634e+02
0.000000000000000000e+00,0.000000000000000000e+00,0.000000000000000000e+00
