# pmridge,pmplsridge
0.000000000000000000e+00,-1.140765946887566429e+01
0.000000000000000000e+00,0.000000000000000000e+00
