# ridge,plslasso,plsenet
0.000000000000000000e+00,-2.669450704609384051e+00,-2.680576498202813074e+00
0.000000000000000000e+00,0.000000000000000000e+00,-6.284354596048974395e-01
0.000000000000000000e+00,0.000000000000000000e+00,0.000000000000000000e+00
