# ridge,plsridge,ctridge,ssviridge
0.000000000000000000e+00,4.610489515764205848e+00,-1.084323688311773282e+01,3.562968920177279397e+00
0.000000000000000000e+00,0.000000000000000000e+00,-1.674823026578472707e+01,-4.022509408996718605e+00
0.000000000000000000e+00,0.000000000000000000e+00,0.000000000000000000e+00,1.509738437167553293e+01
0.000000000000000000e+00,0.000000000000000000e+00,0.000000000000000000e+00,0.000000000000000000e+00
