# pmhar,pmplslasso,pmplsenet
0.000000000000000000e+00,-1.101053449319514543e+00,-1.101053449319514543e+00
0.000000000000000000e+00,0.000000000000000000e+00,nan
0.000000000000000000e+00,0.000000000000000000e+00,0.000000000000000000e+00
