# pmridge,pmpca,pmplsridge,pmhar,pmvae
0.000000000000000000e+00,-1.234633693843213536e+02,-1.089896754258309386e+01,0.000000000000000000e+00,-6.834415709000113281e+01
0.000000000000000000e+00,0.000000000000000000e+00,1.084920537988107725e+02,0.000000000000000000e+00,-3.397375603841268799e+01
0.000000000000000000e+00,0.000000000000000000e+00,0.000000000000000000e+00,0.000000000000000000e+00,-7.128663545083145436e+01
0.000000000000000000e+00,0.000000000000000000e+00,0.000000000000000000e+00,0.000000000000000000e+00,0.000000000000000000e+00
0.000000000000000000e+00,0.000000000000000000e+00,0.000000000000000000e+00,0.000000000000000000e+00,0.000000000000000000e+00
