# mskenet,mskplsenet,msknsenet
0.000000000000000000e+00,4.532317422618210401e+01,-6.774918237076032312e+01
0.000000000000000000e+00,0.000000000000000000e+00,-9.705100745774706184e+01
0.000000000000000000e+00,0.000000000000000000e+00,0.000000000000000000e+00
