# pmridge,pmplsridge
0.000000000000000000e+00,-9.415820782467841710e+00
0.000000000000000000e+00,0.000000000000000000e+00
