# ridge,plsridge,ctridge,ssviridge
0.000000000000000000e+00,-1.526381628513181932e+00,-5.586564045160948844e+00,7.621736406880534886e+00
0.000000000000000000e+00,0.000000000000000000e+00,-6.487562773191691612e+00,7.358068744246183179e+00
0.000000000000000000e+00,0.000000000000000000e+00,0.000000000000000000e+00,1.271546568432548341e+01
0.000000000000000000e+00,0.000000000000000000e+00,0.000000000000000000e+00,0.000000000000000000e+00
