# mskridge,mskplsridge,msknsridge
0.000000000000000000e+00,-1.046518278447845240e+01,-9.700594295289775459e+00
0.000000000000000000e+00,0.000000000000000000e+00,1.017712636965089779e+01
0.000000000000000000e+00,0.000000000000000000e+00,0.000000000000000000e+00
