# ridge,plsridge,ctridge,ssviridge
0.000000000000000000e+00,-1.747034268084204101e+01,-1.476943502609328185e+01,-1.973098863008197767e+01
0.000000000000000000e+00,0.000000000000000000e+00,-7.802855199662750429e+00,7.840158638545763559e+00
0.000000000000000000e+00,0.000000000000000000e+00,0.000000000000000000e+00,9.741910973811480190e+00
0.000000000000000000e+00,0.000000000000000000e+00,0.000000000000000000e+00,0.000000000000000000e+00
