# pmridge,pmpca,pmplsridge,pmhar,pmvae
0.000000000000000000e+00,-1.224576424343328398e+02,-1.097011292533610494e+01,0.000000000000000000e+00,-6.597767900644616645e+01
0.000000000000000000e+00,0.000000000000000000e+00,1.022128586249588693e+02,0.000000000000000000e+00,-3.473304201581515827e+01
0.000000000000000000e+00,0.000000000000000000e+00,0.000000000000000000e+00,0.000000000000000000e+00,-6.933531310805919645e+01
0.000000000000000000e+00,0.000000000000000000e+00,0.000000000000000000e+00,0.000000000000000000e+00,0.000000000000000000e+00
0.000000000000000000e+00,0.000000000000000000e+00,0.000000000000000000e+00,0.000000000000000000e+00,0.000000000000000000e+00
