# mskridge,mskpca,mskplsridge,msknsridge,mskhar,mskvae
0.000000000000000000e+00,-5.990982097092067704e+01,-1.175399424881480392e+01,-1.043308776324982112e+01,2.263154898594816888e+00,-7.461924679015241679e+01
0.000000000000000000e+00,0.000000000000000000e+00,6.898644052801326154e+01,6.278701477571802769e+01,6.110150172099458388e+01,2.684093586111499619e+01
0.000000000000000000e+00,0.000000000000000000e+00,0.000000000000000000e+00,1.157787925046691591e+01,1.268620880917856830e+01,-8.481685821301272199e+01
0.000000000000000000e+00,0.000000000000000000e+00,0.000000000000000000e+00,0.000000000000000000e+00,1.392659298085546560e+01,-8.587118073604176516e+01
0.000000000000000000e+00,0.000000000000000000e+00,0.000000000000000000e+00,0.000000000000000000e+00,0.000000000000000000e+00,-7.804125438009965876e+01
0.000000000000000000e+00,0.000000000000000000e+00,0.000000000000000000e+00,0.000000000000000000e+00,0.000000000000000000e+00,0.000000000000000000e+00
