# lasso,lassopca,plslasso,ctlasso,ssvilasso,lassohar,lassovae
0.000000000000000000e+00,3.945180400216167982e+01,6.848199366682166556e+01,3.287919898580770450e+01,6.348092905110524242e+01,3.056427528310128849e+01,-8.119429618309251140e+00
0.000000000000000000e+00,0.000000000000000000e+00,7.920332635533171128e+01,-3.835188550209242919e+01,6.997613347037516007e+01,-3.941838455234775296e+01,-3.945180399476700472e+01
0.000000000000000000e+00,0.000000000000000000e+00,0.000000000000000000e+00,-6.797534481144941765e+01,4.754801190022833524e+00,-6.847498600802924784e+01,-6.848199366119902720e+01
0.000000000000000000e+00,0.000000000000000000e+00,0.000000000000000000e+00,0.000000000000000000e+00,6.303655773191801615e+01,-3.157241552584287803e+01,-3.287919808002799726e+01
0.000000000000000000e+00,0.000000000000000000e+00,0.000000000000000000e+00,0.000000000000000000e+00,0.000000000000000000e+00,-6.347159162695276535e+01,-6.348092904504959222e+01
0.000000000000000000e+00,0.000000000000000000e+00,0.000000000000000000e+00,0.000000000000000000e+00,0.000000000000000000e+00,0.000000000000000000e+00,-3.056429905807990721e+01
0.000000000000000000e+00,0.000000000000000000e+00,0.000000000000000000e+00,0.000000000000000000e+00,0.000000000000000000e+00,0.000000000000000000e+00,0.000000000000000000e+00
