# tskenet,tskplsenet,tsknsenet
0.000000000000000000e+00,5.268661429759968939e+01,1.912961980768437931e+00
0.000000000000000000e+00,0.000000000000000000e+00,-5.268484055285363610e+01
0.000000000000000000e+00,0.000000000000000000e+00,0.000000000000000000e+00
