# ridge,plslasso,plsenet
0.000000000000000000e+00,7.832819453011786059e+00,7.863589262467100660e+00
0.000000000000000000e+00,0.000000000000000000e+00,5.730966061921540344e+00
0.000000000000000000e+00,0.000000000000000000e+00,0.000000000000000000e+00
