# enet,plsenet,ctenet,ssvienet
0.000000000000000000e+00,4.955050434054566466e+01,2.284737204570566860e+01,4.673250821917431352e+01
0.000000000000000000e+00,0.000000000000000000e+00,-4.916840174125259466e+01,2.203196127432577978e+00
0.000000000000000000e+00,0.000000000000000000e+00,0.000000000000000000e+00,4.639098698742030535e+01
0.000000000000000000e+00,0.000000000000000000e+00,0.000000000000000000e+00,0.000000000000000000e+00
