# enet,enetpca,plsenet,ctenet,ssvienet,enethar,enetvae
0.000000000000000000e+00,3.779598526480466347e+01,6.847525888463327703e+01,3.287919898580770450e+01,6.348092905110524242e+01,3.056427528310128849e+01,-8.119429618309251140e+00
0.000000000000000000e+00,0.000000000000000000e+00,9.680102771064420608e+01,-3.710958072615645165e+01,8.005852564983982234e+01,-3.777850111494624485e+01,-3.779598526193429819e+01
0.000000000000000000e+00,0.000000000000000000e+00,0.000000000000000000e+00,-6.796874586784839778e+01,4.744195485629711051e+00,-6.846824525545576989e+01,-6.847525887901294084e+01
0.000000000000000000e+00,0.000000000000000000e+00,0.000000000000000000e+00,0.000000000000000000e+00,6.303655773191801615e+01,-3.157241552584287803e+01,-3.287919808002799726e+01
0.000000000000000000e+00,0.000000000000000000e+00,0.000000000000000000e+00,0.000000000000000000e+00,0.000000000000000000e+00,-6.347159162695276535e+01,-6.348092904504959222e+01
0.000000000000000000e+00,0.000000000000000000e+00,0.000000000000000000e+00,0.000000000000000000e+00,0.000000000000000000e+00,0.000000000000000000e+00,-3.056429905807990721e+01
0.000000000000000000e+00,0.000000000000000000e+00,0.000000000000000000e+00,0.000000000000000000e+00,0.000000000000000000e+00,0.000000000000000000e+00,0.000000000000000000e+00
