# pmhar,tskridge,mskhar,har
0.000000000000000000e+00,1.551532680116927132e+00,-4.369705207416617609e-01,1.763673318218833996e+00
0.000000000000000000e+00,0.000000000000000000e+00,-4.860439427616071839e+00,8.304163933064903080e-01
0.000000000000000000e+00,0.000000000000000000e+00,0.000000000000000000e+00,5.964932678230079333e+00
0.000000000000000000e+00,0.000000000000000000e+00,0.000000000000000000e+00,0.000000000000000000e+00
