# tskridge,tskplsridge,tsknsridge
0.000000000000000000e+00,-7.901746156528045795e+00,-1.155202399439589200e+01
0.000000000000000000e+00,0.000000000000000000e+00,-3.990026010552237823e-01
0.000000000000000000e+00,0.000000000000000000e+00,0.000000000000000000e+00
