# lasso,plslasso,ctlasso,ssvilasso
0.000000000000000000e+00,6.230471925360905061e+01,4.483830081201374895e+01,6.154580700560394746e+01
0.000000000000000000e+00,0.000000000000000000e+00,-6.206447916048052349e+01,-1.773535093565348575e+01
0.000000000000000000e+00,0.000000000000000000e+00,0.000000000000000000e+00,6.130247140208145140e+01
0.000000000000000000e+00,0.000000000000000000e+00,0.000000000000000000e+00,0.000000000000000000e+00
