# mskridge,mskpca,mskplsridge,msknsridge,mskhar,mskvae
0.000000000000000000e+00,-6.034718594693194404e+01,-1.273107999621639230e+01,-8.606981327742312615e+00,2.265502593306148782e+00,-4.961999849711513377e+01
0.000000000000000000e+00,0.000000000000000000e+00,7.229634203607598408e+01,6.448389009869340782e+01,6.116802063072240259e+01,3.584502553394628421e+01
0.000000000000000000e+00,0.000000000000000000e+00,0.000000000000000000e+00,1.368538178631466096e+01,1.342603023149020203e+01,-1.145297582083957337e+02
0.000000000000000000e+00,0.000000000000000000e+00,0.000000000000000000e+00,0.000000000000000000e+00,1.050531046146463510e+01,-5.823542878089196506e+01
0.000000000000000000e+00,0.000000000000000000e+00,0.000000000000000000e+00,0.000000000000000000e+00,0.000000000000000000e+00,-5.124103631054195063e+01
0.000000000000000000e+00,0.000000000000000000e+00,0.000000000000000000e+00,0.000000000000000000e+00,0.000000000000000000e+00,0.000000000000000000e+00
