# tskenet,tskplsenet,tsknsenet
0.000000000000000000e+00,4.865789785698239456e+01,-3.180470127682057324e+01
0.000000000000000000e+00,0.000000000000000000e+00,-4.866945916579305731e+01
0.000000000000000000e+00,0.000000000000000000e+00,0.000000000000000000e+00
