# lasso,plslasso,ctlasso,ssvilasso
0.000000000000000000e+00,6.266763086406686512e+01,4.517095487120086972e+01,6.198141776939848313e+01
0.000000000000000000e+00,0.000000000000000000e+00,-6.241961931050922630e+01,-1.097324945143300923e+01
0.000000000000000000e+00,0.000000000000000000e+00,0.000000000000000000e+00,6.173306391427498596e+01
0.000000000000000000e+00,0.000000000000000000e+00,0.000000000000000000e+00,0.000000000000000000e+00
