# mskridge,mskpca,mskplsridge,msknsridge,mskhar,mskvae
0.000000000000000000e+00,-9.879973245267848370e+01,-1.259973479152584552e+01,-1.173230584630455198e+01,3.541515326579223188e+00,-9.149095541879162852e+01
0.000000000000000000e+00,0.000000000000000000e+00,9.979621852225996292e+01,1.048603291974890368e+02,1.002664417477902106e+02,6.074421643896134526e+01
0.000000000000000000e+00,0.000000000000000000e+00,0.000000000000000000e+00,1.218267473690849556e+01,1.502771379819047226e+01,-1.232915658090426803e+02
0.000000000000000000e+00,0.000000000000000000e+00,0.000000000000000000e+00,0.000000000000000000e+00,1.595701061082289662e+01,-1.241812009167540225e+02
0.000000000000000000e+00,0.000000000000000000e+00,0.000000000000000000e+00,0.000000000000000000e+00,0.000000000000000000e+00,-9.993020733671529854e+01
0.000000000000000000e+00,0.000000000000000000e+00,0.000000000000000000e+00,0.000000000000000000e+00,0.000000000000000000e+00,0.000000000000000000e+00
