# tskridge,tskplsridge,tsknsridge
0.000000000000000000e+00,-1.468721990626852936e+01,-1.557446727602373748e+01
0.000000000000000000e+00,0.000000000000000000e+00,-3.568635606873023836e+00
0.000000000000000000e+00,0.000000000000000000e+00,0.000000000000000000e+00
