# pmridge,pmplsridge
0.000000000000000000e+00,-1.213186611826918870e+01
0.000000000000000000e+00,0.000000000000000000e+00
