# mskridge,mskpca,mskplsridge,msknsridge,mskhar,mskvae
0.000000000000000000e+00,-9.186604337581108837e+01,-9.627406767521122788e+00,-9.191396773519660002e+00,0.000000000000000000e+00,-5.303434877059243036e+01
0.000000000000000000e+00,0.000000000000000000e+00,9.149686877125544981e+01,9.998030083512854560e+01,0.000000000000000000e+00,6.060794269205315032e+01
0.000000000000000000e+00,0.000000000000000000e+00,0.000000000000000000e+00,8.187727728555318052e+00,0.000000000000000000e+00,-1.028792359836240564e+02
0.000000000000000000e+00,0.000000000000000000e+00,0.000000000000000000e+00,0.000000000000000000e+00,0.000000000000000000e+00,-8.477907987034359394e+01
0.000000000000000000e+00,0.000000000000000000e+00,0.000000000000000000e+00,0.000000000000000000e+00,0.000000000000000000e+00,0.000000000000000000e+00
0.000000000000000000e+00,0.000000000000000000e+00,0.000000000000000000e+00,0.000000000000000000e+00,0.000000000000000000e+00,0.000000000000000000e+00
