# ridge,plsridge,ctridge,ssviridge
0.000000000000000000e+00,-1.610369352890449335e+01,-2.099976360874849490e+01,-2.888970648319592982e+01
0.000000000000000000e+00,0.000000000000000000e+00,-2.058326938252838634e+00,9.403810466359464826e+00
0.000000000000000000e+00,0.000000000000000000e+00,0.000000000000000000e+00,1.397380638356737137e+01
0.000000000000000000e+00,0.000000000000000000e+00,0.000000000000000000e+00,0.000000000000000000e+00
