# pmenet,pmenetpca,pmplsenet,pmenethar,pmenetvae
0.000000000000000000e+00,nan,7.063892328500458007e+01,0.000000000000000000e+00,nan
0.000000000000000000e+00,0.000000000000000000e+00,7.063892328500458007e+01,0.000000000000000000e+00,nan
0.000000000000000000e+00,0.000000000000000000e+00,0.000000000000000000e+00,0.000000000000000000e+00,-7.063892328500458007e+01
0.000000000000000000e+00,0.000000000000000000e+00,0.000000000000000000e+00,0.000000000000000000e+00,0.000000000000000000e+00
0.000000000000000000e+00,0.000000000000000000e+00,0.000000000000000000e+00,0.000000000000000000e+00,0.000000000000000000e+00
