# pmridge,pmplsridge
0.000000000000000000e+00,-9.492944463994499316e+00
0.000000000000000000e+00,0.000000000000000000e+00
