# tskenet,tskenetpca,tskplsenet,tsknsenet,tskenethar,tskenetvae
0.000000000000000000e+00,7.422814475782570298e+01,7.028849350016498931e+01,-2.265987629781348822e+00,3.056427528310128849e+01,-1.247047804694229285e+02
0.000000000000000000e+00,0.000000000000000000e+00,3.194331258224467263e+01,-7.422961472450363374e+01,-7.422873934811917707e+01,-1.260926312354542631e+02
0.000000000000000000e+00,0.000000000000000000e+00,0.000000000000000000e+00,-7.028800854834832990e+01,-7.028211775588724208e+01,-1.304401856814698704e+02
0.000000000000000000e+00,0.000000000000000000e+00,0.000000000000000000e+00,0.000000000000000000e+00,2.317661764359698751e+01,-1.247003144338287370e+02
0.000000000000000000e+00,0.000000000000000000e+00,0.000000000000000000e+00,0.000000000000000000e+00,0.000000000000000000e+00,-1.246852183613496976e+02
0.000000000000000000e+00,0.000000000000000000e+00,0.000000000000000000e+00,0.000000000000000000e+00,0.000000000000000000e+00,0.000000000000000000e+00
