# mskridge,mskplsridge,msknsridge
0.000000000000000000e+00,-1.259973479152586151e+01,-1.173230584638996810e+01
0.000000000000000000e+00,0.000000000000000000e+00,1.218267473683607349e+01
0.000000000000000000e+00,0.000000000000000000e+00,0.000000000000000000e+00
