# tsklasso,tskplslasso,tsknslasso
0.000000000000000000e+00,5.347643138050039369e+01,1.912961980768437931e+00
0.000000000000000000e+00,0.000000000000000000e+00,-5.347475751030136593e+01
0.000000000000000000e+00,0.000000000000000000e+00,0.000000000000000000e+00
