# tskridge,tskplsridge,tsknsridge
0.000000000000000000e+00,-1.326818104725749414e+01,-9.826799171506825914e+00
0.000000000000000000e+00,0.000000000000000000e+00,1.449013234128020500e+01
0.000000000000000000e+00,0.000000000000000000e+00,0.000000000000000000e+00
