# enet,enetpca,plsenet,ctenet,ssvienet,enethar,enetvae
0.000000000000000000e+00,6.734396757910853637e+01,6.847525888463327703e+01,3.287919898580770450e+01,6.348092905110524242e+01,3.056427528310128849e+01,-1.267233053992664367e+02
0.000000000000000000e+00,0.000000000000000000e+00,1.649647227984673847e+01,-6.682720988137171503e+01,8.387103194046249044e+00,-6.733773037870165012e+01,-1.311185345983943193e+02
0.000000000000000000e+00,0.000000000000000000e+00,0.000000000000000000e+00,-6.796874586784839778e+01,4.744195485629711051e+00,-6.846824525545576989e+01,-1.324828516261586344e+02
0.000000000000000000e+00,0.000000000000000000e+00,0.000000000000000000e+00,0.000000000000000000e+00,6.303655773191801615e+01,-3.157241552584287803e+01,-1.271704499951745930e+02
0.000000000000000000e+00,0.000000000000000000e+00,0.000000000000000000e+00,0.000000000000000000e+00,0.000000000000000000e+00,-6.347159162695276535e+01,-1.344036329645440446e+02
0.000000000000000000e+00,0.000000000000000000e+00,0.000000000000000000e+00,0.000000000000000000e+00,0.000000000000000000e+00,0.000000000000000000e+00,-1.267044698536919043e+02
0.000000000000000000e+00,0.000000000000000000e+00,0.000000000000000000e+00,0.000000000000000000e+00,0.000000000000000000e+00,0.000000000000000000e+00,0.000000000000000000e+00
