# mskridge,mskpca,mskplsridge,msknsridge,mskhar,mskvae
0.000000000000000000e+00,-9.879973245267848370e+01,-1.259973479152584552e+01,-1.173230584630455198e+01,0.000000000000000000e+00,-9.164260517823613839e+01
0.000000000000000000e+00,0.000000000000000000e+00,9.979621852225996292e+01,1.048603291974890368e+02,0.000000000000000000e+00,6.049403399703413697e+01
0.000000000000000000e+00,0.000000000000000000e+00,0.000000000000000000e+00,1.218267473690849556e+01,0.000000000000000000e+00,-1.235147398180635037e+02
0.000000000000000000e+00,0.000000000000000000e+00,0.000000000000000000e+00,0.000000000000000000e+00,0.000000000000000000e+00,-1.243491120841815700e+02
0.000000000000000000e+00,0.000000000000000000e+00,0.000000000000000000e+00,0.000000000000000000e+00,0.000000000000000000e+00,0.000000000000000000e+00
0.000000000000000000e+00,0.000000000000000000e+00,0.000000000000000000e+00,0.000000000000000000e+00,0.000000000000000000e+00,0.000000000000000000e+00
