# tskenet,tskplsenet,tsknsenet
0.000000000000000000e+00,5.059043969273368901e+01,1.707592034873023801e+00
0.000000000000000000e+00,0.000000000000000000e+00,-5.058775299262454439e+01
0.000000000000000000e+00,0.000000000000000000e+00,0.000000000000000000e+00
