# lasso,lassopca,plslasso,ctlasso,ssvilasso,lassohar,lassovae
0.000000000000000000e+00,3.226513746305062114e+01,6.759060371863942862e+01,3.173089835955258309e+01,6.343203900519957017e+01,2.144167334250788315e+01,-3.893045080855928575e+01
0.000000000000000000e+00,0.000000000000000000e+00,7.398614346657853957e+01,-2.994323815740784056e+01,6.874445284778433063e+01,-3.195926212118796528e+01,-3.231438990620322471e+01
0.000000000000000000e+00,0.000000000000000000e+00,0.000000000000000000e+00,-6.712662135906002447e+01,1.122431687195226235e+00,-6.769320527882764793e+01,-6.771656424865511781e+01
0.000000000000000000e+00,0.000000000000000000e+00,0.000000000000000000e+00,0.000000000000000000e+00,6.300620735715329346e+01,-2.598059638678612160e+01,-3.269290910411781681e+01
0.000000000000000000e+00,0.000000000000000000e+00,0.000000000000000000e+00,0.000000000000000000e+00,0.000000000000000000e+00,-6.350946435672462087e+01,-6.354390604747295868e+01
0.000000000000000000e+00,0.000000000000000000e+00,0.000000000000000000e+00,0.000000000000000000e+00,0.000000000000000000e+00,0.000000000000000000e+00,-2.144169410052380798e+01
0.000000000000000000e+00,0.000000000000000000e+00,0.000000000000000000e+00,0.000000000000000000e+00,0.000000000000000000e+00,0.000000000000000000e+00,0.000000000000000000e+00
