# mskridge,mskplsridge,msknsridge
0.000000000000000000e+00,-8.357301384490318341e+00,-1.106142109855874089e+01
0.000000000000000000e+00,0.000000000000000000e+00,1.240994965941108363e+00
0.000000000000000000e+00,0.000000000000000000e+00,0.000000000000000000e+00
