# mskenet,mskplsenet,msknsenet
0.000000000000000000e+00,6.518254662436227420e+01,-4.365584337427315376e+01
0.000000000000000000e+00,0.000000000000000000e+00,-6.752928039078506117e+01
0.000000000000000000e+00,0.000000000000000000e+00,0.000000000000000000e+00
