# lasso,plslasso,ctlasso,ssvilasso
0.000000000000000000e+00,6.504236773475876987e+01,3.140351051398511117e+01,6.274821717016379097e+01
0.000000000000000000e+00,0.000000000000000000e+00,-6.461964432306753281e+01,-2.347622021977702644e+01
0.000000000000000000e+00,0.000000000000000000e+00,0.000000000000000000e+00,6.233030593917713702e+01
0.000000000000000000e+00,0.000000000000000000e+00,0.000000000000000000e+00,0.000000000000000000e+00
