# mskridge,mskplsridge,msknsridge
0.000000000000000000e+00,-1.312207663349453490e+01,-1.751713400017473532e+01
0.000000000000000000e+00,0.000000000000000000e+00,4.663409559929561077e+00
0.000000000000000000e+00,0.000000000000000000e+00,0.000000000000000000e+00
