# pmridge,pmpca,pmplsridge,pmhar,pmvae
0.000000000000000000e+00,-1.280781512108846414e+02,-8.844917205982872233e+00,-1.542073062871248679e+00,-6.651205886415692703e+01
0.000000000000000000e+00,0.000000000000000000e+00,1.263686397506896384e+02,1.008371046496029066e+02,-3.346279907743407733e+01
0.000000000000000000e+00,0.000000000000000000e+00,0.000000000000000000e+00,1.101053449319514543e+00,-6.653541928828349228e+01
0.000000000000000000e+00,0.000000000000000000e+00,0.000000000000000000e+00,0.000000000000000000e+00,-6.916135170387399000e+01
0.000000000000000000e+00,0.000000000000000000e+00,0.000000000000000000e+00,0.000000000000000000e+00,0.000000000000000000e+00
