# pmhar,tskridge,mskhar,har
0.000000000000000000e+00,1.593436072220438593e+00,3.643885859371908537e-02,6.333697810976876008e-01
0.000000000000000000e+00,0.000000000000000000e+00,-3.194676935358075731e+00,-2.842787465051371587e+00
0.000000000000000000e+00,0.000000000000000000e+00,0.000000000000000000e+00,1.539384925880447286e+00
0.000000000000000000e+00,0.000000000000000000e+00,0.000000000000000000e+00,0.000000000000000000e+00
