# enet,enetpca,plsenet,ctenet,ssvienet,enethar,enetvae
0.000000000000000000e+00,3.160178104260018728e+01,4.955050434054570019e+01,2.284737204573293923e+01,4.673250823385414776e+01,0.000000000000000000e+00,6.614882466139675898e+01
0.000000000000000000e+00,0.000000000000000000e+00,6.636223310915539741e+01,-3.108551585969168229e+01,6.134070305983960480e+01,0.000000000000000000e+00,-3.160178079479078406e+01
0.000000000000000000e+00,0.000000000000000000e+00,0.000000000000000000e+00,-4.916840174125224650e+01,2.203196240657429694e+00,0.000000000000000000e+00,-4.955050417818882380e+01
0.000000000000000000e+00,0.000000000000000000e+00,0.000000000000000000e+00,0.000000000000000000e+00,4.639098700219606997e+01,0.000000000000000000e+00,-2.284736244331370258e+01
0.000000000000000000e+00,0.000000000000000000e+00,0.000000000000000000e+00,0.000000000000000000e+00,0.000000000000000000e+00,0.000000000000000000e+00,-4.673250807204928492e+01
0.000000000000000000e+00,0.000000000000000000e+00,0.000000000000000000e+00,0.000000000000000000e+00,0.000000000000000000e+00,0.000000000000000000e+00,0.000000000000000000e+00
0.000000000000000000e+00,0.000000000000000000e+00,0.000000000000000000e+00,0.000000000000000000e+00,0.000000000000000000e+00,0.000000000000000000e+00,0.000000000000000000e+00
