# msklasso,msklassopca,mskplslasso,msknslasso,msklassohar,msklassovae
0.000000000000000000e+00,7.025807860528155402e+01,6.866756164951010533e+01,-6.385713504865511680e+01,2.144167334250788315e+01,-1.266958315068907694e+02
0.000000000000000000e+00,0.000000000000000000e+00,6.629402592081444823e+01,-7.247863359625826263e+01,-7.033172002640897347e+01,-1.295219827848759166e+02
0.000000000000000000e+00,0.000000000000000000e+00,0.000000000000000000e+00,-8.866506644740610454e+01,-6.876887685051751475e+01,-1.324468788950776457e+02
0.000000000000000000e+00,0.000000000000000000e+00,0.000000000000000000e+00,0.000000000000000000e+00,6.407862209676339660e+01,-6.473234316514984243e+01
0.000000000000000000e+00,0.000000000000000000e+00,0.000000000000000000e+00,0.000000000000000000e+00,0.000000000000000000e+00,-1.265659156477907175e+02
0.000000000000000000e+00,0.000000000000000000e+00,0.000000000000000000e+00,0.000000000000000000e+00,0.000000000000000000e+00,0.000000000000000000e+00
