# tskridge,tskplsridge,tsknsridge
0.000000000000000000e+00,-9.153931260195541597e+00,-9.227911932130433925e+00
0.000000000000000000e+00,0.000000000000000000e+00,6.155981360442152273e+00
0.000000000000000000e+00,0.000000000000000000e+00,0.000000000000000000e+00
