# pmlasso,pmplslasso
0.000000000000000000e+00,5.428443770221051068e+01
0.000000000000000000e+00,0.000000000000000000e+00
