# mskridge,mskplsridge,msknsridge
0.000000000000000000e+00,-1.185882636010652824e+01,-1.321369100819781828e+01
0.000000000000000000e+00,0.000000000000000000e+00,1.110397442108289390e+01
0.000000000000000000e+00,0.000000000000000000e+00,0.000000000000000000e+00
