# pmridge,pmplsridge
0.000000000000000000e+00,-1.066043266820394031e+01
0.000000000000000000e+00,0.000000000000000000e+00
