# mskenet,mskplsenet,msknsenet
0.000000000000000000e+00,4.832404958535023809e+01,-5.389732992091830255e+01
0.000000000000000000e+00,0.000000000000000000e+00,-7.689461330745037060e+01
0.000000000000000000e+00,0.000000000000000000e+00,0.000000000000000000e+00
