# enet,plsenet,ctenet,ssvienet
0.000000000000000000e+00,4.571846796324418705e+01,2.394821451155795256e+00,4.368715526728923493e+01
0.000000000000000000e+00,0.000000000000000000e+00,-4.571523338933005931e+01,1.572537049540615239e+00
0.000000000000000000e+00,0.000000000000000000e+00,0.000000000000000000e+00,4.368521274972378876e+01
0.000000000000000000e+00,0.000000000000000000e+00,0.000000000000000000e+00,0.000000000000000000e+00
