# ridge,plsridge,ctridge,ssviridge
0.000000000000000000e+00,-1.130781569533095343e+01,-2.821667177892108569e+01,-4.420054305435054687e+01
0.000000000000000000e+00,0.000000000000000000e+00,-3.004238488091471737e+01,-1.513572907371432485e+01
0.000000000000000000e+00,0.000000000000000000e+00,0.000000000000000000e+00,1.675346725270577863e+01
0.000000000000000000e+00,0.000000000000000000e+00,0.000000000000000000e+00,0.000000000000000000e+00
