# ridge,pca,plsridge,ctridge,ssviridge,har,vae
0.000000000000000000e+00,-8.115019638779796196e+01,-9.032415328479331151e+00,-1.324291536456924945e+01,-6.571333982704364196e+00,1.976678860808812388e+01,-6.502480448483038344e+01
0.000000000000000000e+00,0.000000000000000000e+00,7.509145354545128725e+01,6.823496293032543747e+01,8.337149349476202076e+01,8.691759521621500539e+01,-5.382943343746364206e+01
0.000000000000000000e+00,0.000000000000000000e+00,0.000000000000000000e+00,-8.020503021846833391e+00,7.187232507812149507e+00,1.734514669341912452e+01,-6.590796714818529267e+01
0.000000000000000000e+00,0.000000000000000000e+00,0.000000000000000000e+00,0.000000000000000000e+00,1.155147742909545450e+01,2.175889983463613575e+01,-6.509420551259272258e+01
0.000000000000000000e+00,0.000000000000000000e+00,0.000000000000000000e+00,0.000000000000000000e+00,0.000000000000000000e+00,3.043098893185327469e+01,-6.487091888589738176e+01
0.000000000000000000e+00,0.000000000000000000e+00,0.000000000000000000e+00,0.000000000000000000e+00,0.000000000000000000e+00,0.000000000000000000e+00,-6.588168586739355703e+01
0.000000000000000000e+00,0.000000000000000000e+00,0.000000000000000000e+00,0.000000000000000000e+00,0.000000000000000000e+00,0.000000000000000000e+00,0.000000000000000000e+00
