# tskenet,tskenetpca,tskplsenet,tsknsenet,tskenethar,tskenetvae
0.000000000000000000e+00,nan,6.611936181594134609e+01,-6.525771580860022958e+00,2.067782622616045174e+01,nan
0.000000000000000000e+00,0.000000000000000000e+00,6.611936181594134609e+01,-6.525771580860022958e+00,2.067782622616045174e+01,nan
0.000000000000000000e+00,0.000000000000000000e+00,0.000000000000000000e+00,-6.611959759651330160e+01,-6.611551907883234946e+01,-6.614055630988937651e+01
0.000000000000000000e+00,0.000000000000000000e+00,0.000000000000000000e+00,0.000000000000000000e+00,2.528087567136436320e+01,6.319392117775892714e+00
0.000000000000000000e+00,0.000000000000000000e+00,0.000000000000000000e+00,0.000000000000000000e+00,0.000000000000000000e+00,-2.067782622616045174e+01
0.000000000000000000e+00,0.000000000000000000e+00,0.000000000000000000e+00,0.000000000000000000e+00,0.000000000000000000e+00,0.000000000000000000e+00
