# tskridge,tskplsridge,tsknsridge
0.000000000000000000e+00,-1.323591039039415307e+01,-8.294463360695669252e+00
0.000000000000000000e+00,0.000000000000000000e+00,1.593980773558311625e+01
0.000000000000000000e+00,0.000000000000000000e+00,0.000000000000000000e+00
