# lasso,plslasso,ctlasso,ssvilasso
0.000000000000000000e+00,4.956644069591992974e+01,2.284737204570566860e+01,4.673250821917431352e+01
0.000000000000000000e+00,0.000000000000000000e+00,-4.918435117238818322e+01,2.187148835663546453e+00
0.000000000000000000e+00,0.000000000000000000e+00,0.000000000000000000e+00,4.639098698742030535e+01
0.000000000000000000e+00,0.000000000000000000e+00,0.000000000000000000e+00,0.000000000000000000e+00
