# pmenet,pmplsenet
0.000000000000000000e+00,7.422548956828774180e+01
0.000000000000000000e+00,0.000000000000000000e+00
