# mskenet,mskenetpca,mskplsenet,msknsenet,mskenethar,mskenetvae
0.000000000000000000e+00,nan,7.163385500766005975e+01,-4.857946854060453035e+01,3.354471281941979299e+01,nan
0.000000000000000000e+00,0.000000000000000000e+00,7.163385500766005975e+01,-4.857946854060453035e+01,3.354471281941979299e+01,nan
0.000000000000000000e+00,0.000000000000000000e+00,0.000000000000000000e+00,-1.017277200406548729e+02,-7.163108788893829626e+01,-7.163385500766005975e+01
0.000000000000000000e+00,0.000000000000000000e+00,0.000000000000000000e+00,0.000000000000000000e+00,4.858793255269794997e+01,4.857946854060453035e+01
0.000000000000000000e+00,0.000000000000000000e+00,0.000000000000000000e+00,0.000000000000000000e+00,0.000000000000000000e+00,-3.354471281941979299e+01
0.000000000000000000e+00,0.000000000000000000e+00,0.000000000000000000e+00,0.000000000000000000e+00,0.000000000000000000e+00,0.000000000000000000e+00
