# tskridge,tskplsridge,tsknsridge
0.000000000000000000e+00,-1.162396157412675457e+01,-8.303236063350894369e+00
0.000000000000000000e+00,0.000000000000000000e+00,1.347776908536412321e+01
0.000000000000000000e+00,0.000000000000000000e+00,0.000000000000000000e+00
