# tsklasso,tsklassopca,tskplslasso,tsknslasso,tsklassohar,tsklassovae
0.000000000000000000e+00,nan,6.956710992544481087e+01,-6.360135737036388015e+00,2.144167334250788315e+01,nan
0.000000000000000000e+00,0.000000000000000000e+00,6.956710992544481087e+01,-6.360135737036388015e+00,2.144167334250788315e+01,nan
0.000000000000000000e+00,0.000000000000000000e+00,0.000000000000000000e+00,-6.956875220058275033e+01,-6.965295474286344302e+01,-6.967399311137018003e+01
0.000000000000000000e+00,0.000000000000000000e+00,0.000000000000000000e+00,0.000000000000000000e+00,2.421263407675245460e+01,6.144081524572739816e+00
0.000000000000000000e+00,0.000000000000000000e+00,0.000000000000000000e+00,0.000000000000000000e+00,0.000000000000000000e+00,-2.144167334250788315e+01
0.000000000000000000e+00,0.000000000000000000e+00,0.000000000000000000e+00,0.000000000000000000e+00,0.000000000000000000e+00,0.000000000000000000e+00
