# tsklasso,tskplslasso,tsknslasso
0.000000000000000000e+00,7.071413376853077182e+01,-2.265987629777658885e+00
0.000000000000000000e+00,0.000000000000000000e+00,-7.071379687624796873e+01
0.000000000000000000e+00,0.000000000000000000e+00,0.000000000000000000e+00
