# ridge,plslasso,plsenet
0.000000000000000000e+00,-1.739063098166344190e+01,-1.744082999807478274e+01
0.000000000000000000e+00,0.000000000000000000e+00,-3.484803113269453245e+00
0.000000000000000000e+00,0.000000000000000000e+00,0.000000000000000000e+00
