# pmenet,pmenetpca,pmplsenet,pmenethar,pmenetvae
0.000000000000000000e+00,nan,7.063892328500458007e+01,2.144167334250788315e+01,nan
0.000000000000000000e+00,0.000000000000000000e+00,7.063892328500458007e+01,2.144167334250788315e+01,nan
0.000000000000000000e+00,0.000000000000000000e+00,0.000000000000000000e+00,-7.073479669372225942e+01,-7.075446303408072879e+01
0.000000000000000000e+00,0.000000000000000000e+00,0.000000000000000000e+00,0.000000000000000000e+00,-2.144167334250788315e+01
0.000000000000000000e+00,0.000000000000000000e+00,0.000000000000000000e+00,0.000000000000000000e+00,0.000000000000000000e+00
