# lasso,lassopca,plslasso,ctlasso,ssvilasso,lassohar,lassovae
0.000000000000000000e+00,3.645458782607806114e+01,5.127517003717998278e+01,2.336326251945790844e+01,4.683741586708348592e+01,-4.348495415242145157e+01,-4.770815046298873341e+01
0.000000000000000000e+00,0.000000000000000000e+00,5.250778666003261463e+01,-3.565724272366387027e+01,4.578499647902950187e+01,-3.647469898547296907e+01,-3.645458804086833027e+01
0.000000000000000000e+00,0.000000000000000000e+00,0.000000000000000000e+00,-5.088163493380324809e+01,4.227508730371105083e-01,-5.128264880994839814e+01,-5.127517012646753614e+01
0.000000000000000000e+00,0.000000000000000000e+00,0.000000000000000000e+00,0.000000000000000000e+00,4.648579634345542644e+01,-2.392505574646321520e+01,-2.336326878160688381e+01
0.000000000000000000e+00,0.000000000000000000e+00,0.000000000000000000e+00,0.000000000000000000e+00,0.000000000000000000e+00,-4.684526184438411889e+01,-4.683741595726753104e+01
0.000000000000000000e+00,0.000000000000000000e+00,0.000000000000000000e+00,0.000000000000000000e+00,0.000000000000000000e+00,0.000000000000000000e+00,4.348484855740008470e+01
0.000000000000000000e+00,0.000000000000000000e+00,0.000000000000000000e+00,0.000000000000000000e+00,0.000000000000000000e+00,0.000000000000000000e+00,0.000000000000000000e+00
