# lasso,plslasso,ctlasso,ssvilasso
0.000000000000000000e+00,4.513284049642371087e+01,2.188936976532588119e+00,4.359619373632975936e+01
0.000000000000000000e+00,0.000000000000000000e+00,-4.513262145872202069e+01,-2.670975347149118218e+00
0.000000000000000000e+00,0.000000000000000000e+00,0.000000000000000000e+00,4.359577054491806081e+01
0.000000000000000000e+00,0.000000000000000000e+00,0.000000000000000000e+00,0.000000000000000000e+00
