# pmridge,pmplsridge
0.000000000000000000e+00,-1.102729562631490978e+01
0.000000000000000000e+00,0.000000000000000000e+00
