# mskenet,mskplsenet,msknsenet
0.000000000000000000e+00,6.705619358246298134e+01,-5.282441859117216865e+01
0.000000000000000000e+00,0.000000000000000000e+00,-1.010148938818023652e+02
0.000000000000000000e+00,0.000000000000000000e+00,0.000000000000000000e+00
