# tsklasso,tskplslasso,tsknslasso
0.000000000000000000e+00,5.078293219000264003e+01,1.707592034873023801e+00
0.000000000000000000e+00,0.000000000000000000e+00,-5.078011586337346017e+01
0.000000000000000000e+00,0.000000000000000000e+00,0.000000000000000000e+00
