# enet,enetpca,plsenet,ctenet,ssvienet,enethar,enetvae
0.000000000000000000e+00,3.526152578645579894e+01,6.758314072067774703e+01,3.173089835955258309e+01,6.343203900519957017e+01,0.000000000000000000e+00,-3.908451976759076985e+01
0.000000000000000000e+00,0.000000000000000000e+00,1.005167872275503669e+02,-3.463299913483215420e+01,9.274483896035066266e+01,0.000000000000000000e+00,-3.526152594182450173e+01
0.000000000000000000e+00,0.000000000000000000e+00,0.000000000000000000e+00,-6.711923985614919275e+01,1.120233135073969821e+00,0.000000000000000000e+00,-6.758314078286308302e+01
0.000000000000000000e+00,0.000000000000000000e+00,0.000000000000000000e+00,0.000000000000000000e+00,6.300620735715329346e+01,0.000000000000000000e+00,-3.173090805946466375e+01
0.000000000000000000e+00,0.000000000000000000e+00,0.000000000000000000e+00,0.000000000000000000e+00,0.000000000000000000e+00,0.000000000000000000e+00,-6.343203907423198018e+01
0.000000000000000000e+00,0.000000000000000000e+00,0.000000000000000000e+00,0.000000000000000000e+00,0.000000000000000000e+00,0.000000000000000000e+00,0.000000000000000000e+00
0.000000000000000000e+00,0.000000000000000000e+00,0.000000000000000000e+00,0.000000000000000000e+00,0.000000000000000000e+00,0.000000000000000000e+00,0.000000000000000000e+00
