# tskridge,tskpca,tskplsridge,tsknsridge,tskhar,tskvae
0.000000000000000000e+00,-1.354844466268602048e+02,-7.901746156528045795e+00,-1.155202399439589911e+01,-4.702255271453671948e-01,-1.099903209050771693e+02
0.000000000000000000e+00,0.000000000000000000e+00,1.372260713058289525e+02,1.297792911465697330e+02,1.200196852981328419e+02,5.647081676766223524e+01
0.000000000000000000e+00,0.000000000000000000e+00,0.000000000000000000e+00,-3.990026010552097380e-01,4.697512795450683676e+00,-1.168082356775573629e+02
0.000000000000000000e+00,0.000000000000000000e+00,0.000000000000000000e+00,0.000000000000000000e+00,7.413510291237968453e+00,-1.219045317116749061e+02
0.000000000000000000e+00,0.000000000000000000e+00,0.000000000000000000e+00,0.000000000000000000e+00,0.000000000000000000e+00,-1.151636133891833822e+02
0.000000000000000000e+00,0.000000000000000000e+00,0.000000000000000000e+00,0.000000000000000000e+00,0.000000000000000000e+00,0.000000000000000000e+00
