# pmridge,pmpca,pmplsridge,pmhar
0.000000000000000000e+00,-1.098541588675897529e+01,-1.089896754258309386e+01,1.139903879657099689e-01
0.000000000000000000e+00,0.000000000000000000e+00,-1.055366574202453478e+01,9.608264945131791634e+00
0.000000000000000000e+00,0.000000000000000000e+00,0.000000000000000000e+00,1.143161199347653678e+01
0.000000000000000000e+00,0.000000000000000000e+00,0.000000000000000000e+00,0.000000000000000000e+00
