# enet,plsenet,ctenet,ssvienet
0.000000000000000000e+00,5.123618311789097390e+01,2.336326251943181020e+01,4.683741585196249702e+01
0.000000000000000000e+00,0.000000000000000000e+00,-5.084266242172584782e+01,4.847032676820416941e-01
0.000000000000000000e+00,0.000000000000000000e+00,0.000000000000000000e+00,4.648579632824004193e+01
0.000000000000000000e+00,0.000000000000000000e+00,0.000000000000000000e+00,0.000000000000000000e+00
