# ridge,plslasso,plsenet
0.000000000000000000e+00,-1.578672857508934380e+00,-1.560502707849732218e+00
0.000000000000000000e+00,0.000000000000000000e+00,2.875115528595359127e+00
0.000000000000000000e+00,0.000000000000000000e+00,0.000000000000000000e+00
