# tskridge,tskpca,tskplsridge,tsknsridge,tskhar,tskvae
0.000000000000000000e+00,-1.416472912382575977e+01,-1.323591039039415840e+01,-8.294463360695665699e+00,1.354472425814793990e+00,-1.336654428168275501e+02
0.000000000000000000e+00,0.000000000000000000e+00,-1.069386552144397129e+01,-3.127071240648261474e-01,1.452781893869249252e+01,-1.329593581130371831e+02
0.000000000000000000e+00,0.000000000000000000e+00,0.000000000000000000e+00,1.593980773558313047e+01,1.439545112745709154e+01,-1.306599660398459832e+02
0.000000000000000000e+00,0.000000000000000000e+00,0.000000000000000000e+00,0.000000000000000000e+00,1.037546738865562368e+01,-1.327978248306799856e+02
0.000000000000000000e+00,0.000000000000000000e+00,0.000000000000000000e+00,0.000000000000000000e+00,0.000000000000000000e+00,-1.335984317953073344e+02
0.000000000000000000e+00,0.000000000000000000e+00,0.000000000000000000e+00,0.000000000000000000e+00,0.000000000000000000e+00,0.000000000000000000e+00
