# mskridge,mskplsridge,msknsridge
0.000000000000000000e+00,-1.352260136881311148e+01,-1.427337495131398626e+01
0.000000000000000000e+00,0.000000000000000000e+00,1.192410155222347434e+01
0.000000000000000000e+00,0.000000000000000000e+00,0.000000000000000000e+00
