# tskridge,tskplsridge,tsknsridge
0.000000000000000000e+00,-1.257716468207766525e+01,-8.176893061753283121e+00
0.000000000000000000e+00,0.000000000000000000e+00,1.462418830554839211e+01
0.000000000000000000e+00,0.000000000000000000e+00,0.000000000000000000e+00
