# ridge,pca,plsridge,ctridge,ssviridge,har,vae
0.000000000000000000e+00,-1.191563555820228544e+02,-1.130781569530954300e+01,-2.821667177888627975e+01,-4.420054656504682100e+01,1.231941599762302708e+01,-8.622999665036689976e+01
0.000000000000000000e+00,0.000000000000000000e+00,1.196356081130400639e+02,1.091725241044787964e+02,1.159778922777809242e+02,1.176462656979014696e+02,-6.303104132155931438e+01
0.000000000000000000e+00,0.000000000000000000e+00,0.000000000000000000e+00,-3.004238488091320747e+01,-1.513573332367188051e+01,1.694694969165671239e+01,-8.573129877742471194e+01
0.000000000000000000e+00,0.000000000000000000e+00,0.000000000000000000e+00,0.000000000000000000e+00,1.675346493577450602e+01,3.057273805325536742e+01,-8.391767987859454081e+01
0.000000000000000000e+00,0.000000000000000000e+00,0.000000000000000000e+00,0.000000000000000000e+00,0.000000000000000000e+00,4.983628971375605232e+01,-8.522862013219854305e+01
0.000000000000000000e+00,0.000000000000000000e+00,0.000000000000000000e+00,0.000000000000000000e+00,0.000000000000000000e+00,0.000000000000000000e+00,-8.644875592596109470e+01
0.000000000000000000e+00,0.000000000000000000e+00,0.000000000000000000e+00,0.000000000000000000e+00,0.000000000000000000e+00,0.000000000000000000e+00,0.000000000000000000e+00
