# msklasso,mskplslasso,msknslasso
0.000000000000000000e+00,4.753043877246713578e+01,-5.956234492835097427e+01
0.000000000000000000e+00,0.000000000000000000e+00,-7.889945177645255114e+01
0.000000000000000000e+00,0.000000000000000000e+00,0.000000000000000000e+00
