# msklasso,mskplslasso,msknslasso
0.000000000000000000e+00,5.094590320463135669e+01,-6.692626811100697637e+01
0.000000000000000000e+00,0.000000000000000000e+00,-8.279964906953711079e+01
0.000000000000000000e+00,0.000000000000000000e+00,0.000000000000000000e+00
