# ridge,plslasso,plsenet
0.000000000000000000e+00,-1.412466702210556413e+01,-1.415779115254272291e+01
0.000000000000000000e+00,0.000000000000000000e+00,-1.099129576644375161e+00
0.000000000000000000e+00,0.000000000000000000e+00,0.000000000000000000e+00
