# pmridge,pmpca,pmplsridge,pmhar,pmvae
0.000000000000000000e+00,-1.088934685586807660e+02,-9.492944463994504645e+00,2.272489222295576816e+00,-6.482929211334572983e+01
0.000000000000000000e+00,0.000000000000000000e+00,7.914594210954321341e+01,1.076963090494460147e+02,-3.197834820780978760e+01
0.000000000000000000e+00,0.000000000000000000e+00,0.000000000000000000e+00,9.817056134797573108e+00,-7.839742226082329069e+01
0.000000000000000000e+00,0.000000000000000000e+00,0.000000000000000000e+00,0.000000000000000000e+00,-6.516444860256626725e+01
0.000000000000000000e+00,0.000000000000000000e+00,0.000000000000000000e+00,0.000000000000000000e+00,0.000000000000000000e+00
