# msklasso,msklassopca,mskplslasso,msknslasso,msklassohar,msklassovae
0.000000000000000000e+00,nan,5.432608516738363846e+01,-7.913706672992198321e+01,-3.857532496799820354e+00,nan
0.000000000000000000e+00,0.000000000000000000e+00,5.432608516738363846e+01,-7.913706672992198321e+01,-3.857532496799820354e+00,nan
0.000000000000000000e+00,0.000000000000000000e+00,0.000000000000000000e+00,-9.662556153949709881e+01,-5.432528960494400394e+01,-5.432608516738363846e+01
0.000000000000000000e+00,0.000000000000000000e+00,0.000000000000000000e+00,0.000000000000000000e+00,7.913647484685392897e+01,7.913706672992198321e+01
0.000000000000000000e+00,0.000000000000000000e+00,0.000000000000000000e+00,0.000000000000000000e+00,0.000000000000000000e+00,3.857532496799820354e+00
0.000000000000000000e+00,0.000000000000000000e+00,0.000000000000000000e+00,0.000000000000000000e+00,0.000000000000000000e+00,0.000000000000000000e+00
