# tskridge,tskplsridge,tsknsridge
0.000000000000000000e+00,-9.073347017877132714e+00,-2.046444313946950899e+01
0.000000000000000000e+00,0.000000000000000000e+00,-9.252055529516361787e+00
0.000000000000000000e+00,0.000000000000000000e+00,0.000000000000000000e+00
