# enet,plsenet,ctenet,ssvienet
0.000000000000000000e+00,4.816539671185031324e+01,2.242205427010660657e+01,4.673213917309972487e+01
0.000000000000000000e+00,0.000000000000000000e+00,-4.781417672234844218e+01,-5.110302571990763987e+00
0.000000000000000000e+00,0.000000000000000000e+00,0.000000000000000000e+00,4.639926880982207535e+01
0.000000000000000000e+00,0.000000000000000000e+00,0.000000000000000000e+00,0.000000000000000000e+00
