# pmridge,pmplslasso,pmplsenet
0.000000000000000000e+00,-1.097011292533610494e+01,-1.097011292533610494e+01
0.000000000000000000e+00,0.000000000000000000e+00,nan
0.000000000000000000e+00,0.000000000000000000e+00,0.000000000000000000e+00
