# enet,enetpca,plsenet,ctenet,ssvienet,enethar,enetvae
0.000000000000000000e+00,3.526152578645579894e+01,6.758314072067774703e+01,3.173089835955258309e+01,6.343203900519957017e+01,2.144167334250788315e+01,-3.893045080855928575e+01
0.000000000000000000e+00,0.000000000000000000e+00,1.005167872275503669e+02,-3.463299913483215420e+01,9.274483896035066266e+01,-3.521429957068312433e+01,-3.530822621870999711e+01
0.000000000000000000e+00,0.000000000000000000e+00,0.000000000000000000e+00,-6.711923985614919275e+01,1.120233135073969821e+00,-6.768571089046027112e+01,-6.770909425821309924e+01
0.000000000000000000e+00,0.000000000000000000e+00,0.000000000000000000e+00,0.000000000000000000e+00,6.300620735715329346e+01,-2.598059638678612160e+01,-3.269290910411781681e+01
0.000000000000000000e+00,0.000000000000000000e+00,0.000000000000000000e+00,0.000000000000000000e+00,0.000000000000000000e+00,-6.350946435672462087e+01,-6.354390604747295868e+01
0.000000000000000000e+00,0.000000000000000000e+00,0.000000000000000000e+00,0.000000000000000000e+00,0.000000000000000000e+00,0.000000000000000000e+00,-2.144169410052380798e+01
0.000000000000000000e+00,0.000000000000000000e+00,0.000000000000000000e+00,0.000000000000000000e+00,0.000000000000000000e+00,0.000000000000000000e+00,0.000000000000000000e+00
