# tsklasso,tskplslasso,tsknslasso
0.000000000000000000e+00,6.956710992544478245e+01,-6.360135737039618320e+00
0.000000000000000000e+00,0.000000000000000000e+00,-6.956875220058276454e+01
0.000000000000000000e+00,0.000000000000000000e+00,0.000000000000000000e+00
