# tskenet,tskplsenet,tsknsenet
0.000000000000000000e+00,6.356839939734084766e+01,2.931116444839599566e+01
0.000000000000000000e+00,0.000000000000000000e+00,-6.354671033157536897e+01
0.000000000000000000e+00,0.000000000000000000e+00,0.000000000000000000e+00
