# tskridge,tskpca,tskplsridge,tsknsridge,tskhar,tskvae
0.000000000000000000e+00,-1.057397908379546152e+02,-1.208124038416685408e+01,-1.002131344113311151e+01,0.000000000000000000e+00,-7.373589107047369851e+01
0.000000000000000000e+00,0.000000000000000000e+00,1.017694612608203641e+02,1.011162199999560727e+02,0.000000000000000000e+00,2.378024883142155232e+01
0.000000000000000000e+00,0.000000000000000000e+00,0.000000000000000000e+00,1.164045088189608990e+01,0.000000000000000000e+00,-8.895389211957672160e+01
0.000000000000000000e+00,0.000000000000000000e+00,0.000000000000000000e+00,0.000000000000000000e+00,0.000000000000000000e+00,-8.377150773792352823e+01
0.000000000000000000e+00,0.000000000000000000e+00,0.000000000000000000e+00,0.000000000000000000e+00,0.000000000000000000e+00,0.000000000000000000e+00
0.000000000000000000e+00,0.000000000000000000e+00,0.000000000000000000e+00,0.000000000000000000e+00,0.000000000000000000e+00,0.000000000000000000e+00
