# enet,plsenet,ctenet,ssvienet
0.000000000000000000e+00,4.511477492848460003e+01,2.188936976532588119e+00,4.359619373632975936e+01
0.000000000000000000e+00,0.000000000000000000e+00,-4.511455402752825705e+01,-2.675029468106080444e+00
0.000000000000000000e+00,0.000000000000000000e+00,0.000000000000000000e+00,4.359577054491806081e+01
0.000000000000000000e+00,0.000000000000000000e+00,0.000000000000000000e+00,0.000000000000000000e+00
