# enet,enetpca,plsenet,ctenet,ssvienet,enethar,enetvae
0.000000000000000000e+00,3.288044422506325759e+01,6.504517068993101248e+01,3.140351051407022709e+01,6.274821715960422353e+01,2.067782622616045174e+01,-6.392129331676591164e+01
0.000000000000000000e+00,0.000000000000000000e+00,8.880022879594484664e+01,-3.212799766758001141e+01,8.529467376471484386e+01,-3.283594477162669278e+01,-3.292981977221819534e+01
0.000000000000000000e+00,0.000000000000000000e+00,0.000000000000000000e+00,-6.462256636360724826e+01,-2.362545464270679219e+01,-6.504147494216221048e+01,-6.506676497112492541e+01
0.000000000000000000e+00,0.000000000000000000e+00,0.000000000000000000e+00,0.000000000000000000e+00,6.233030592721814145e+01,-2.788280185225407948e+01,-3.277371457010907108e+01
0.000000000000000000e+00,0.000000000000000000e+00,0.000000000000000000e+00,0.000000000000000000e+00,0.000000000000000000e+00,-6.276761196147763400e+01,-6.279484194188730584e+01
0.000000000000000000e+00,0.000000000000000000e+00,0.000000000000000000e+00,0.000000000000000000e+00,0.000000000000000000e+00,0.000000000000000000e+00,-2.067793084055642794e+01
0.000000000000000000e+00,0.000000000000000000e+00,0.000000000000000000e+00,0.000000000000000000e+00,0.000000000000000000e+00,0.000000000000000000e+00,0.000000000000000000e+00
