# msklasso,msklassopca,mskplslasso,msknslasso,msklassohar,msklassovae
0.000000000000000000e+00,nan,6.866756164951010533e+01,-6.385713504865511680e+01,0.000000000000000000e+00,nan
0.000000000000000000e+00,0.000000000000000000e+00,6.866756164951010533e+01,-6.385713504865511680e+01,0.000000000000000000e+00,nan
0.000000000000000000e+00,0.000000000000000000e+00,0.000000000000000000e+00,-8.866506644740610454e+01,0.000000000000000000e+00,-6.866756164951010533e+01
0.000000000000000000e+00,0.000000000000000000e+00,0.000000000000000000e+00,0.000000000000000000e+00,0.000000000000000000e+00,6.385713504865511680e+01
0.000000000000000000e+00,0.000000000000000000e+00,0.000000000000000000e+00,0.000000000000000000e+00,0.000000000000000000e+00,0.000000000000000000e+00
0.000000000000000000e+00,0.000000000000000000e+00,0.000000000000000000e+00,0.000000000000000000e+00,0.000000000000000000e+00,0.000000000000000000e+00
