# msklasso,mskplslasso,msknslasso
0.000000000000000000e+00,7.293215754019711028e+01,-7.207220412882861638e+01
0.000000000000000000e+00,0.000000000000000000e+00,-9.504808649559024047e+01
0.000000000000000000e+00,0.000000000000000000e+00,0.000000000000000000e+00
