# ridge,pca,plsridge,ctridge,ssviridge,har,vae
0.000000000000000000e+00,-6.124214653940675390e+01,-4.709755674900936384e+00,-5.816363463480249685e-01,1.378387807722842240e+01,1.963548647111983669e+01,-5.965838061910203294e+01
0.000000000000000000e+00,0.000000000000000000e+00,4.856241191499078269e+01,6.630969673320184654e+01,7.569752302586869064e+01,6.881411007503028543e+01,-4.792092251361361122e+01
0.000000000000000000e+00,0.000000000000000000e+00,0.000000000000000000e+00,6.143859235782411332e+00,1.097363301291490245e+01,1.264314941281626936e+01,-5.998947020828897081e+01
0.000000000000000000e+00,0.000000000000000000e+00,0.000000000000000000e+00,0.000000000000000000e+00,1.454229695786381527e+01,1.519086091907446701e+01,-5.983788162505047836e+01
0.000000000000000000e+00,0.000000000000000000e+00,0.000000000000000000e+00,0.000000000000000000e+00,0.000000000000000000e+00,3.261577798566146491e+00,-6.027565800263834461e+01
0.000000000000000000e+00,0.000000000000000000e+00,0.000000000000000000e+00,0.000000000000000000e+00,0.000000000000000000e+00,0.000000000000000000e+00,-6.061788733633668613e+01
0.000000000000000000e+00,0.000000000000000000e+00,0.000000000000000000e+00,0.000000000000000000e+00,0.000000000000000000e+00,0.000000000000000000e+00,0.000000000000000000e+00
