# ridge,plslasso,plsenet
0.000000000000000000e+00,2.722443303956501026e+00,2.783545000358831345e+00
0.000000000000000000e+00,0.000000000000000000e+00,6.215774678289949229e+00
0.000000000000000000e+00,0.000000000000000000e+00,0.000000000000000000e+00
