# enet,plsenet,ctenet,ssvienet
0.000000000000000000e+00,6.504517068993101248e+01,3.140351051398511117e+01,6.274821717016379097e+01
0.000000000000000000e+00,0.000000000000000000e+00,-6.462256636360831408e+01,-2.362545405322873648e+01
0.000000000000000000e+00,0.000000000000000000e+00,0.000000000000000000e+00,6.233030593917713702e+01
0.000000000000000000e+00,0.000000000000000000e+00,0.000000000000000000e+00,0.000000000000000000e+00
