# pmlasso,pmplslasso
0.000000000000000000e+00,5.072018157082073486e+01
0.000000000000000000e+00,0.000000000000000000e+00
