# msklasso,msklassopca,mskplslasso,msknslasso,msklassohar,msklassovae
0.000000000000000000e+00,nan,6.667949245793120383e+01,-3.688721822881720414e+01,0.000000000000000000e+00,nan
0.000000000000000000e+00,0.000000000000000000e+00,6.667949245793120383e+01,-3.688721822881720414e+01,0.000000000000000000e+00,nan
0.000000000000000000e+00,0.000000000000000000e+00,0.000000000000000000e+00,-6.910523886142371452e+01,0.000000000000000000e+00,-6.667949245793120383e+01
0.000000000000000000e+00,0.000000000000000000e+00,0.000000000000000000e+00,0.000000000000000000e+00,0.000000000000000000e+00,3.688721822881720414e+01
0.000000000000000000e+00,0.000000000000000000e+00,0.000000000000000000e+00,0.000000000000000000e+00,0.000000000000000000e+00,0.000000000000000000e+00
0.000000000000000000e+00,0.000000000000000000e+00,0.000000000000000000e+00,0.000000000000000000e+00,0.000000000000000000e+00,0.000000000000000000e+00
