# tskenet,tskenetpca,tskplsenet,tsknsenet,tskenethar,tskenetvae
0.000000000000000000e+00,6.973736508220453345e+01,6.916543632081632609e+01,-6.360135737036388015e+00,2.144167334250788315e+01,-1.248180731166657296e+02
0.000000000000000000e+00,0.000000000000000000e+00,5.582155498660456772e+01,-6.973825960399867085e+01,-6.976807092528507326e+01,-1.303489172385958739e+02
0.000000000000000000e+00,0.000000000000000000e+00,0.000000000000000000e+00,-6.916677093766622875e+01,-6.924634168882666074e+01,-1.321164640633371903e+02
0.000000000000000000e+00,0.000000000000000000e+00,0.000000000000000000e+00,0.000000000000000000e+00,2.421263407675245460e+01,-1.248096294168258140e+02
0.000000000000000000e+00,0.000000000000000000e+00,0.000000000000000000e+00,0.000000000000000000e+00,0.000000000000000000e+00,-1.246851916735039225e+02
0.000000000000000000e+00,0.000000000000000000e+00,0.000000000000000000e+00,0.000000000000000000e+00,0.000000000000000000e+00,0.000000000000000000e+00
