# lasso,lassopca,plslasso,ctlasso,ssvilasso,lassohar,lassovae
0.000000000000000000e+00,2.578217136508460072e+01,6.504236773475881250e+01,3.140351051407022709e+01,6.274821715960422353e+01,0.000000000000000000e+00,-6.410273939555594325e+01
0.000000000000000000e+00,0.000000000000000000e+00,6.522703102204637560e+01,2.021544422274986630e+01,6.292220289970865110e+01,0.000000000000000000e+00,-2.578222692500265012e+01
0.000000000000000000e+00,0.000000000000000000e+00,0.000000000000000000e+00,-6.461964432306643857e+01,-2.347622081031342489e+01,0.000000000000000000e+00,-6.504236799058352858e+01
0.000000000000000000e+00,0.000000000000000000e+00,0.000000000000000000e+00,0.000000000000000000e+00,6.233030592721814145e+01,0.000000000000000000e+00,-3.140353412590929238e+01
0.000000000000000000e+00,0.000000000000000000e+00,0.000000000000000000e+00,0.000000000000000000e+00,0.000000000000000000e+00,0.000000000000000000e+00,-6.274821741935529218e+01
0.000000000000000000e+00,0.000000000000000000e+00,0.000000000000000000e+00,0.000000000000000000e+00,0.000000000000000000e+00,0.000000000000000000e+00,0.000000000000000000e+00
0.000000000000000000e+00,0.000000000000000000e+00,0.000000000000000000e+00,0.000000000000000000e+00,0.000000000000000000e+00,0.000000000000000000e+00,0.000000000000000000e+00
