# enet,plsenet,ctenet,ssvienet
0.000000000000000000e+00,6.377658190897486890e+01,4.603995750251190344e+01,6.207441911516931299e+01
0.000000000000000000e+00,0.000000000000000000e+00,-6.351196869292909497e+01,6.669594678485409878e-01
0.000000000000000000e+00,0.000000000000000000e+00,0.000000000000000000e+00,6.182020737194175553e+01
0.000000000000000000e+00,0.000000000000000000e+00,0.000000000000000000e+00,0.000000000000000000e+00
