# ridge,plslasso,plsenet
0.000000000000000000e+00,-1.666376621546580949e+01,-1.668186602583960010e+01
0.000000000000000000e+00,0.000000000000000000e+00,1.558554581827975793e+00
0.000000000000000000e+00,0.000000000000000000e+00,0.000000000000000000e+00
