# pmenet,pmenetpca,pmplsenet,pmenethar,pmenetvae
0.000000000000000000e+00,nan,6.678936437228009027e+01,2.067782622616045174e+01,nan
0.000000000000000000e+00,0.000000000000000000e+00,6.678936437228009027e+01,2.067782622616045174e+01,nan
0.000000000000000000e+00,0.000000000000000000e+00,0.000000000000000000e+00,-6.678823979380369735e+01,-6.681420604706387678e+01
0.000000000000000000e+00,0.000000000000000000e+00,0.000000000000000000e+00,0.000000000000000000e+00,-2.067782622616045174e+01
0.000000000000000000e+00,0.000000000000000000e+00,0.000000000000000000e+00,0.000000000000000000e+00,0.000000000000000000e+00
