# mskridge,mskplsridge,msknsridge
0.000000000000000000e+00,-1.175399424881481281e+01,-1.043308776335965682e+01
0.000000000000000000e+00,0.000000000000000000e+00,1.157787925043648336e+01
0.000000000000000000e+00,0.000000000000000000e+00,0.000000000000000000e+00
