# ridge,plsridge,ctridge,ssviridge
0.000000000000000000e+00,7.831559249098771325e+00,1.853944043372713235e+00,1.712479204747235784e+01
0.000000000000000000e+00,0.000000000000000000e+00,-5.939121556204368879e+00,6.519824838924176191e+00
0.000000000000000000e+00,0.000000000000000000e+00,0.000000000000000000e+00,9.524927832243072601e+00
0.000000000000000000e+00,0.000000000000000000e+00,0.000000000000000000e+00,0.000000000000000000e+00
