# pmhar,pmplslasso,pmplsenet
0.000000000000000000e+00,-9.817056134797573108e+00,-9.817056134797573108e+00
0.000000000000000000e+00,0.000000000000000000e+00,nan
0.000000000000000000e+00,0.000000000000000000e+00,0.000000000000000000e+00
