# enet,enetpca,plsenet,ctenet,ssvienet,enethar,enetvae
0.000000000000000000e+00,3.544521081337908441e+01,6.265610486655231171e+01,4.517095487134630361e+01,6.198141777746099024e+01,0.000000000000000000e+00,5.964958906328892141e+01
0.000000000000000000e+00,0.000000000000000000e+00,9.000222994133464738e+01,-3.510025517859716615e+01,9.214430887154136940e+01,0.000000000000000000e+00,-3.544521069327074514e+01
0.000000000000000000e+00,0.000000000000000000e+00,0.000000000000000000e+00,-6.240827784514824828e+01,-1.113086937070704430e+01,0.000000000000000000e+00,-6.265610479013667344e+01
0.000000000000000000e+00,0.000000000000000000e+00,0.000000000000000000e+00,0.000000000000000000e+00,6.173306392169314449e+01,0.000000000000000000e+00,-4.517094050322591414e+01
0.000000000000000000e+00,0.000000000000000000e+00,0.000000000000000000e+00,0.000000000000000000e+00,0.000000000000000000e+00,0.000000000000000000e+00,-6.198141769982807858e+01
0.000000000000000000e+00,0.000000000000000000e+00,0.000000000000000000e+00,0.000000000000000000e+00,0.000000000000000000e+00,0.000000000000000000e+00,0.000000000000000000e+00
0.000000000000000000e+00,0.000000000000000000e+00,0.000000000000000000e+00,0.000000000000000000e+00,0.000000000000000000e+00,0.000000000000000000e+00,0.000000000000000000e+00
