# mskridge,mskpca,mskplsridge,msknsridge,mskhar,mskvae
0.000000000000000000e+00,-1.367940616871381962e+02,-1.312207663349453313e+01,-1.751713400007335508e+01,6.288788120869297060e+00,-1.070585129622955662e+02
0.000000000000000000e+00,0.000000000000000000e+00,1.253377390022941853e+02,1.348108443686657836e+02,1.221657749536790760e+02,7.302980228155966813e+01
0.000000000000000000e+00,0.000000000000000000e+00,0.000000000000000000e+00,4.663409559940518534e+00,1.689463857516174627e+01,-1.177518827679333384e+02
0.000000000000000000e+00,0.000000000000000000e+00,0.000000000000000000e+00,0.000000000000000000e+00,1.875072842210516200e+01,-1.299973705341116954e+02
0.000000000000000000e+00,0.000000000000000000e+00,0.000000000000000000e+00,0.000000000000000000e+00,0.000000000000000000e+00,-1.243887613229549345e+02
0.000000000000000000e+00,0.000000000000000000e+00,0.000000000000000000e+00,0.000000000000000000e+00,0.000000000000000000e+00,0.000000000000000000e+00
