# tsklasso,tskplslasso,tsknslasso
0.000000000000000000e+00,6.304181639927595171e+01,2.931116444839599566e+01
0.000000000000000000e+00,0.000000000000000000e+00,-6.301978388113909091e+01
0.000000000000000000e+00,0.000000000000000000e+00,0.000000000000000000e+00
