# tskenet,tskenetpca,tskplsenet,tsknsenet,tskenethar,tskenetvae
0.000000000000000000e+00,nan,6.916543632081632609e+01,-6.360135737036388015e+00,2.144167334250788315e+01,nan
0.000000000000000000e+00,0.000000000000000000e+00,6.916543632081632609e+01,-6.360135737036388015e+00,2.144167334250788315e+01,nan
0.000000000000000000e+00,0.000000000000000000e+00,0.000000000000000000e+00,-6.916677093766622875e+01,-6.924634168882666074e+01,-6.926982037657742808e+01
0.000000000000000000e+00,0.000000000000000000e+00,0.000000000000000000e+00,0.000000000000000000e+00,2.421263407675245460e+01,6.144081524572739816e+00
0.000000000000000000e+00,0.000000000000000000e+00,0.000000000000000000e+00,0.000000000000000000e+00,0.000000000000000000e+00,-2.144167334250788315e+01
0.000000000000000000e+00,0.000000000000000000e+00,0.000000000000000000e+00,0.000000000000000000e+00,0.000000000000000000e+00,0.000000000000000000e+00
