# mskridge,mskplslasso,mskplsenet
0.000000000000000000e+00,-1.169507181458491551e+01,-1.144875153609536866e+01
0.000000000000000000e+00,0.000000000000000000e+00,1.421883723439210812e+01
0.000000000000000000e+00,0.000000000000000000e+00,0.000000000000000000e+00
