# msklasso,msklassopca,mskplslasso,msknslasso,msklassohar,msklassovae
0.000000000000000000e+00,nan,5.701057655910855715e+01,-6.944973055145781871e+01,-4.348495415242145157e+01,nan
0.000000000000000000e+00,0.000000000000000000e+00,5.701057655910855715e+01,-6.944973055145781871e+01,-4.348495415242145157e+01,nan
0.000000000000000000e+00,0.000000000000000000e+00,0.000000000000000000e+00,-8.072965517287697423e+01,-5.701640597940824051e+01,-5.701057655910855715e+01
0.000000000000000000e+00,0.000000000000000000e+00,0.000000000000000000e+00,0.000000000000000000e+00,6.944851042213940673e+01,6.944973055145781871e+01
0.000000000000000000e+00,0.000000000000000000e+00,0.000000000000000000e+00,0.000000000000000000e+00,0.000000000000000000e+00,4.348495415242145157e+01
0.000000000000000000e+00,0.000000000000000000e+00,0.000000000000000000e+00,0.000000000000000000e+00,0.000000000000000000e+00,0.000000000000000000e+00
