# mskenet,mskenetpca,mskplsenet,msknsenet,mskenethar,mskenetvae
0.000000000000000000e+00,nan,6.894972671713897228e+01,-4.780144134097162834e+01,2.144167334250788315e+01,nan
0.000000000000000000e+00,0.000000000000000000e+00,6.894972671713897228e+01,-4.780144134097162834e+01,2.144167334250788315e+01,nan
0.000000000000000000e+00,0.000000000000000000e+00,0.000000000000000000e+00,-7.497665287284975477e+01,-6.904627843154825939e+01,-6.906506143401972508e+01
0.000000000000000000e+00,0.000000000000000000e+00,0.000000000000000000e+00,0.000000000000000000e+00,4.801580174824807301e+01,4.797388218744288224e+01
0.000000000000000000e+00,0.000000000000000000e+00,0.000000000000000000e+00,0.000000000000000000e+00,0.000000000000000000e+00,-2.144167334250788315e+01
0.000000000000000000e+00,0.000000000000000000e+00,0.000000000000000000e+00,0.000000000000000000e+00,0.000000000000000000e+00,0.000000000000000000e+00
