# tskridge,tskplsridge,tsknsridge
0.000000000000000000e+00,-1.208124038416685941e+01,-1.002131344113311506e+01
0.000000000000000000e+00,0.000000000000000000e+00,1.164045088189610411e+01
0.000000000000000000e+00,0.000000000000000000e+00,0.000000000000000000e+00
