# pmridge,mskridge,tskridge,ridge
0.000000000000000000e+00,-6.461003552191296073e+00,2.974119062506667799e+00,-4.141464504546844339e+00
0.000000000000000000e+00,0.000000000000000000e+00,1.512774720427647424e+01,5.637647938559616767e-01
0.000000000000000000e+00,0.000000000000000000e+00,0.000000000000000000e+00,-1.134282793216391205e+01
0.000000000000000000e+00,0.000000000000000000e+00,0.000000000000000000e+00,0.000000000000000000e+00
