# lasso,plslasso,ctlasso,ssvilasso
0.000000000000000000e+00,6.759060371863937178e+01,3.173089835946971604e+01,6.343203901529889777e+01
0.000000000000000000e+00,0.000000000000000000e+00,-6.712662135906114713e+01,1.122431911074706079e+00
0.000000000000000000e+00,0.000000000000000000e+00,0.000000000000000000e+00,6.300620736868084748e+01
0.000000000000000000e+00,0.000000000000000000e+00,0.000000000000000000e+00,0.000000000000000000e+00
