# enet,plsenet,ctenet,ssvienet
0.000000000000000000e+00,6.228057169304769758e+01,4.483830081201374895e+01,6.154580700560394746e+01
0.000000000000000000e+00,0.000000000000000000e+00,-6.204051286870961235e+01,-1.778243571476604856e+01
0.000000000000000000e+00,0.000000000000000000e+00,0.000000000000000000e+00,6.130247140208145140e+01
0.000000000000000000e+00,0.000000000000000000e+00,0.000000000000000000e+00,0.000000000000000000e+00
