# msklasso,msklassopca,mskplslasso,msknslasso,msklassohar,msklassovae
0.000000000000000000e+00,nan,7.293215754019711028e+01,-7.207220412882873006e+01,3.056427528310128849e+01,nan
0.000000000000000000e+00,0.000000000000000000e+00,7.293215754019711028e+01,-7.207220412882873006e+01,3.056427528310128849e+01,nan
0.000000000000000000e+00,0.000000000000000000e+00,0.000000000000000000e+00,-9.504808649559019784e+01,-7.292987756900447494e+01,-7.293215754019711028e+01
0.000000000000000000e+00,0.000000000000000000e+00,0.000000000000000000e+00,0.000000000000000000e+00,7.207450866672608925e+01,7.207220412882873006e+01
0.000000000000000000e+00,0.000000000000000000e+00,0.000000000000000000e+00,0.000000000000000000e+00,0.000000000000000000e+00,-3.056427528310128849e+01
0.000000000000000000e+00,0.000000000000000000e+00,0.000000000000000000e+00,0.000000000000000000e+00,0.000000000000000000e+00,0.000000000000000000e+00
