# msklasso,mskplslasso,msknslasso
0.000000000000000000e+00,5.701057655910857136e+01,-6.944973055145786134e+01
0.000000000000000000e+00,0.000000000000000000e+00,-8.072965517287704529e+01
0.000000000000000000e+00,0.000000000000000000e+00,0.000000000000000000e+00
