# ridge,pca,plsridge,ctridge,ssviridge,har,vae
0.000000000000000000e+00,-1.262150667222862950e+02,-1.671233395484776096e+01,-2.735757387258795603e+01,-3.504096417029364829e+01,7.611294200057608705e+00,-8.309329228397464817e+01
0.000000000000000000e+00,0.000000000000000000e+00,9.930650911769463107e+01,8.839509794456940028e+01,1.150978938235873983e+02,1.255888519308413862e+02,-6.152489782387741002e+01
0.000000000000000000e+00,0.000000000000000000e+00,0.000000000000000000e+00,-1.331698614804076364e+01,6.542603614644121102e+00,1.938519667160424120e+01,-8.161337400323121472e+01
0.000000000000000000e+00,0.000000000000000000e+00,0.000000000000000000e+00,0.000000000000000000e+00,1.910783945198586409e+01,3.016121945950990124e+01,-8.047930177753050884e+01
0.000000000000000000e+00,0.000000000000000000e+00,0.000000000000000000e+00,0.000000000000000000e+00,0.000000000000000000e+00,4.471235414292482346e+01,-8.207726072719771082e+01
0.000000000000000000e+00,0.000000000000000000e+00,0.000000000000000000e+00,0.000000000000000000e+00,0.000000000000000000e+00,0.000000000000000000e+00,-8.330520000775140943e+01
0.000000000000000000e+00,0.000000000000000000e+00,0.000000000000000000e+00,0.000000000000000000e+00,0.000000000000000000e+00,0.000000000000000000e+00,0.000000000000000000e+00
