# mskridge,mskpca,mskplsridge,msknsridge,mskhar,mskvae
0.000000000000000000e+00,-1.213647005186377044e+02,-1.810598543541905414e+01,-1.666043055627797997e+01,0.000000000000000000e+00,-7.495447272597317578e+01
0.000000000000000000e+00,0.000000000000000000e+00,1.022994987020398270e+02,1.247802317382971893e+02,0.000000000000000000e+00,7.529161835091757382e+01
0.000000000000000000e+00,0.000000000000000000e+00,0.000000000000000000e+00,1.265842655967263930e+01,0.000000000000000000e+00,-8.364993972506539421e+01
0.000000000000000000e+00,0.000000000000000000e+00,0.000000000000000000e+00,0.000000000000000000e+00,0.000000000000000000e+00,-8.617808724543102983e+01
0.000000000000000000e+00,0.000000000000000000e+00,0.000000000000000000e+00,0.000000000000000000e+00,0.000000000000000000e+00,0.000000000000000000e+00
0.000000000000000000e+00,0.000000000000000000e+00,0.000000000000000000e+00,0.000000000000000000e+00,0.000000000000000000e+00,0.000000000000000000e+00
