# lasso,plslasso,ctlasso,ssvilasso
0.000000000000000000e+00,4.818369214845486681e+01,2.242205427010660657e+01,4.673213917309972487e+01
0.000000000000000000e+00,0.000000000000000000e+00,-4.783246657251839196e+01,-5.140293417867439985e+00
0.000000000000000000e+00,0.000000000000000000e+00,0.000000000000000000e+00,4.639926880982207535e+01
0.000000000000000000e+00,0.000000000000000000e+00,0.000000000000000000e+00,0.000000000000000000e+00
