# tskenet,tskplsenet,tsknsenet
0.000000000000000000e+00,7.028849350016500352e+01,-2.265987629777658885e+00
0.000000000000000000e+00,0.000000000000000000e+00,-7.028800854834837253e+01
0.000000000000000000e+00,0.000000000000000000e+00,0.000000000000000000e+00
