# mskenet,mskplsenet,msknsenet
0.000000000000000000e+00,4.860501002369684898e+01,-6.625279146526791862e+01
0.000000000000000000e+00,0.000000000000000000e+00,-9.891297128314653264e+01
0.000000000000000000e+00,0.000000000000000000e+00,0.000000000000000000e+00
