# pmenet,pmplsenet
0.000000000000000000e+00,6.035968436664798986e+01
0.000000000000000000e+00,0.000000000000000000e+00
