# lasso,lassopca,plslasso,ctlasso,ssvilasso,lassohar,lassovae
0.000000000000000000e+00,4.007549793404199789e+01,6.379528359486936750e+01,4.603995750265624309e+01,6.207441912295072228e+01,3.354471281941979299e+01,-6.432224987548191564e+01
0.000000000000000000e+00,0.000000000000000000e+00,6.946820398896343818e+01,-3.950223924292948396e+01,6.761608981365843363e+01,-4.005624965284755490e+01,-4.007549849926983399e+01
0.000000000000000000e+00,0.000000000000000000e+00,0.000000000000000000e+00,-6.353052199720909243e+01,7.226384890566338592e-01,-6.378960705611648052e+01,-6.379528380631534645e+01
0.000000000000000000e+00,0.000000000000000000e+00,0.000000000000000000e+00,0.000000000000000000e+00,6.182020737907581065e+01,-4.356474429406397064e+01,-4.604000414832905363e+01
0.000000000000000000e+00,0.000000000000000000e+00,0.000000000000000000e+00,0.000000000000000000e+00,0.000000000000000000e+00,-6.206829867771092779e+01,-6.207441933825715097e+01
0.000000000000000000e+00,0.000000000000000000e+00,0.000000000000000000e+00,0.000000000000000000e+00,0.000000000000000000e+00,0.000000000000000000e+00,-3.354526502639654240e+01
0.000000000000000000e+00,0.000000000000000000e+00,0.000000000000000000e+00,0.000000000000000000e+00,0.000000000000000000e+00,0.000000000000000000e+00,0.000000000000000000e+00
