,m,st,mt,lt
0,itm,1.7349853701066277e-12,4.306011196818879e-13,2.6870747732050137e-12
1,atm,2.0165741702759356e-15,1.1975447859922703e-13,9.755613313750437e-13
2,otm,9.101359682372178e-10,3.423953129583944e-10,2.643612680650349e-08
