,m,st,mt,lt
0,itm,-0.4100933003969853,-1.4015101052188728,-10.391891370436301
1,atm,6.399053809223831,3.6355488066441177,3.184111549707358
2,otm,10.151989796442217,14.41807146014077,13.873670511979396
