,m,st,mt,lt
0,itm,3.4670818238008994,5.437581527673229,-6.372599045792748
1,atm,11.896624424165736,18.54237943402024,5.383475525431203
2,otm,14.328685915464312,22.54390988271856,12.838832505002106
