,m,st,mt,lt
0,itm,1.5363249039088491,1.9923229432980427,1.9154876365476003
1,atm,1.3022659839244846,1.2884514933885267,1.4712852157199579
2,otm,1.665077588742509,2.391151623483089,2.788525227058058
