,m,st,mt,lt
0,itm,8.05130153844676e-23,2.9620552304994254e-39,1.0172007177507825e-17
1,atm,1.2745737195056656e-18,4.672009628899043e-22,3.0473935184224503e-15
2,otm,1.0090615213496292e-16,2.4371519757075196e-17,7.122708430421958e-18
