,m,st,mt,lt
0,itm,2.563967283197033,5.889412751687062,-4.887619667487586
1,atm,10.234123469167578,19.148452134749938,4.631869228687746
2,otm,12.483063101142477,22.853992547353386,11.946449836295692
