,m,st,mt,lt
0,itm,2.563967283197055,5.889412751687074,-4.887619667487542
1,atm,10.234123469167544,19.14845213475005,4.631869228687801
2,otm,12.483063101142466,22.853992547353396,11.946449836295681
