,m,st,mt,lt
0,itm,0.3684745249838983,0.1698898552508128,0.0009058916134534829
1,atm,0.826408030653915,0.8092240120139512,0.4589556836166432
2,otm,0.30115370932089214,0.0871651070043743,0.014851918778847313
