,m,st,mt,lt
0,itm,0.17268301620937831,0.060354313274232324,0.11872312455869882
1,atm,0.17346251150816394,0.1608330586275214,0.14310523341371972
2,otm,0.07129362380216109,0.01805672261030515,0.8098120325561404
