,m,st,mt,lt
0,itm,9.086126164000429e-10,6.850846346021457e-14,5.253679157431128e-10
1,atm,6.012633057090783e-14,1.1352179539904899e-14,6.231799984392594e-12
2,otm,2.7054109733752054e-10,1.4947129912031556e-12,3.9085398579559654e-11
