,m,st,mt,lt
0,itm,7.281261294189778,15.896401768778057,17.809411091219683
1,atm,17.30668605830673,28.427870497264774,28.31554903395136
2,otm,5.969467373602999,12.383519495028816,11.78778055046955
