,m,st,mt,lt
0,itm,3.006555444084769e-14,2.943872324236256e-20,1.300804712553583e-13
1,atm,8.228480693571076e-10,8.57795044572363e-13,1.3115048635225915e-12
2,otm,1.2907095687882622e-12,3.34697345945276e-12,1.3635433776571135e-11
