,m,st,mt,lt
0,itm,0.8629811606023231,0.500932660111943,3.0619681432187335e-05
1,atm,0.4470208529504722,0.6900862352813059,0.7357495362355388
2,otm,0.04625175504299472,0.031038033418707933,0.0014904393014469387
