,m,st,mt,lt
0,itm,6.8328271874471325,15.231984731148762,-9.412994108893514
1,atm,17.514653002559044,26.654020940102995,14.070889179893985
2,otm,4.879244847071352,8.305053042663168,0.5854105290444278
