,m,st,mt,lt
0,itm,7.281261294189756,15.896401768778068,17.80941109121983
1,atm,17.30668605830682,28.427870497264742,28.315549033951438
2,otm,5.969467373602999,12.383519495028805,11.78778055046953
