,m,st,mt,lt
0,itm,6.417604881125715,14.355739537601975,16.554087982353504
1,atm,16.689150929054264,28.786650581251173,30.249847723525015
2,otm,4.517562201915415,11.82886330297358,13.719919523363355
