,m,st,mt,lt
0,itm,0.1295841779258764,0.06530239350201189,0.16591595071523502
1,atm,0.133030978439858,0.13054221364965146,0.135028534011146
2,otm,0.01626185476756443,0.0006142066735690092,0.0004957929750046312
