,m,st,mt,lt
0,itm,1.6780235516001627,1.2193664042753185,-4.4997664265546256
1,atm,1.0212708290404813,1.0323310429299803,-0.20325268571737964
2,otm,1.5529698050937228,2.065813740344385,1.8460297102335292
