,m,st,mt,lt
0,itm,1.938068282954403e-12,3.582984063694735e-15,6.717139213300635e-11
1,atm,3.148491072984927e-09,2.275302527131806e-11,1.63278752919891e-10
2,otm,1.438382749999582e-10,3.78789303080846e-11,8.321672742932748e-10
