,m,st,mt,lt
0,itm,-0.04920172813593915,-0.8104191828611773,-9.375527834159648
1,atm,6.402445880584473,6.699058659011348,9.49147653649055
2,otm,10.786600761875631,18.95625904884256,19.137362817476266
