,m,st,mt,lt
0,itm,0.19741062764735495,0.09440688414544196,0.11416193574119082
1,atm,0.26820052622380997,0.249247852419046,0.18969030585147528
2,otm,0.3125347110564095,0.06573541228745951,0.010065334875393466
