,m,st,mt,lt
0,itm,4.846599865128376e-13,1.845435088228173e-15,4.2582983012369175e-16
1,atm,1.7675345686379328e-19,2.429556489580747e-17,1.246336909304376e-19
2,otm,1.545947327396038e-14,1.4689520473546625e-14,2.836396767155706e-11
