,m,st,mt,lt
0,itm,1.5153382655894254e-12,1.2049591559634878e-13,1.715452019841216e-13
1,atm,1.1046821454910087e-16,7.128468367380803e-15,5.219508154956982e-15
2,otm,2.432926972230815e-13,5.719296270584354e-13,5.7391478814820145e-09
