,m,st,mt,lt
0,itm,8.059934305013137e-16,1.1915364901592309e-15,1.1433990325210335e-12
1,atm,4.445320938605853e-17,4.1310634508004697e-14,1.516433281790637e-11
2,otm,1.1280693694408588e-18,1.1857084341412766e-15,1.3302138373724434e-14
