,m,st,mt,lt
0,itm,5.054094057016129e-07,4.5066897915921755e-10,7.064194612732237e-09
1,atm,1.4027069730240911e-11,4.0354224039261105e-12,7.80404133325371e-10
2,otm,6.744306473310589e-10,1.6283237419107123e-10,2.006663636056912e-08
