,m,st,mt,lt
0,itm,-3.4971258016290863,-4.811905173262132,-11.317614577821722
1,atm,2.953010406275225,3.5563474418328966,10.096241367758607
2,otm,7.817325477044401,17.147923000841047,19.542378720159526
