,m,st,mt,lt
0,itm,0.15374324871874978,0.1451281933881099,0.008999488848365508
1,atm,0.3242837212092232,0.2641477810112203,0.5878603627793503
2,otm,0.07621209468768138,0.028289041557468867,0.0227946452458227
