,m,st,mt,lt
0,itm,2.180963776525214e-14,6.695340077506225e-14,2.794412716695957e-11
1,atm,6.425457853143984e-14,3.155378983529835e-12,7.581794680876706e-10
2,otm,1.1433080672842307e-12,5.1260828966094585e-12,1.5695654189496367e-11
