,m,st,mt,lt
0,itm,-0.9002451824169543,-1.3745280549699173,-3.3276292544178276
1,atm,0.21991653537284364,0.24202504924415516,0.7418324603268843
2,otm,1.0351603652698946,1.7138894521901311,2.439948555471759
