,m,st,mt,lt
0,itm,9.808139376172464,22.176182846784332,-11.382331630198571
1,atm,22.23017136532054,34.441427550871,9.536262220615422
2,otm,8.191631039292824,13.05128340190448,-4.858501387538872
