,m,st,mt,lt
0,itm,6.417604881125749,14.355739537602041,16.554087982353483
1,atm,16.689150929054385,28.78665058125116,30.249847723525047
2,otm,4.517562201915437,11.82886330297357,13.719919523363288
