,m,st,mt,lt
0,itm,0.975266071449911,1.3996715119128802,-1.6374726482760549
1,atm,0.8083852510163992,1.0367500415381348,0.3637818898237366
2,otm,1.4796620485952472,2.0275715766457254,1.6738591090060013
