,m,st,mt,lt
0,itm,1.3658176478868413,1.88243226576056,-1.561416633995147
1,atm,1.3714592400399712,1.4120631272199902,1.469413363650407
2,otm,1.80790289152913,2.3722223379326306,0.24072841711287465
