,m,st,mt,lt
0,itm,7.266249712344813e-08,1.496622384372795e-10,1.3814779678280095e-09
1,atm,2.359830375142208e-12,7.386902268333824e-13,7.367782828594687e-11
2,otm,2.2741111191336776e-10,5.229762533752896e-11,5.692561497858855e-09
