,m,st,mt,lt
0,itm,9.086126163999564e-10,6.850846346021332e-14,5.253679157430879e-10
1,atm,6.012633057091349e-14,1.1352179539904897e-14,6.231799984392548e-12
2,otm,2.7054109733751847e-10,1.4947129912031288e-12,3.9085398579560636e-11
