,m,st,mt,lt
0,itm,9.808139376172399,22.176182846784332,-11.382331630198571
1,atm,22.230171365320615,34.441427550871,9.536262220615466
2,otm,8.19163103929288,13.05128340190449,-4.858501387538894
