,m,st,mt,lt
0,itm,9.388792103708477,22.17544000782967,-9.898997902565231
1,atm,22.29029389488526,34.796251961085765,12.22224967055986
2,otm,8.58253012450283,13.753431619028532,-2.0887936959594455
