,m,st,mt,lt
0,itm,5.753348858989671,10.449392008485193,8.862487585167756
1,atm,14.092046637807298,22.004572330552406,18.465522443484318
2,otm,6.0645303462814155,10.657601625723313,9.080200362232006
