,m,st,mt,lt
0,itm,0.11870978743938698,0.04098913194140472,0.12503897288399235
1,atm,0.1985751437793235,0.18727125766823804,0.46236144784936606
2,otm,0.038875351507813544,0.018423397840101385,0.13007811696117144
