,m,st,mt,lt
0,itm,2.6202254189038765,3.277126399125263,-11.460334237596337
1,atm,8.529175332293814,12.32535005139307,-1.6717694355384616
2,otm,9.489555406372075,14.855177002404718,8.429082948335221
