,m,st,mt,lt
0,itm,1.5185442913177036,1.8472194405003017,1.3863985249134256
1,atm,1.5152438048267898,1.5236664669019215,1.4999049538361424
2,otm,2.412122297804001,3.4470624313019718,3.493805710968933
