,m,st,mt,lt
0,itm,1.428858729351131,1.4592220488731809,-2.6168876276009354
1,atm,0.9908338337184236,1.1225345556062716,0.5427122737666863
2,otm,1.7772191254724665,2.199606095579669,2.2801751081502797
