,m,st,mt,lt
0,itm,5.753348858989693,10.449392008485159,8.86248758516781
1,atm,14.092046637807254,22.004572330552495,18.465522443484282
2,otm,6.064530346281338,10.657601625723313,9.080200362232006
