,m,st,mt,lt
0,itm,7.291135572439077e-20,4.564390868455093e-22,1.6094821472052508e-16
1,atm,1.007929378088179e-23,1.6389181350498499e-19,9.086897303841418e-16
2,otm,7.457528206163401e-30,1.7953138648689136e-26,3.1257065909859286e-28
