,m,st,mt,lt
0,itm,-11.587660817700463,-5.343632942577448,3.017133823251894
1,atm,6.681347936817872,14.579661136381628,9.47781567450251
2,otm,10.157775131837798,15.875436944532439,6.776954518778
