,m,st,mt,lt
0,itm,-0.015644378579921923,-0.29700470450079974,-3.4438920607587775
1,atm,0.5086470172176989,0.5155293471262337,0.8707706486441469
2,otm,1.6952586280523299,2.076535189048228,2.8284917276507353
