,m,st,mt,lt
0,itm,-0.17267995307968195,-0.6735093316075448,-4.186896379299637
1,atm,0.7635613175293493,0.3998198402140955,0.33790171210855496
2,otm,1.9986464132736341,2.1626582005141213,3.184843698973309
