,models,rmse,rmsestd,r2:,r2std
0,pmridge,0.013818276267628542,0.009635813325284282,0.895700524978644,0.051118354899096365
1,ridge,0.01612875022920028,0.009499768758942343,0.8718937373956663,0.06605802733051318
2,tskridge,0.01345547340911411,0.008848949530897869,0.9050809489220708,0.05106275110134838
3,mskridge,0.014329440520490063,0.00867938294800658,0.8984033750381265,0.05600542927559162
