,models,rmse,rmsestd,r2:,r2std
0,pmridge,0.015177142870277627,0.011063321978543992,0.8744286624464401,0.08200147040325763
1,ridge,0.016605218536791182,0.01032619038177792,0.8624967324785844,0.10043363777151558
2,tskridge,0.015405255307089758,0.010101781870417508,0.878308204292016,0.08873548623801954
3,mskridge,0.016788808392558696,0.010122624622641003,0.8619237203485784,0.1073375973041366
