# mskridge,mskplsridge,msknsridge
0.000000000000000000e+00,8.561722092333818055e-36,2.500495167752769155e-31
0.000000000000000000e+00,0.000000000000000000e+00,1.306844517084054649e-33
0.000000000000000000e+00,0.000000000000000000e+00,0.000000000000000000e+00
