# mskridge,mskplslasso,mskplsenet
0.000000000000000000e+00,6.322681416149304809e-241,8.951034744941567498e-154
0.000000000000000000e+00,0.000000000000000000e+00,0.000000000000000000e+00
0.000000000000000000e+00,0.000000000000000000e+00,0.000000000000000000e+00
