# ridge,plslasso,plsenet
0.000000000000000000e+00,7.625053603059858687e-03,7.376559040632642630e-03
0.000000000000000000e+00,0.000000000000000000e+00,5.297508721371290141e-01
0.000000000000000000e+00,0.000000000000000000e+00,0.000000000000000000e+00
