# tskridge,tskplsridge,tsknsridge
0.000000000000000000e+00,8.611523484161444281e-31,1.328711177662288937e-16
0.000000000000000000e+00,0.000000000000000000e+00,1.304195846167043191e-40
0.000000000000000000e+00,0.000000000000000000e+00,0.000000000000000000e+00
