# pmridge,pmpca,pmplsridge,pmhar
0.000000000000000000e+00,1.014403099165043347e-27,2.567897808758198162e-27,9.092505404364508159e-01
0.000000000000000000e+00,0.000000000000000000e+00,9.796864170640062122e-26,1.193696925414429438e-21
0.000000000000000000e+00,0.000000000000000000e+00,0.000000000000000000e+00,7.536241105792180973e-30
0.000000000000000000e+00,0.000000000000000000e+00,0.000000000000000000e+00,0.000000000000000000e+00
