# pmridge,pmpca,pmplsridge,pmhar,pmvae
0.000000000000000000e+00,0.000000000000000000e+00,3.214851963970375603e-26,6.622442088526318826e-02,0.000000000000000000e+00
0.000000000000000000e+00,0.000000000000000000e+00,0.000000000000000000e+00,0.000000000000000000e+00,2.086675326045091536e-222
0.000000000000000000e+00,0.000000000000000000e+00,0.000000000000000000e+00,1.359065279723467023e-01,0.000000000000000000e+00
0.000000000000000000e+00,0.000000000000000000e+00,0.000000000000000000e+00,0.000000000000000000e+00,0.000000000000000000e+00
0.000000000000000000e+00,0.000000000000000000e+00,0.000000000000000000e+00,0.000000000000000000e+00,0.000000000000000000e+00
