# lasso,plslasso,ctlasso,ssvilasso
0.000000000000000000e+00,0.000000000000000000e+00,1.336754658673532151e-105,0.000000000000000000e+00
0.000000000000000000e+00,0.000000000000000000e+00,0.000000000000000000e+00,2.860369103349783961e-07
0.000000000000000000e+00,0.000000000000000000e+00,0.000000000000000000e+00,0.000000000000000000e+00
0.000000000000000000e+00,0.000000000000000000e+00,0.000000000000000000e+00,0.000000000000000000e+00
