# mskhar,mskplslasso,mskplsenet
0.000000000000000000e+00,3.891150620118865358e-168,2.018088809258783804e-105
0.000000000000000000e+00,0.000000000000000000e+00,0.000000000000000000e+00
0.000000000000000000e+00,0.000000000000000000e+00,0.000000000000000000e+00
