# mskridge,mskplslasso,mskplsenet
0.000000000000000000e+00,1.567644870255525291e-126,9.966270886301031224e-71
0.000000000000000000e+00,0.000000000000000000e+00,0.000000000000000000e+00
0.000000000000000000e+00,0.000000000000000000e+00,0.000000000000000000e+00
