# ridge,pca,plsridge,ctridge,ssviridge,har,vae
0.000000000000000000e+00,2.988351792975267618e-68,9.297259905623915722e-57,1.906290065973710501e-93,2.161975581755988332e-168,4.402719535057870350e-11,0.000000000000000000e+00
0.000000000000000000e+00,0.000000000000000000e+00,2.592522153646202162e-34,2.121269005183230916e-72,1.066464265393355770e-03,5.024836327650959680e-144,0.000000000000000000e+00
0.000000000000000000e+00,0.000000000000000000e+00,0.000000000000000000e+00,3.961668860091210886e-02,8.187969314560037474e-21,1.911696196643251523e-72,0.000000000000000000e+00
0.000000000000000000e+00,0.000000000000000000e+00,0.000000000000000000e+00,0.000000000000000000e+00,1.833798460998949049e-43,2.482665370682166983e-120,0.000000000000000000e+00
0.000000000000000000e+00,0.000000000000000000e+00,0.000000000000000000e+00,0.000000000000000000e+00,0.000000000000000000e+00,1.472969919903877770e-292,0.000000000000000000e+00
0.000000000000000000e+00,0.000000000000000000e+00,0.000000000000000000e+00,0.000000000000000000e+00,0.000000000000000000e+00,0.000000000000000000e+00,0.000000000000000000e+00
0.000000000000000000e+00,0.000000000000000000e+00,0.000000000000000000e+00,0.000000000000000000e+00,0.000000000000000000e+00,0.000000000000000000e+00,0.000000000000000000e+00
