# pmhar,pmplslasso,pmplsenet
0.000000000000000000e+00,7.536241105792180973e-30,7.536241105792180973e-30
0.000000000000000000e+00,0.000000000000000000e+00,nan
0.000000000000000000e+00,0.000000000000000000e+00,0.000000000000000000e+00
