# tskridge,tskplsridge,tsknsridge
0.000000000000000000e+00,9.960111362241670200e-48,2.683124345430146681e-53
0.000000000000000000e+00,0.000000000000000000e+00,3.626178493309470722e-04
0.000000000000000000e+00,0.000000000000000000e+00,0.000000000000000000e+00
