# pmridge,pmplslasso,pmplsenet
0.000000000000000000e+00,9.129807027286455042e-35,9.129807027286455042e-35
0.000000000000000000e+00,0.000000000000000000e+00,nan
0.000000000000000000e+00,0.000000000000000000e+00,0.000000000000000000e+00
