# enet,enetpca,plsenet,ctenet,ssvienet,enethar,enetvae
0.000000000000000000e+00,1.625366867050642883e-212,0.000000000000000000e+00,9.272449147515339935e-196,0.000000000000000000e+00,8.739619697872635957e-91,0.000000000000000000e+00
0.000000000000000000e+00,0.000000000000000000e+00,0.000000000000000000e+00,6.420209834276225295e-204,0.000000000000000000e+00,5.281315153850779187e-212,4.391241589621889712e-213
0.000000000000000000e+00,0.000000000000000000e+00,0.000000000000000000e+00,0.000000000000000000e+00,2.244297147475806498e-116,0.000000000000000000e+00,0.000000000000000000e+00
0.000000000000000000e+00,0.000000000000000000e+00,0.000000000000000000e+00,0.000000000000000000e+00,0.000000000000000000e+00,7.280872390377388586e-158,2.739976418226162385e-211
0.000000000000000000e+00,0.000000000000000000e+00,0.000000000000000000e+00,0.000000000000000000e+00,0.000000000000000000e+00,0.000000000000000000e+00,0.000000000000000000e+00
0.000000000000000000e+00,0.000000000000000000e+00,0.000000000000000000e+00,0.000000000000000000e+00,0.000000000000000000e+00,0.000000000000000000e+00,8.722343953638298028e-91
0.000000000000000000e+00,0.000000000000000000e+00,0.000000000000000000e+00,0.000000000000000000e+00,0.000000000000000000e+00,0.000000000000000000e+00,0.000000000000000000e+00
