# tskridge,tskplslasso,tskplsenet
0.000000000000000000e+00,6.863708690969982293e-137,5.122427658519687009e-89
0.000000000000000000e+00,0.000000000000000000e+00,0.000000000000000000e+00
0.000000000000000000e+00,0.000000000000000000e+00,0.000000000000000000e+00
