# pmridge,mskridge,tskridge,ridge
0.000000000000000000e+00,1.151359134392937438e-10,2.954039424211251513e-03,3.514745964173544038e-05
0.000000000000000000e+00,0.000000000000000000e+00,1.859433983965633193e-50,5.729425402144053825e-01
0.000000000000000000e+00,0.000000000000000000e+00,0.000000000000000000e+00,2.028016108660995606e-29
0.000000000000000000e+00,0.000000000000000000e+00,0.000000000000000000e+00,0.000000000000000000e+00
