# pmridge,pmplsridge
0.000000000000000000e+00,1.296593373825813724e-18
0.000000000000000000e+00,0.000000000000000000e+00
