# mskridge,mskplsridge,msknsridge
0.000000000000000000e+00,1.949682796870460565e-31,3.405173752602819044e-25
0.000000000000000000e+00,0.000000000000000000e+00,1.452467331422413914e-30
0.000000000000000000e+00,0.000000000000000000e+00,0.000000000000000000e+00
