# pmridge,pmplsridge
0.000000000000000000e+00,1.196272980563804650e-27
0.000000000000000000e+00,0.000000000000000000e+00
