# ridge,plslasso,plsenet
0.000000000000000000e+00,1.247334492730674044e-56,1.141453508140499746e-56
0.000000000000000000e+00,0.000000000000000000e+00,1.046950046797814693e-18
0.000000000000000000e+00,0.000000000000000000e+00,0.000000000000000000e+00
