# pmridge,pmplsridge
0.000000000000000000e+00,2.385717503844370731e-33
0.000000000000000000e+00,0.000000000000000000e+00
