# ridge,plslasso,plsenet
0.000000000000000000e+00,7.343974561681494603e-06,4.796943955281335289e-06
0.000000000000000000e+00,0.000000000000000000e+00,3.596764297360983946e-55
0.000000000000000000e+00,0.000000000000000000e+00,0.000000000000000000e+00
