# ridge,plslasso,plsenet
0.000000000000000000e+00,5.919012095014469612e-15,4.646991402374199116e-15
0.000000000000000000e+00,0.000000000000000000e+00,1.064338948750291047e-08
0.000000000000000000e+00,0.000000000000000000e+00,0.000000000000000000e+00
