# ridge,plsridge,ctridge,ssviridge
0.000000000000000000e+00,7.415415851262462284e-03,9.773992109229192932e-75,3.120421820749365097e-13
0.000000000000000000e+00,0.000000000000000000e+00,1.344740566767734270e-139,3.363419084490098661e-27
0.000000000000000000e+00,0.000000000000000000e+00,0.000000000000000000e+00,2.592651405400400931e-78
0.000000000000000000e+00,0.000000000000000000e+00,0.000000000000000000e+00,0.000000000000000000e+00
