# tskridge,tskplsridge,tsknsridge
0.000000000000000000e+00,1.694699652657350346e-19,4.862180634570179878e-89
0.000000000000000000e+00,0.000000000000000000e+00,3.333988317921525907e-20
0.000000000000000000e+00,0.000000000000000000e+00,0.000000000000000000e+00
