# pmridge,pmplslasso,pmplsenet
0.000000000000000000e+00,3.214851963970375603e-26,3.214851963970375603e-26
0.000000000000000000e+00,0.000000000000000000e+00,nan
0.000000000000000000e+00,0.000000000000000000e+00,0.000000000000000000e+00
