# tskenet,tskplsenet,tsknsenet
0.000000000000000000e+00,0.000000000000000000e+00,2.905251974888484445e-200
0.000000000000000000e+00,0.000000000000000000e+00,0.000000000000000000e+00
0.000000000000000000e+00,0.000000000000000000e+00,0.000000000000000000e+00
