# ridge,plsridge,ctridge,ssviridge
0.000000000000000000e+00,1.269857105860284774e-01,2.453749316478928872e-08,3.038167707301576004e-14
0.000000000000000000e+00,0.000000000000000000e+00,9.672509882369651403e-11,2.209145566317069664e-13
0.000000000000000000e+00,0.000000000000000000e+00,0.000000000000000000e+00,2.063648727877975819e-36
0.000000000000000000e+00,0.000000000000000000e+00,0.000000000000000000e+00,0.000000000000000000e+00
