# tsklasso,tskplslasso,tsknslasso
0.000000000000000000e+00,0.000000000000000000e+00,4.044034877333368953e-204
0.000000000000000000e+00,0.000000000000000000e+00,0.000000000000000000e+00
0.000000000000000000e+00,0.000000000000000000e+00,0.000000000000000000e+00
