# pmlasso,pmlassopca,pmplslasso,pmlassohar,pmlassovae
0.000000000000000000e+00,nan,0.000000000000000000e+00,8.739619697872635957e-91,nan
0.000000000000000000e+00,0.000000000000000000e+00,0.000000000000000000e+00,8.739619697872635957e-91,nan
0.000000000000000000e+00,0.000000000000000000e+00,0.000000000000000000e+00,0.000000000000000000e+00,0.000000000000000000e+00
0.000000000000000000e+00,0.000000000000000000e+00,0.000000000000000000e+00,0.000000000000000000e+00,8.739619697872635957e-91
0.000000000000000000e+00,0.000000000000000000e+00,0.000000000000000000e+00,0.000000000000000000e+00,0.000000000000000000e+00
