# pmridge,pmplsridge
0.000000000000000000e+00,7.320081710043574334e-21
0.000000000000000000e+00,0.000000000000000000e+00
