# tskridge,tskplsridge,tsknsridge
0.000000000000000000e+00,2.353773396250478448e-32,1.037364957283062791e-25
0.000000000000000000e+00,0.000000000000000000e+00,3.496768633926612813e-07
0.000000000000000000e+00,0.000000000000000000e+00,0.000000000000000000e+00
