# tskenet,tskplsenet,tsknsenet
0.000000000000000000e+00,0.000000000000000000e+00,2.806162628394139931e-165
0.000000000000000000e+00,0.000000000000000000e+00,0.000000000000000000e+00
0.000000000000000000e+00,0.000000000000000000e+00,0.000000000000000000e+00
