# mskridge,mskplsridge,msknsridge
0.000000000000000000e+00,8.474785839948201973e-17,4.457788416795983622e-28
0.000000000000000000e+00,0.000000000000000000e+00,2.146728345695471107e-01
0.000000000000000000e+00,0.000000000000000000e+00,0.000000000000000000e+00
