# ridge,plsridge,ctridge,ssviridge
0.000000000000000000e+00,2.990570417470554973e-29,2.513102266115115923e-161,0.000000000000000000e+00
0.000000000000000000e+00,0.000000000000000000e+00,9.393461015302480073e-181,1.656802284556548587e-50
0.000000000000000000e+00,0.000000000000000000e+00,0.000000000000000000e+00,3.808132593530940626e-61
0.000000000000000000e+00,0.000000000000000000e+00,0.000000000000000000e+00,0.000000000000000000e+00
