# tskenet,tskenetpca,tskplsenet,tsknsenet,tskenethar,tskenetvae
0.000000000000000000e+00,nan,0.000000000000000000e+00,2.806162628729601740e-165,0.000000000000000000e+00,nan
0.000000000000000000e+00,0.000000000000000000e+00,0.000000000000000000e+00,2.806162628729601740e-165,0.000000000000000000e+00,nan
0.000000000000000000e+00,0.000000000000000000e+00,0.000000000000000000e+00,0.000000000000000000e+00,0.000000000000000000e+00,0.000000000000000000e+00
0.000000000000000000e+00,0.000000000000000000e+00,0.000000000000000000e+00,0.000000000000000000e+00,0.000000000000000000e+00,2.806162628729601740e-165
0.000000000000000000e+00,0.000000000000000000e+00,0.000000000000000000e+00,0.000000000000000000e+00,0.000000000000000000e+00,0.000000000000000000e+00
0.000000000000000000e+00,0.000000000000000000e+00,0.000000000000000000e+00,0.000000000000000000e+00,0.000000000000000000e+00,0.000000000000000000e+00
