# pmridge,pmplsridge
0.000000000000000000e+00,2.567897808753527466e-27
0.000000000000000000e+00,0.000000000000000000e+00
