# mskridge,mskplsridge,msknsridge
0.000000000000000000e+00,8.276044804930355992e-27,8.611947364525925586e-24
0.000000000000000000e+00,0.000000000000000000e+00,6.651423141701068144e-26
0.000000000000000000e+00,0.000000000000000000e+00,0.000000000000000000e+00
