# lasso,lassopca,plslasso,ctlasso,ssvilasso,lassohar,lassovae
0.000000000000000000e+00,1.777877468452243330e-205,0.000000000000000000e+00,1.969920628616975681e-199,0.000000000000000000e+00,0.000000000000000000e+00,1.233030773926906501e-287
0.000000000000000000e+00,0.000000000000000000e+00,0.000000000000000000e+00,1.119005629280812816e-179,0.000000000000000000e+00,0.000000000000000000e+00,1.777850775414616851e-205
0.000000000000000000e+00,0.000000000000000000e+00,0.000000000000000000e+00,0.000000000000000000e+00,2.617393179809278658e-01,0.000000000000000000e+00,0.000000000000000000e+00
0.000000000000000000e+00,0.000000000000000000e+00,0.000000000000000000e+00,0.000000000000000000e+00,0.000000000000000000e+00,0.000000000000000000e+00,1.969425491013945064e-199
0.000000000000000000e+00,0.000000000000000000e+00,0.000000000000000000e+00,0.000000000000000000e+00,0.000000000000000000e+00,0.000000000000000000e+00,0.000000000000000000e+00
0.000000000000000000e+00,0.000000000000000000e+00,0.000000000000000000e+00,0.000000000000000000e+00,0.000000000000000000e+00,0.000000000000000000e+00,0.000000000000000000e+00
0.000000000000000000e+00,0.000000000000000000e+00,0.000000000000000000e+00,0.000000000000000000e+00,0.000000000000000000e+00,0.000000000000000000e+00,0.000000000000000000e+00
