# pmridge,pmplsridge
0.000000000000000000e+00,9.129807027269847551e-35
0.000000000000000000e+00,0.000000000000000000e+00
