# ridge,plsridge,ctridge,ssviridge
0.000000000000000000e+00,7.091506952786143410e-03,5.591195325249818615e-12,2.193110373427060722e-01
0.000000000000000000e+00,0.000000000000000000e+00,6.733704916573497458e-13,7.536198377491459408e-07
0.000000000000000000e+00,0.000000000000000000e+00,0.000000000000000000e+00,1.023189412996000399e-23
0.000000000000000000e+00,0.000000000000000000e+00,0.000000000000000000e+00,0.000000000000000000e+00
