# tskridge,tskplsridge,tsknsridge
0.000000000000000000e+00,3.438180395084202340e-15,1.945884562630744171e-30
0.000000000000000000e+00,0.000000000000000000e+00,6.899103776366741769e-01
0.000000000000000000e+00,0.000000000000000000e+00,0.000000000000000000e+00
