# tskridge,tskplsridge,tsknsridge
0.000000000000000000e+00,8.171182541442078131e-20,4.160245967035864081e-20
0.000000000000000000e+00,0.000000000000000000e+00,8.116650958603956551e-10
0.000000000000000000e+00,0.000000000000000000e+00,0.000000000000000000e+00
