# mskridge,mskplslasso,mskplsenet
0.000000000000000000e+00,1.690847936429599417e-140,8.450593912904365273e-71
0.000000000000000000e+00,0.000000000000000000e+00,0.000000000000000000e+00
0.000000000000000000e+00,0.000000000000000000e+00,0.000000000000000000e+00
