# tsklasso,tskplslasso,tsknslasso
0.000000000000000000e+00,0.000000000000000000e+00,8.778161614138535462e-02
0.000000000000000000e+00,0.000000000000000000e+00,0.000000000000000000e+00
0.000000000000000000e+00,0.000000000000000000e+00,0.000000000000000000e+00
