# mskridge,mskplsridge,msknsridge
0.000000000000000000e+00,9.947952117003273754e-22,5.808932438880427826e-20
0.000000000000000000e+00,0.000000000000000000e+00,3.440970594082049770e-16
0.000000000000000000e+00,0.000000000000000000e+00,0.000000000000000000e+00
