# mskridge,mskplsridge,msknsridge
0.000000000000000000e+00,5.821510533874144936e-32,3.938762822369839430e-39
0.000000000000000000e+00,0.000000000000000000e+00,2.806679018847049075e-28
0.000000000000000000e+00,0.000000000000000000e+00,0.000000000000000000e+00
