# mskridge,mskplsridge,msknsridge
0.000000000000000000e+00,9.217709640165600704e-71,1.653054006676127592e-60
0.000000000000000000e+00,0.000000000000000000e+00,4.167110719885116205e-36
0.000000000000000000e+00,0.000000000000000000e+00,0.000000000000000000e+00
