# msklasso,mskplslasso,msknslasso
0.000000000000000000e+00,0.000000000000000000e+00,3.153993131506768373e-260
0.000000000000000000e+00,0.000000000000000000e+00,0.000000000000000000e+00
0.000000000000000000e+00,0.000000000000000000e+00,0.000000000000000000e+00
