# tskridge,tskpca,tskplsridge,tsknsridge,tskhar,tskvae
0.000000000000000000e+00,0.000000000000000000e+00,1.029672525603400115e-54,1.959329570101187459e-32,2.588548195690497333e-09,0.000000000000000000e+00
0.000000000000000000e+00,0.000000000000000000e+00,0.000000000000000000e+00,0.000000000000000000e+00,0.000000000000000000e+00,3.836687547821341413e-81
0.000000000000000000e+00,0.000000000000000000e+00,0.000000000000000000e+00,7.152417539427270912e-66,1.109745172645705023e-64,0.000000000000000000e+00
0.000000000000000000e+00,0.000000000000000000e+00,0.000000000000000000e+00,0.000000000000000000e+00,3.533699926030327166e-54,0.000000000000000000e+00
0.000000000000000000e+00,0.000000000000000000e+00,0.000000000000000000e+00,0.000000000000000000e+00,0.000000000000000000e+00,0.000000000000000000e+00
0.000000000000000000e+00,0.000000000000000000e+00,0.000000000000000000e+00,0.000000000000000000e+00,0.000000000000000000e+00,0.000000000000000000e+00
