# ridge,plslasso,plsenet
0.000000000000000000e+00,1.144819823898836075e-01,1.187120327852635437e-01
0.000000000000000000e+00,0.000000000000000000e+00,4.057909692503758499e-03
0.000000000000000000e+00,0.000000000000000000e+00,0.000000000000000000e+00
