# ridge,plslasso,plsenet
0.000000000000000000e+00,6.505294720354976197e-03,5.399471856997708347e-03
0.000000000000000000e+00,0.000000000000000000e+00,5.573666925667390099e-10
0.000000000000000000e+00,0.000000000000000000e+00,0.000000000000000000e+00
