# pmhar,pmplslasso,pmplsenet
0.000000000000000000e+00,1.604937664079255561e-22,1.604937664079255561e-22
0.000000000000000000e+00,0.000000000000000000e+00,nan
0.000000000000000000e+00,0.000000000000000000e+00,0.000000000000000000e+00
