# mskhar,mskplslasso,mskplsenet
0.000000000000000000e+00,7.911927278120562221e-76,5.153553048313358382e-60
0.000000000000000000e+00,0.000000000000000000e+00,0.000000000000000000e+00
0.000000000000000000e+00,0.000000000000000000e+00,0.000000000000000000e+00
