# mskridge,mskplslasso,mskplsenet
0.000000000000000000e+00,1.197556701573982344e-83,4.017765196943180437e-56
0.000000000000000000e+00,0.000000000000000000e+00,0.000000000000000000e+00
0.000000000000000000e+00,0.000000000000000000e+00,0.000000000000000000e+00
