# ridge,plsridge,ctridge,ssviridge
0.000000000000000000e+00,4.129497129184984459e-06,4.656308449633504080e-27,3.705163400658175073e-04
0.000000000000000000e+00,0.000000000000000000e+00,4.136979191096678788e-61,5.853363231723506096e-05
0.000000000000000000e+00,0.000000000000000000e+00,0.000000000000000000e+00,2.882586368264242464e-50
0.000000000000000000e+00,0.000000000000000000e+00,0.000000000000000000e+00,0.000000000000000000e+00
