# tskridge,tskplsridge,tsknsridge
0.000000000000000000e+00,4.335809314361112854e-33,2.167471199503742442e-23
0.000000000000000000e+00,0.000000000000000000e+00,7.139070839874024052e-31
0.000000000000000000e+00,0.000000000000000000e+00,0.000000000000000000e+00
