# msklasso,mskplslasso,msknslasso
0.000000000000000000e+00,0.000000000000000000e+00,5.557032321156234664e-73
0.000000000000000000e+00,0.000000000000000000e+00,0.000000000000000000e+00
0.000000000000000000e+00,0.000000000000000000e+00,0.000000000000000000e+00
