# ridge,plslasso,plsenet
0.000000000000000000e+00,1.352588656044892190e-65,5.949495255286522761e-66
0.000000000000000000e+00,0.000000000000000000e+00,4.972359003916676425e-04
0.000000000000000000e+00,0.000000000000000000e+00,0.000000000000000000e+00
