# ridge,plslasso,plsenet
0.000000000000000000e+00,1.206145996437383164e-18,5.958982120450992659e-19
0.000000000000000000e+00,0.000000000000000000e+00,7.127125833982876670e-12
0.000000000000000000e+00,0.000000000000000000e+00,0.000000000000000000e+00
