# pmridge,pmplslasso,pmplsenet
0.000000000000000000e+00,2.567897808758198162e-27,2.567897808758198162e-27
0.000000000000000000e+00,0.000000000000000000e+00,nan
0.000000000000000000e+00,0.000000000000000000e+00,0.000000000000000000e+00
