# mskridge,mskplsridge,msknsridge
0.000000000000000000e+00,1.266366388401723018e-38,1.700602974440923533e-66
0.000000000000000000e+00,0.000000000000000000e+00,3.200992764553747306e-06
0.000000000000000000e+00,0.000000000000000000e+00,0.000000000000000000e+00
