# pmridge,pmplsridge
0.000000000000000000e+00,9.850222221008074534e-30
0.000000000000000000e+00,0.000000000000000000e+00
