# pmridge,pmplslasso,pmplsenet
0.000000000000000000e+00,7.320081710053164863e-21,7.320081710053164863e-21
0.000000000000000000e+00,0.000000000000000000e+00,nan
0.000000000000000000e+00,0.000000000000000000e+00,0.000000000000000000e+00
