# ridge,plsridge,ctridge,ssviridge
0.000000000000000000e+00,9.297259907640367554e-57,1.906290066309260943e-93,2.162000747811290388e-168
0.000000000000000000e+00,0.000000000000000000e+00,3.961668860069126469e-02,8.187937241787988443e-21
0.000000000000000000e+00,0.000000000000000000e+00,0.000000000000000000e+00,1.833786422158979882e-43
0.000000000000000000e+00,0.000000000000000000e+00,0.000000000000000000e+00,0.000000000000000000e+00
