# tsklasso,tskplslasso,tsknslasso
0.000000000000000000e+00,0.000000000000000000e+00,2.217916780698656294e-10
0.000000000000000000e+00,0.000000000000000000e+00,0.000000000000000000e+00
0.000000000000000000e+00,0.000000000000000000e+00,0.000000000000000000e+00
