# pmridge,pmpca,pmplsridge,pmhar,pmvae
0.000000000000000000e+00,0.000000000000000000e+00,7.305540707399483893e-22,8.753558175842736246e-25,0.000000000000000000e+00
0.000000000000000000e+00,0.000000000000000000e+00,0.000000000000000000e+00,0.000000000000000000e+00,1.059098185099388789e-215
0.000000000000000000e+00,0.000000000000000000e+00,0.000000000000000000e+00,1.051492987590899329e-23,0.000000000000000000e+00
0.000000000000000000e+00,0.000000000000000000e+00,0.000000000000000000e+00,0.000000000000000000e+00,0.000000000000000000e+00
0.000000000000000000e+00,0.000000000000000000e+00,0.000000000000000000e+00,0.000000000000000000e+00,0.000000000000000000e+00
