# tskridge,tskplsridge,tsknsridge
0.000000000000000000e+00,1.128405918848778990e-35,3.759792092588761170e-16
0.000000000000000000e+00,0.000000000000000000e+00,2.414332648147076122e-47
0.000000000000000000e+00,0.000000000000000000e+00,0.000000000000000000e+00
