# mskridge,mskplslasso,mskplsenet
0.000000000000000000e+00,3.829241662200269571e-31,6.220167457819685387e-30
0.000000000000000000e+00,0.000000000000000000e+00,6.608039003980423627e-45
0.000000000000000000e+00,0.000000000000000000e+00,0.000000000000000000e+00
