# pmridge,pmplslasso,pmplsenet
0.000000000000000000e+00,2.385717503848710103e-33,2.385717503848710103e-33
0.000000000000000000e+00,0.000000000000000000e+00,nan
0.000000000000000000e+00,0.000000000000000000e+00,0.000000000000000000e+00
