# lasso,plslasso,ctlasso,ssvilasso
0.000000000000000000e+00,0.000000000000000000e+00,1.969920632844768937e-199,0.000000000000000000e+00
0.000000000000000000e+00,0.000000000000000000e+00,0.000000000000000000e+00,2.617392228487422923e-01
0.000000000000000000e+00,0.000000000000000000e+00,0.000000000000000000e+00,0.000000000000000000e+00
0.000000000000000000e+00,0.000000000000000000e+00,0.000000000000000000e+00,0.000000000000000000e+00
