# ridge,plslasso,plsenet
0.000000000000000000e+00,2.590627430827282758e-30,7.746718886132240637e-30
0.000000000000000000e+00,0.000000000000000000e+00,4.800312241950432053e-62
0.000000000000000000e+00,0.000000000000000000e+00,0.000000000000000000e+00
