# pmridge,pmplslasso,pmplsenet
0.000000000000000000e+00,4.531559776383156753e-21,4.531559776383156753e-21
0.000000000000000000e+00,0.000000000000000000e+00,nan
0.000000000000000000e+00,0.000000000000000000e+00,0.000000000000000000e+00
