# ridge,plslasso,plsenet
0.000000000000000000e+00,2.511814097237710085e-06,2.559295488537594810e-06
0.000000000000000000e+00,0.000000000000000000e+00,1.889716338191489708e-02
0.000000000000000000e+00,0.000000000000000000e+00,0.000000000000000000e+00
