# msklasso,mskplslasso,msknslasso
0.000000000000000000e+00,0.000000000000000000e+00,6.563081260443539522e-192
0.000000000000000000e+00,0.000000000000000000e+00,0.000000000000000000e+00
0.000000000000000000e+00,0.000000000000000000e+00,0.000000000000000000e+00
