# pmridge,pmplslasso,pmplsenet
0.000000000000000000e+00,7.305540707399483893e-22,7.305540707399483893e-22
0.000000000000000000e+00,0.000000000000000000e+00,nan
0.000000000000000000e+00,0.000000000000000000e+00,0.000000000000000000e+00
