# pmridge,pmplsridge
0.000000000000000000e+00,3.553586893924798237e-21
0.000000000000000000e+00,0.000000000000000000e+00
