# ridge,plslasso,plsenet
0.000000000000000000e+00,2.384721843235443763e-44,1.519734748035091687e-44
0.000000000000000000e+00,0.000000000000000000e+00,2.717708377612008119e-01
0.000000000000000000e+00,0.000000000000000000e+00,0.000000000000000000e+00
