# tskridge,tskplsridge,tsknsridge
0.000000000000000000e+00,1.959570413115011945e-39,1.460038560232232580e-22
0.000000000000000000e+00,0.000000000000000000e+00,1.569187253738937055e-46
0.000000000000000000e+00,0.000000000000000000e+00,0.000000000000000000e+00
