# tskenet,tskplsenet,tsknsenet
0.000000000000000000e+00,0.000000000000000000e+00,2.349983236489489036e-02
0.000000000000000000e+00,0.000000000000000000e+00,0.000000000000000000e+00
0.000000000000000000e+00,0.000000000000000000e+00,0.000000000000000000e+00
