# pmhar,tskridge,mskhar,har
0.000000000000000000e+00,1.111332121025669917e-01,9.709340597116969951e-01,5.265246481136878209e-01
0.000000000000000000e+00,0.000000000000000000e+00,1.409619934404313666e-03,4.492401057018723110e-03
0.000000000000000000e+00,0.000000000000000000e+00,0.000000000000000000e+00,1.237812443616893576e-01
0.000000000000000000e+00,0.000000000000000000e+00,0.000000000000000000e+00,0.000000000000000000e+00
