# ridge,plsridge,ctridge,ssviridge
0.000000000000000000e+00,5.977842687608035322e-15,6.381309864460628367e-02,1.012015235234548852e-63
0.000000000000000000e+00,0.000000000000000000e+00,3.083221938127653509e-09,7.820370179462595933e-11
0.000000000000000000e+00,0.000000000000000000e+00,0.000000000000000000e+00,2.629103143984451073e-21
0.000000000000000000e+00,0.000000000000000000e+00,0.000000000000000000e+00,0.000000000000000000e+00
