# pmridge,pmplsridge
0.000000000000000000e+00,7.305540707386196104e-22
0.000000000000000000e+00,0.000000000000000000e+00
