# mskridge,mskplslasso,mskplsenet
0.000000000000000000e+00,1.262545678549858138e-56,5.523783403197002544e-44
0.000000000000000000e+00,0.000000000000000000e+00,0.000000000000000000e+00
0.000000000000000000e+00,0.000000000000000000e+00,0.000000000000000000e+00
