# pmridge,pmplsridge
0.000000000000000000e+00,3.214851963964527978e-26
0.000000000000000000e+00,0.000000000000000000e+00
