# pmridge,pmplsridge
0.000000000000000000e+00,4.531559776374914375e-21
0.000000000000000000e+00,0.000000000000000000e+00
