# pmridge,pmplslasso,pmplsenet
0.000000000000000000e+00,3.553586893931262139e-21,3.553586893931262139e-21
0.000000000000000000e+00,0.000000000000000000e+00,nan
0.000000000000000000e+00,0.000000000000000000e+00,0.000000000000000000e+00
