# ridge,plslasso,plsenet
0.000000000000000000e+00,1.568489782062811323e-60,1.179414852746227752e-60
0.000000000000000000e+00,0.000000000000000000e+00,1.191727433770051192e-01
0.000000000000000000e+00,0.000000000000000000e+00,0.000000000000000000e+00
