# ridge,pca,plsridge,ctridge,ssviridge,har,vae
0.000000000000000000e+00,3.597121884653317214e-98,7.294228135776038467e-61,1.777084580514923413e-152,7.432097494570733682e-238,3.290623574560512298e-14,0.000000000000000000e+00
0.000000000000000000e+00,0.000000000000000000e+00,2.257695709126746580e-25,2.874872210616456320e-119,1.406181693471534630e-09,3.820470148040632826e-172,0.000000000000000000e+00
0.000000000000000000e+00,0.000000000000000000e+00,0.000000000000000000e+00,1.046231014253696929e-39,6.726531947600696082e-11,1.922957363107170909e-80,0.000000000000000000e+00
0.000000000000000000e+00,0.000000000000000000e+00,0.000000000000000000e+00,0.000000000000000000e+00,2.693809932100732150e-78,4.786920220762307732e-182,0.000000000000000000e+00
0.000000000000000000e+00,0.000000000000000000e+00,0.000000000000000000e+00,0.000000000000000000e+00,0.000000000000000000e+00,0.000000000000000000e+00,0.000000000000000000e+00
0.000000000000000000e+00,0.000000000000000000e+00,0.000000000000000000e+00,0.000000000000000000e+00,0.000000000000000000e+00,0.000000000000000000e+00,0.000000000000000000e+00
0.000000000000000000e+00,0.000000000000000000e+00,0.000000000000000000e+00,0.000000000000000000e+00,0.000000000000000000e+00,0.000000000000000000e+00,0.000000000000000000e+00
