# pmridge,pmplslasso,pmplsenet
0.000000000000000000e+00,6.452572284899151280e-28,6.452572284899151280e-28
0.000000000000000000e+00,0.000000000000000000e+00,nan
0.000000000000000000e+00,0.000000000000000000e+00,0.000000000000000000e+00
