# tskridge,tskpca,tskplsridge,tsknsridge,tskhar,tskvae
0.000000000000000000e+00,1.382711272244953102e-44,2.963890216702529838e-39,1.428919758305221830e-16,1.756542713545040657e-01,0.000000000000000000e+00
0.000000000000000000e+00,0.000000000000000000e+00,2.263029300514920895e-26,7.545177929913244874e-01,9.286131563147720431e-47,0.000000000000000000e+00
0.000000000000000000e+00,0.000000000000000000e+00,0.000000000000000000e+00,1.124196561051239358e-55,5.830836449010400560e-46,0.000000000000000000e+00
0.000000000000000000e+00,0.000000000000000000e+00,0.000000000000000000e+00,0.000000000000000000e+00,6.146648866302891450e-25,0.000000000000000000e+00
0.000000000000000000e+00,0.000000000000000000e+00,0.000000000000000000e+00,0.000000000000000000e+00,0.000000000000000000e+00,0.000000000000000000e+00
0.000000000000000000e+00,0.000000000000000000e+00,0.000000000000000000e+00,0.000000000000000000e+00,0.000000000000000000e+00,0.000000000000000000e+00
