# pmridge,pmplslasso,pmplsenet
0.000000000000000000e+00,9.850222221025991536e-30,9.850222221025991536e-30
0.000000000000000000e+00,0.000000000000000000e+00,nan
0.000000000000000000e+00,0.000000000000000000e+00,0.000000000000000000e+00
