# mskridge,mskplsridge,msknsridge
0.000000000000000000e+00,5.736874951963074039e-36,1.055473489927935579e-20
0.000000000000000000e+00,0.000000000000000000e+00,7.214928572089875925e-49
0.000000000000000000e+00,0.000000000000000000e+00,0.000000000000000000e+00
