# enet,enetpca,plsenet,ctenet,ssvienet,enethar,enetvae
0.000000000000000000e+00,1.705959566669722814e-240,0.000000000000000000e+00,1.969920628616975681e-199,0.000000000000000000e+00,3.738156485617691334e-97,1.093167115526447367e-285
0.000000000000000000e+00,0.000000000000000000e+00,0.000000000000000000e+00,5.343131542793768976e-233,0.000000000000000000e+00,6.278310413486796405e-240,4.698673464055821279e-241
0.000000000000000000e+00,0.000000000000000000e+00,0.000000000000000000e+00,0.000000000000000000e+00,2.626747060488151542e-01,0.000000000000000000e+00,0.000000000000000000e+00
0.000000000000000000e+00,0.000000000000000000e+00,0.000000000000000000e+00,0.000000000000000000e+00,0.000000000000000000e+00,1.057297907030532616e-138,2.317071712805359642e-210
0.000000000000000000e+00,0.000000000000000000e+00,0.000000000000000000e+00,0.000000000000000000e+00,0.000000000000000000e+00,0.000000000000000000e+00,0.000000000000000000e+00
0.000000000000000000e+00,0.000000000000000000e+00,0.000000000000000000e+00,0.000000000000000000e+00,0.000000000000000000e+00,0.000000000000000000e+00,3.736645107908054909e-97
0.000000000000000000e+00,0.000000000000000000e+00,0.000000000000000000e+00,0.000000000000000000e+00,0.000000000000000000e+00,0.000000000000000000e+00,0.000000000000000000e+00
