# pmridge,pmplslasso,pmplsenet
0.000000000000000000e+00,1.296593373828172218e-18,1.296593373828172218e-18
0.000000000000000000e+00,0.000000000000000000e+00,nan
0.000000000000000000e+00,0.000000000000000000e+00,0.000000000000000000e+00
