# ridge,plsridge,ctridge,ssviridge
0.000000000000000000e+00,3.667450585604778239e-66,3.122242622607040161e-48,3.729677857408519831e-83
0.000000000000000000e+00,0.000000000000000000e+00,7.485182234797993500e-15,5.587551573853741282e-15
0.000000000000000000e+00,0.000000000000000000e+00,0.000000000000000000e+00,3.319844842238278760e-22
0.000000000000000000e+00,0.000000000000000000e+00,0.000000000000000000e+00,0.000000000000000000e+00
