# pmridge,pmplslasso,pmplsenet
0.000000000000000000e+00,1.196272980565980541e-27,1.196272980565980541e-27
0.000000000000000000e+00,0.000000000000000000e+00,nan
0.000000000000000000e+00,0.000000000000000000e+00,0.000000000000000000e+00
