# mskhar,mskplslasso,mskplsenet
0.000000000000000000e+00,9.630776151144138869e-36,1.904405212679662488e-34
0.000000000000000000e+00,0.000000000000000000e+00,6.608039003980423627e-45
0.000000000000000000e+00,0.000000000000000000e+00,0.000000000000000000e+00
