# tskridge,tskpca,tskplsridge,tsknsridge,tskhar,tskvae
0.000000000000000000e+00,0.000000000000000000e+00,1.743002344979088299e-49,5.066111497991829707e-23,4.953215941224466817e-03,0.000000000000000000e+00
0.000000000000000000e+00,0.000000000000000000e+00,0.000000000000000000e+00,0.000000000000000000e+00,0.000000000000000000e+00,3.027922068371703096e-76
0.000000000000000000e+00,0.000000000000000000e+00,0.000000000000000000e+00,2.436928050506786915e-67,2.247670791446147148e-58,0.000000000000000000e+00
0.000000000000000000e+00,0.000000000000000000e+00,0.000000000000000000e+00,0.000000000000000000e+00,1.395222761537389124e-34,0.000000000000000000e+00
0.000000000000000000e+00,0.000000000000000000e+00,0.000000000000000000e+00,0.000000000000000000e+00,0.000000000000000000e+00,0.000000000000000000e+00
0.000000000000000000e+00,0.000000000000000000e+00,0.000000000000000000e+00,0.000000000000000000e+00,0.000000000000000000e+00,0.000000000000000000e+00
