# pmhar,pmplslasso,pmplsenet
0.000000000000000000e+00,2.709327742307738873e-01,2.709327742307738873e-01
0.000000000000000000e+00,0.000000000000000000e+00,nan
0.000000000000000000e+00,0.000000000000000000e+00,0.000000000000000000e+00
