# ridge,plsridge,ctridge,ssviridge
0.000000000000000000e+00,1.097124204068905783e-44,2.785046659178783974e-31,6.499408271133256366e-35
0.000000000000000000e+00,0.000000000000000000e+00,1.079770051892815948e-02,2.697195339141280814e-24
0.000000000000000000e+00,0.000000000000000000e+00,0.000000000000000000e+00,8.131306527751836914e-18
0.000000000000000000e+00,0.000000000000000000e+00,0.000000000000000000e+00,0.000000000000000000e+00
