# mskridge,mskplslasso,mskplsenet
0.000000000000000000e+00,1.051331028738270525e-58,2.258478452407712431e-41
0.000000000000000000e+00,0.000000000000000000e+00,0.000000000000000000e+00
0.000000000000000000e+00,0.000000000000000000e+00,0.000000000000000000e+00
