# pmridge,pmplsridge
0.000000000000000000e+00,6.452572284887413556e-28
0.000000000000000000e+00,0.000000000000000000e+00
