# tskridge,tskplsridge,tsknsridge
0.000000000000000000e+00,-1.112748794092122040e+01,-2.258874008828761859e+01
0.000000000000000000e+00,0.000000000000000000e+00,-1.031360679498087762e+01
0.000000000000000000e+00,0.000000000000000000e+00,0.000000000000000000e+00
