# pmridge,pmpca,pmplsridge,pmhar,pmvae
0.000000000000000000e+00,-5.894293891021347918e+02,-8.707587137009305422e+01,6.919476104356903079e+00,-1.074800613275750720e+03
0.000000000000000000e+00,0.000000000000000000e+00,7.286511507527583831e+01,8.649890396798072345e+01,-7.040187607983028784e+01
0.000000000000000000e+00,0.000000000000000000e+00,0.000000000000000000e+00,5.024450603172576280e+01,-5.279808318795091964e+02
0.000000000000000000e+00,0.000000000000000000e+00,0.000000000000000000e+00,0.000000000000000000e+00,-1.162133649562259052e+03
0.000000000000000000e+00,0.000000000000000000e+00,0.000000000000000000e+00,0.000000000000000000e+00,0.000000000000000000e+00
