# tskenet,tskenetpca,tskplsenet,tsknsenet,tskenethar,tskenetvae
0.000000000000000000e+00,nan,0.000000000000000000e+00,2.915869489800600525e-02,2.780542529675779111e-52,nan
0.000000000000000000e+00,0.000000000000000000e+00,0.000000000000000000e+00,2.915869489800600525e-02,2.780542529675779111e-52,nan
0.000000000000000000e+00,0.000000000000000000e+00,0.000000000000000000e+00,1.083547535708618984e-03,6.810128990659899961e-04,7.426243552490137964e-04
0.000000000000000000e+00,0.000000000000000000e+00,0.000000000000000000e+00,0.000000000000000000e+00,1.131531548800001184e-74,1.401779101071528218e-27
0.000000000000000000e+00,0.000000000000000000e+00,0.000000000000000000e+00,0.000000000000000000e+00,0.000000000000000000e+00,4.348519897944531268e-47
0.000000000000000000e+00,0.000000000000000000e+00,0.000000000000000000e+00,0.000000000000000000e+00,0.000000000000000000e+00,0.000000000000000000e+00
