# tsklasso,tsklassopca,tskplslasso,tsknslasso,tsklassohar,tsklassovae
0.000000000000000000e+00,2.570365971138109984e+01,9.146295982695994553e+01,-6.660619251919186468e-03,8.660008468445168361e-02,-3.508885624163585817e+02
0.000000000000000000e+00,0.000000000000000000e+00,8.850947416807312607e+01,-3.460509660469972459e+01,-3.444288775297393101e+01,-5.067130178476704145e+02
0.000000000000000000e+00,0.000000000000000000e+00,0.000000000000000000e+00,-1.071444184309599450e+03,-1.071994878038437719e+03,-5.188971110641618907e+03
0.000000000000000000e+00,0.000000000000000000e+00,0.000000000000000000e+00,0.000000000000000000e+00,9.301687708248573827e-02,-3.508596047560034776e+02
0.000000000000000000e+00,0.000000000000000000e+00,0.000000000000000000e+00,0.000000000000000000e+00,0.000000000000000000e+00,-3.512793707335773092e+02
0.000000000000000000e+00,0.000000000000000000e+00,0.000000000000000000e+00,0.000000000000000000e+00,0.000000000000000000e+00,0.000000000000000000e+00
