# tskridge,tskplsridge,tsknsridge
0.000000000000000000e+00,-1.594625372327838164e+01,-1.173339055214299620e+01
0.000000000000000000e+00,0.000000000000000000e+00,3.633462087692762577e+00
0.000000000000000000e+00,0.000000000000000000e+00,0.000000000000000000e+00
