# tskridge,tskpca,tskplsridge,tsknsridge,tskhar,tskvae
0.000000000000000000e+00,-1.891589747217490469e+01,-3.067195287207298193e+01,-1.653504662927245406e+01,-1.119105506178952325e+00,-7.461996359437097453e+03
0.000000000000000000e+00,0.000000000000000000e+00,-9.886025039376145074e+00,2.002129987253853383e+00,1.494822522643418594e+01,-6.260432165433541741e+03
0.000000000000000000e+00,0.000000000000000000e+00,0.000000000000000000e+00,1.081862322562858836e+01,2.259080625039955237e+01,-5.688896553141187724e+03
0.000000000000000000e+00,0.000000000000000000e+00,0.000000000000000000e+00,0.000000000000000000e+00,1.323775956254055153e+01,-6.388346025614153405e+03
0.000000000000000000e+00,0.000000000000000000e+00,0.000000000000000000e+00,0.000000000000000000e+00,0.000000000000000000e+00,-7.378306222729606816e+03
0.000000000000000000e+00,0.000000000000000000e+00,0.000000000000000000e+00,0.000000000000000000e+00,0.000000000000000000e+00,0.000000000000000000e+00
