# har,plslasso,plsenet
0.000000000000000000e+00,-3.194837431932384675e+01,-3.174094585498781385e+01
0.000000000000000000e+00,0.000000000000000000e+00,1.574632799459463328e-01
0.000000000000000000e+00,0.000000000000000000e+00,0.000000000000000000e+00
