# pmridge,pmplslasso,pmplsenet
0.000000000000000000e+00,2.876445008075987391e-05,2.876445008075987391e-05
0.000000000000000000e+00,0.000000000000000000e+00,nan
0.000000000000000000e+00,0.000000000000000000e+00,0.000000000000000000e+00
