# lasso,lassopca,plslasso,ctlasso,ssvilasso,lassohar,lassovae
0.000000000000000000e+00,8.738116814537487897e+00,8.940701688608562847e+01,6.450194607496961829e-01,8.963665885929015076e+01,0.000000000000000000e+00,-1.641447200384504868e-07
0.000000000000000000e+00,0.000000000000000000e+00,8.839276295407218242e+01,-8.867992935605961691e+00,8.864439262156199106e+01,0.000000000000000000e+00,-9.574771715946939210e+00
0.000000000000000000e+00,0.000000000000000000e+00,0.000000000000000000e+00,-8.379320203837851295e+02,2.167868774404790866e+00,0.000000000000000000e+00,-8.440211420028610974e+02
0.000000000000000000e+00,0.000000000000000000e+00,0.000000000000000000e+00,0.000000000000000000e+00,8.956937932606628294e+01,0.000000000000000000e+00,-6.492071372703911436e-01
0.000000000000000000e+00,0.000000000000000000e+00,0.000000000000000000e+00,0.000000000000000000e+00,0.000000000000000000e+00,0.000000000000000000e+00,-8.649397699678065692e+02
0.000000000000000000e+00,0.000000000000000000e+00,0.000000000000000000e+00,0.000000000000000000e+00,0.000000000000000000e+00,0.000000000000000000e+00,0.000000000000000000e+00
0.000000000000000000e+00,0.000000000000000000e+00,0.000000000000000000e+00,0.000000000000000000e+00,0.000000000000000000e+00,0.000000000000000000e+00,0.000000000000000000e+00
