# pmridge,pmplslasso,pmplsenet
0.000000000000000000e+00,6.462677396068907124e-09,6.462677396068907124e-09
0.000000000000000000e+00,0.000000000000000000e+00,nan
0.000000000000000000e+00,0.000000000000000000e+00,0.000000000000000000e+00
