# tskenet,tskenetpca,tskplsenet,tsknsenet,tskenethar,tskenetvae
0.000000000000000000e+00,nan,0.000000000000000000e+00,1.550173463397259583e-08,8.481283247931102429e-95,nan
0.000000000000000000e+00,0.000000000000000000e+00,0.000000000000000000e+00,1.550173463397259583e-08,8.481283247931102429e-95,nan
0.000000000000000000e+00,0.000000000000000000e+00,0.000000000000000000e+00,3.198898664574202633e-02,3.181483470538080255e-02,3.217429230450677413e-02
0.000000000000000000e+00,0.000000000000000000e+00,0.000000000000000000e+00,0.000000000000000000e+00,1.272033506759339225e-102,1.263752083883209566e-18
0.000000000000000000e+00,0.000000000000000000e+00,0.000000000000000000e+00,0.000000000000000000e+00,0.000000000000000000e+00,3.010871135646356622e-94
0.000000000000000000e+00,0.000000000000000000e+00,0.000000000000000000e+00,0.000000000000000000e+00,0.000000000000000000e+00,0.000000000000000000e+00
