# pmridge,pmplsridge
0.000000000000000000e+00,4.914286580945706971e-11
0.000000000000000000e+00,0.000000000000000000e+00
