# pmridge,pmplslasso,pmplsenet
0.000000000000000000e+00,3.194925639010095864e-09,3.194925639010095864e-09
0.000000000000000000e+00,0.000000000000000000e+00,nan
0.000000000000000000e+00,0.000000000000000000e+00,0.000000000000000000e+00
