# lasso,plslasso,ctlasso,ssvilasso
0.000000000000000000e+00,2.555680514353152591e-301,0.000000000000000000e+00,8.680486837301769276e-307
0.000000000000000000e+00,0.000000000000000000e+00,1.058499391453397893e-02,1.902337921404116325e-02
0.000000000000000000e+00,0.000000000000000000e+00,0.000000000000000000e+00,8.165600993334399442e-307
0.000000000000000000e+00,0.000000000000000000e+00,0.000000000000000000e+00,0.000000000000000000e+00
