# tskridge,tskpca,tskplsridge,tsknsridge,tskhar,tskvae
0.000000000000000000e+00,-8.069967416271665570e+02,-1.113220616424386300e+01,-1.149590971283147667e+01,0.000000000000000000e+00,-4.175905478375930215e+02
0.000000000000000000e+00,0.000000000000000000e+00,8.774723203912829206e+01,8.770713227560156611e+01,0.000000000000000000e+00,4.293358243944435060e+01
0.000000000000000000e+00,0.000000000000000000e+00,0.000000000000000000e+00,-3.272710595253469634e-01,0.000000000000000000e+00,-3.657430691807184644e+02
0.000000000000000000e+00,0.000000000000000000e+00,0.000000000000000000e+00,0.000000000000000000e+00,0.000000000000000000e+00,-3.642237990350477048e+02
0.000000000000000000e+00,0.000000000000000000e+00,0.000000000000000000e+00,0.000000000000000000e+00,0.000000000000000000e+00,0.000000000000000000e+00
0.000000000000000000e+00,0.000000000000000000e+00,0.000000000000000000e+00,0.000000000000000000e+00,0.000000000000000000e+00,0.000000000000000000e+00
