# tsklasso,tsklassopca,tskplslasso,tsknslasso,tsklassohar,tsklassovae
0.000000000000000000e+00,nan,0.000000000000000000e+00,7.510184243481857989e-139,1.010133939483057698e-111,nan
0.000000000000000000e+00,0.000000000000000000e+00,0.000000000000000000e+00,7.510184243481857989e-139,1.010133939483057698e-111,nan
0.000000000000000000e+00,0.000000000000000000e+00,0.000000000000000000e+00,2.032399348555223584e-02,2.288318327295694316e-02,2.260014746298340954e-02
0.000000000000000000e+00,0.000000000000000000e+00,0.000000000000000000e+00,0.000000000000000000e+00,2.044396586058514061e-07,7.164368513910438782e-33
0.000000000000000000e+00,0.000000000000000000e+00,0.000000000000000000e+00,0.000000000000000000e+00,0.000000000000000000e+00,3.221577534017989498e-111
0.000000000000000000e+00,0.000000000000000000e+00,0.000000000000000000e+00,0.000000000000000000e+00,0.000000000000000000e+00,0.000000000000000000e+00
