# tskridge,tskpca,tskplsridge,tsknsridge,tskhar,tskvae
0.000000000000000000e+00,-7.215167336770381326e+02,-2.104548089835507341e+01,-2.720702277439499639e+01,0.000000000000000000e+00,-6.493329740652609416e+02
0.000000000000000000e+00,0.000000000000000000e+00,8.526560982433480262e+01,8.451558957234780678e+01,0.000000000000000000e+00,8.786645074007049416e+00
0.000000000000000000e+00,0.000000000000000000e+00,0.000000000000000000e+00,-5.090270062385826577e+00,0.000000000000000000e+00,-5.190507638153749213e+02
0.000000000000000000e+00,0.000000000000000000e+00,0.000000000000000000e+00,0.000000000000000000e+00,0.000000000000000000e+00,-4.890657274435411068e+02
0.000000000000000000e+00,0.000000000000000000e+00,0.000000000000000000e+00,0.000000000000000000e+00,0.000000000000000000e+00,0.000000000000000000e+00
0.000000000000000000e+00,0.000000000000000000e+00,0.000000000000000000e+00,0.000000000000000000e+00,0.000000000000000000e+00,0.000000000000000000e+00
