# lasso,plslasso,ctlasso,ssvilasso
0.000000000000000000e+00,8.764265692422219445e+01,7.362341604176703136e-01,8.676537752102268541e+01
0.000000000000000000e+00,0.000000000000000000e+00,-7.032775753726040193e+02,-7.099255866085907307e+00
0.000000000000000000e+00,0.000000000000000000e+00,0.000000000000000000e+00,8.666721701817613166e+01
0.000000000000000000e+00,0.000000000000000000e+00,0.000000000000000000e+00,0.000000000000000000e+00
