# mskridge,mskpca,mskplsridge,msknsridge,mskhar,mskvae
0.000000000000000000e+00,-8.049372914587855803e+02,-5.264840377202486366e+01,-1.880225185391013554e+01,2.944509535366479636e+00,-3.800890162109150197e+02
0.000000000000000000e+00,0.000000000000000000e+00,8.313160423238265651e+01,8.687176968225087137e+01,8.929742293993918167e+01,4.705925788342251082e+01
0.000000000000000000e+00,0.000000000000000000e+00,0.000000000000000000e+00,2.217262092610072699e+01,3.650401531090751917e+01,-2.140855265044261273e+02
0.000000000000000000e+00,0.000000000000000000e+00,0.000000000000000000e+00,0.000000000000000000e+00,1.827485951375078344e+01,-3.042568030712218956e+02
0.000000000000000000e+00,0.000000000000000000e+00,0.000000000000000000e+00,0.000000000000000000e+00,0.000000000000000000e+00,-3.946541549711263315e+02
0.000000000000000000e+00,0.000000000000000000e+00,0.000000000000000000e+00,0.000000000000000000e+00,0.000000000000000000e+00,0.000000000000000000e+00
