# mskridge,mskpca,mskplsridge,msknsridge,mskhar,mskvae
0.000000000000000000e+00,3.221150882459844489e-01,8.768390995697152857e-01,8.187646000682130554e-01,1.046365626943869483e-20,8.511152068303249330e-01
0.000000000000000000e+00,0.000000000000000000e+00,0.000000000000000000e+00,2.127485483828613855e-205,1.760923126737752036e-165,0.000000000000000000e+00
0.000000000000000000e+00,0.000000000000000000e+00,0.000000000000000000e+00,4.945830554625157709e-24,5.358426551421625412e-20,5.037410188836278363e-02
0.000000000000000000e+00,0.000000000000000000e+00,0.000000000000000000e+00,0.000000000000000000e+00,7.558998547826925268e-35,2.904460375449888394e-03
0.000000000000000000e+00,0.000000000000000000e+00,0.000000000000000000e+00,0.000000000000000000e+00,0.000000000000000000e+00,2.240042650522082457e-01
0.000000000000000000e+00,0.000000000000000000e+00,0.000000000000000000e+00,0.000000000000000000e+00,0.000000000000000000e+00,0.000000000000000000e+00
