# mskridge,mskplsridge,msknsridge
0.000000000000000000e+00,7.852809981579701726e-02,1.815151275158795319e-01
0.000000000000000000e+00,0.000000000000000000e+00,3.537939249711386601e-60
0.000000000000000000e+00,0.000000000000000000e+00,0.000000000000000000e+00
