# tskenet,tskplsenet,tsknsenet
0.000000000000000000e+00,0.000000000000000000e+00,7.510184243574645715e-139
0.000000000000000000e+00,0.000000000000000000e+00,1.954232336634244543e-04
0.000000000000000000e+00,0.000000000000000000e+00,0.000000000000000000e+00
