# ridge,pca,plsridge,ctridge,ssviridge,har,vae
0.000000000000000000e+00,8.293098466525175468e-43,2.548069641802666329e-11,1.317745487137402995e-24,1.792452786070370674e-01,0.000000000000000000e+00,1.217876019876029531e-01
0.000000000000000000e+00,0.000000000000000000e+00,0.000000000000000000e+00,0.000000000000000000e+00,0.000000000000000000e+00,0.000000000000000000e+00,2.051067576518819981e-158
0.000000000000000000e+00,0.000000000000000000e+00,0.000000000000000000e+00,2.704230325728261830e-01,5.292075492053908258e-18,0.000000000000000000e+00,1.005458201060422940e-01
0.000000000000000000e+00,0.000000000000000000e+00,0.000000000000000000e+00,0.000000000000000000e+00,1.393835456131825241e-163,0.000000000000000000e+00,2.921375794823052453e-07
0.000000000000000000e+00,0.000000000000000000e+00,0.000000000000000000e+00,0.000000000000000000e+00,0.000000000000000000e+00,0.000000000000000000e+00,9.922096547810821399e-01
0.000000000000000000e+00,0.000000000000000000e+00,0.000000000000000000e+00,0.000000000000000000e+00,0.000000000000000000e+00,0.000000000000000000e+00,0.000000000000000000e+00
0.000000000000000000e+00,0.000000000000000000e+00,0.000000000000000000e+00,0.000000000000000000e+00,0.000000000000000000e+00,0.000000000000000000e+00,0.000000000000000000e+00
