# mskenet,mskenetpca,mskplsenet,msknsenet,mskenethar,mskenetvae
0.000000000000000000e+00,0.000000000000000000e+00,8.612934692505976386e+01,-5.697619794836312934e+01,1.233151929607156916e-02,0.000000000000000000e+00
0.000000000000000000e+00,0.000000000000000000e+00,8.612934692505976386e+01,-5.697619794836312934e+01,1.233151929607156916e-02,0.000000000000000000e+00
0.000000000000000000e+00,0.000000000000000000e+00,0.000000000000000000e+00,-1.031714542208311741e+03,-6.208576837766138397e+02,-6.209465874441589222e+02
0.000000000000000000e+00,0.000000000000000000e+00,0.000000000000000000e+00,0.000000000000000000e+00,3.630393028528147426e+01,3.629607462343130919e+01
0.000000000000000000e+00,0.000000000000000000e+00,0.000000000000000000e+00,0.000000000000000000e+00,0.000000000000000000e+00,-1.233304014729430520e-02
0.000000000000000000e+00,0.000000000000000000e+00,0.000000000000000000e+00,0.000000000000000000e+00,0.000000000000000000e+00,0.000000000000000000e+00
