# ridge,plsridge,ctridge,ssviridge
0.000000000000000000e+00,1.247099859386184442e-31,9.041001046433849932e-39,3.530723484059222978e-74
0.000000000000000000e+00,0.000000000000000000e+00,1.716786755525938824e-13,5.082614008313015989e-27
0.000000000000000000e+00,0.000000000000000000e+00,0.000000000000000000e+00,2.917140396926540920e-48
0.000000000000000000e+00,0.000000000000000000e+00,0.000000000000000000e+00,0.000000000000000000e+00
