# mskridge,mskplslasso,mskplsenet
0.000000000000000000e+00,-4.180897883014360872e+01,-3.016831751990118704e+01
0.000000000000000000e+00,0.000000000000000000e+00,8.208691301687897734e+00
0.000000000000000000e+00,0.000000000000000000e+00,0.000000000000000000e+00
