# pmlasso,pmplslasso
0.000000000000000000e+00,8.821827799575702045e+01
0.000000000000000000e+00,0.000000000000000000e+00
