# tskenet,tskplsenet,tsknsenet
0.000000000000000000e+00,9.292741608586683810e+01,-7.144245655332781553e-03
0.000000000000000000e+00,0.000000000000000000e+00,-1.314011420151704442e+03
0.000000000000000000e+00,0.000000000000000000e+00,0.000000000000000000e+00
