# tskridge,tskplsridge,tsknsridge
0.000000000000000000e+00,-1.113220616424390741e+01,-1.149590971283151930e+01
0.000000000000000000e+00,0.000000000000000000e+00,-3.272710595253469634e-01
0.000000000000000000e+00,0.000000000000000000e+00,0.000000000000000000e+00
