# mskenet,mskplsenet,msknsenet
0.000000000000000000e+00,8.686866481729212808e+01,-2.297878439310546810e+02
0.000000000000000000e+00,0.000000000000000000e+00,-2.411457055527294415e+03
0.000000000000000000e+00,0.000000000000000000e+00,0.000000000000000000e+00
