# enet,enetpca,plsenet,ctenet,ssvienet,enethar,enetvae
0.000000000000000000e+00,5.561846149710410929e-158,0.000000000000000000e+00,0.000000000000000000e+00,0.000000000000000000e+00,8.481283247931102429e-95,1.016521227701626246e-08
0.000000000000000000e+00,0.000000000000000000e+00,0.000000000000000000e+00,1.947768114772673256e-32,0.000000000000000000e+00,3.329780066366780904e-38,2.808690406320601932e-38
0.000000000000000000e+00,0.000000000000000000e+00,0.000000000000000000e+00,1.773064755478316878e-01,6.718403198962876851e-23,1.274637034272733255e-02,1.281416416780219690e-02
0.000000000000000000e+00,0.000000000000000000e+00,0.000000000000000000e+00,0.000000000000000000e+00,0.000000000000000000e+00,3.341809233845922933e-02,1.457340774637418956e-01
0.000000000000000000e+00,0.000000000000000000e+00,0.000000000000000000e+00,0.000000000000000000e+00,0.000000000000000000e+00,6.149052939091434510e-04,6.250989984961162309e-04
0.000000000000000000e+00,0.000000000000000000e+00,0.000000000000000000e+00,0.000000000000000000e+00,0.000000000000000000e+00,0.000000000000000000e+00,3.009968482372613363e-94
0.000000000000000000e+00,0.000000000000000000e+00,0.000000000000000000e+00,0.000000000000000000e+00,0.000000000000000000e+00,0.000000000000000000e+00,0.000000000000000000e+00
