# mskridge,mskplslasso,mskplsenet
0.000000000000000000e+00,5.618963431026659332e-09,1.662216446826829223e-04
0.000000000000000000e+00,0.000000000000000000e+00,0.000000000000000000e+00
0.000000000000000000e+00,0.000000000000000000e+00,0.000000000000000000e+00
