# tskenet,tskplsenet,tsknsenet
0.000000000000000000e+00,9.126139509225662039e+01,4.477910814878471868e-02
0.000000000000000000e+00,0.000000000000000000e+00,-1.043834993653044421e+03
0.000000000000000000e+00,0.000000000000000000e+00,0.000000000000000000e+00
