# mskenet,mskplsenet,msknsenet
0.000000000000000000e+00,8.430742558334729608e+01,-2.986293089905782949e+02
0.000000000000000000e+00,0.000000000000000000e+00,-2.440241635353083893e+03
0.000000000000000000e+00,0.000000000000000000e+00,0.000000000000000000e+00
