# mskenet,mskplsenet,msknsenet
0.000000000000000000e+00,2.029007123124412126e-302,2.421592031291423393e-21
0.000000000000000000e+00,0.000000000000000000e+00,2.031544627581354864e-06
0.000000000000000000e+00,0.000000000000000000e+00,0.000000000000000000e+00
