# mskenet,mskplsenet,msknsenet
0.000000000000000000e+00,6.487242159872960902e-207,1.444741312863970535e-44
0.000000000000000000e+00,0.000000000000000000e+00,1.100924804728467543e-03
0.000000000000000000e+00,0.000000000000000000e+00,0.000000000000000000e+00
