# tsklasso,tsklassopca,tskplslasso,tsknslasso,tsklassohar,tsklassovae
0.000000000000000000e+00,nan,0.000000000000000000e+00,2.915869489800600525e-02,2.780542529675779111e-52,nan
0.000000000000000000e+00,0.000000000000000000e+00,0.000000000000000000e+00,2.915869489800600525e-02,2.780542529675779111e-52,nan
0.000000000000000000e+00,0.000000000000000000e+00,0.000000000000000000e+00,1.049946846674731491e-05,5.333495943205024379e-06,6.116215107354602557e-06
0.000000000000000000e+00,0.000000000000000000e+00,0.000000000000000000e+00,0.000000000000000000e+00,1.131531548800001184e-74,1.401779101071528218e-27
0.000000000000000000e+00,0.000000000000000000e+00,0.000000000000000000e+00,0.000000000000000000e+00,0.000000000000000000e+00,4.348519897944531268e-47
0.000000000000000000e+00,0.000000000000000000e+00,0.000000000000000000e+00,0.000000000000000000e+00,0.000000000000000000e+00,0.000000000000000000e+00
