# mskridge,mskplsridge,msknsridge
0.000000000000000000e+00,3.852758179733237198e-02,2.086460772507517881e-13
0.000000000000000000e+00,0.000000000000000000e+00,6.168720484585256675e-82
0.000000000000000000e+00,0.000000000000000000e+00,0.000000000000000000e+00
