# lasso,lassopca,plslasso,ctlasso,ssvilasso,lassohar,lassovae
0.000000000000000000e+00,2.055157225847037417e-01,9.185771965012754947e+01,6.418829898011013668e-01,8.964716313681073245e+01,0.000000000000000000e+00,-4.398621467061047952e-07
0.000000000000000000e+00,0.000000000000000000e+00,9.184095152269337348e+01,4.372659174262216730e-01,8.962584261229331162e+01,0.000000000000000000e+00,-2.059394002934533674e-01
0.000000000000000000e+00,0.000000000000000000e+00,0.000000000000000000e+00,-1.120273839032762680e+03,-2.714910833733983253e+01,0.000000000000000000e+00,-1.128157176403641870e+03
0.000000000000000000e+00,0.000000000000000000e+00,0.000000000000000000e+00,0.000000000000000000e+00,8.958028073123954016e+01,0.000000000000000000e+00,-6.460301875460983112e-01
0.000000000000000000e+00,0.000000000000000000e+00,0.000000000000000000e+00,0.000000000000000000e+00,0.000000000000000000e+00,0.000000000000000000e+00,-8.659188274802627348e+02
0.000000000000000000e+00,0.000000000000000000e+00,0.000000000000000000e+00,0.000000000000000000e+00,0.000000000000000000e+00,0.000000000000000000e+00,0.000000000000000000e+00
0.000000000000000000e+00,0.000000000000000000e+00,0.000000000000000000e+00,0.000000000000000000e+00,0.000000000000000000e+00,0.000000000000000000e+00,0.000000000000000000e+00
