# tskenet,tskplsenet,tsknsenet
0.000000000000000000e+00,6.610111217289243026e-218,7.117896845419701453e-65
0.000000000000000000e+00,0.000000000000000000e+00,1.079670541098739778e-01
0.000000000000000000e+00,0.000000000000000000e+00,0.000000000000000000e+00
