# pmridge,pmplslasso,pmplsenet
0.000000000000000000e+00,4.161074334045168166e-05,4.161074334045168166e-05
0.000000000000000000e+00,0.000000000000000000e+00,nan
0.000000000000000000e+00,0.000000000000000000e+00,0.000000000000000000e+00
