# enet,enetpca,plsenet,ctenet,ssvienet,enethar,enetvae
0.000000000000000000e+00,1.112962861323369619e-125,0.000000000000000000e+00,0.000000000000000000e+00,0.000000000000000000e+00,2.780542529675779111e-52,2.416248596160972544e-144
0.000000000000000000e+00,0.000000000000000000e+00,0.000000000000000000e+00,1.074978280090075047e-68,0.000000000000000000e+00,3.465589155830013227e-77,1.124629768232192098e-77
0.000000000000000000e+00,0.000000000000000000e+00,0.000000000000000000e+00,5.296896004476898678e-01,1.023454148266888527e-18,5.131863379803525832e-02,5.278335260528613931e-02
0.000000000000000000e+00,0.000000000000000000e+00,0.000000000000000000e+00,0.000000000000000000e+00,0.000000000000000000e+00,1.068972208725572061e-05,1.264851756711003750e-01
0.000000000000000000e+00,0.000000000000000000e+00,0.000000000000000000e+00,0.000000000000000000e+00,0.000000000000000000e+00,5.233245361285584785e-05,5.765039932598309979e-05
0.000000000000000000e+00,0.000000000000000000e+00,0.000000000000000000e+00,0.000000000000000000e+00,0.000000000000000000e+00,0.000000000000000000e+00,4.347647283193688429e-47
0.000000000000000000e+00,0.000000000000000000e+00,0.000000000000000000e+00,0.000000000000000000e+00,0.000000000000000000e+00,0.000000000000000000e+00,0.000000000000000000e+00
