# mskridge,mskplsridge,msknsridge
0.000000000000000000e+00,-4.592811931178277973e+01,-1.768290292711947131e+01
0.000000000000000000e+00,0.000000000000000000e+00,1.935556801380820957e+01
0.000000000000000000e+00,0.000000000000000000e+00,0.000000000000000000e+00
