# tskenet,tskplsenet,tsknsenet
0.000000000000000000e+00,4.194463285774905045e-268,2.197980938485335199e-31
0.000000000000000000e+00,0.000000000000000000e+00,6.797030290556385079e-01
0.000000000000000000e+00,0.000000000000000000e+00,0.000000000000000000e+00
