# msklasso,msklassopca,mskplslasso,msknslasso,msklassohar,msklassovae
0.000000000000000000e+00,0.000000000000000000e+00,9.028754065309705368e+01,-1.570089639496649170e+02,6.326785153956127061e-02,0.000000000000000000e+00
0.000000000000000000e+00,0.000000000000000000e+00,9.028754065309705368e+01,-1.570089639496649170e+02,6.326785153956127061e-02,0.000000000000000000e+00
0.000000000000000000e+00,0.000000000000000000e+00,0.000000000000000000e+00,-2.546178014959913071e+03,-9.292991947913392323e+02,-9.299508225486798665e+02
0.000000000000000000e+00,0.000000000000000000e+00,0.000000000000000000e+00,0.000000000000000000e+00,6.121005348200543494e+01,6.118549637947899100e+01
0.000000000000000000e+00,0.000000000000000000e+00,0.000000000000000000e+00,0.000000000000000000e+00,0.000000000000000000e+00,-6.330790509097017349e-02
0.000000000000000000e+00,0.000000000000000000e+00,0.000000000000000000e+00,0.000000000000000000e+00,0.000000000000000000e+00,0.000000000000000000e+00
