# pmridge,pmplslasso,pmplsenet
0.000000000000000000e+00,-7.131951544867498605e+00,-7.131951544867498605e+00
0.000000000000000000e+00,0.000000000000000000e+00,0.000000000000000000e+00
0.000000000000000000e+00,0.000000000000000000e+00,0.000000000000000000e+00
