# msklasso,mskplslasso,msknslasso
0.000000000000000000e+00,5.709108430325231917e-241,2.368381180504933094e-50
0.000000000000000000e+00,0.000000000000000000e+00,4.107461493756778270e-03
0.000000000000000000e+00,0.000000000000000000e+00,0.000000000000000000e+00
