# lasso,plslasso,ctlasso,ssvilasso
0.000000000000000000e+00,8.974664280153550067e+01,3.721179879361158349e-01,8.984883028223416090e+01
0.000000000000000000e+00,0.000000000000000000e+00,-8.716610870338522545e+02,9.966246051971938691e-01
0.000000000000000000e+00,0.000000000000000000e+00,0.000000000000000000e+00,8.981091486363561671e+01
0.000000000000000000e+00,0.000000000000000000e+00,0.000000000000000000e+00,0.000000000000000000e+00
