# mskenet,mskplsenet,msknsenet
0.000000000000000000e+00,9.123858953753997980e+01,-4.518198301755283097e+01
0.000000000000000000e+00,0.000000000000000000e+00,-1.557061766933686613e+03
0.000000000000000000e+00,0.000000000000000000e+00,0.000000000000000000e+00
