# ridge,plslasso,plsenet
0.000000000000000000e+00,1.143264144078765950e-19,1.070393012711885062e-19
0.000000000000000000e+00,0.000000000000000000e+00,5.147309674706379568e-01
0.000000000000000000e+00,0.000000000000000000e+00,0.000000000000000000e+00
