# msklasso,mskplslasso,msknslasso
0.000000000000000000e+00,8.645990561631585081e+01,-4.749476235611167567e+02
0.000000000000000000e+00,0.000000000000000000e+00,-4.146260087034033859e+03
0.000000000000000000e+00,0.000000000000000000e+00,0.000000000000000000e+00
