# pmenet,pmplsenet
0.000000000000000000e+00,8.375154941073203929e+01
0.000000000000000000e+00,0.000000000000000000e+00
