# pmenet,pmplsenet
0.000000000000000000e+00,9.168650638074736037e+01
0.000000000000000000e+00,0.000000000000000000e+00
