# mskenet,mskplsenet,msknsenet
0.000000000000000000e+00,0.000000000000000000e+00,5.054824294671480533e-01
0.000000000000000000e+00,0.000000000000000000e+00,1.283702256595337932e-01
0.000000000000000000e+00,0.000000000000000000e+00,0.000000000000000000e+00
