# pmhar,pmplslasso,pmplsenet
0.000000000000000000e+00,-8.730974829817969862e+01,-8.730974829817969862e+01
0.000000000000000000e+00,0.000000000000000000e+00,0.000000000000000000e+00
0.000000000000000000e+00,0.000000000000000000e+00,0.000000000000000000e+00
