# enet,enetpca,plsenet,ctenet,ssvienet,enethar,enetvae
0.000000000000000000e+00,2.638772569765776055e+01,9.187054075182884105e+01,6.418829898011013668e-01,8.964716313681073245e+01,0.000000000000000000e+00,-4.398621467061047952e-07
0.000000000000000000e+00,0.000000000000000000e+00,8.895638081390934815e+01,-3.497493176492911715e+01,8.593599102689339020e+01,0.000000000000000000e+00,-3.584691056975029255e+01
0.000000000000000000e+00,0.000000000000000000e+00,0.000000000000000000e+00,-1.122198352646284775e+03,-2.734963725315790839e+01,0.000000000000000000e+00,-1.130094122956070805e+03
0.000000000000000000e+00,0.000000000000000000e+00,0.000000000000000000e+00,0.000000000000000000e+00,8.958028073123954016e+01,0.000000000000000000e+00,-6.460301875460983112e-01
0.000000000000000000e+00,0.000000000000000000e+00,0.000000000000000000e+00,0.000000000000000000e+00,0.000000000000000000e+00,0.000000000000000000e+00,-8.659188274802627348e+02
0.000000000000000000e+00,0.000000000000000000e+00,0.000000000000000000e+00,0.000000000000000000e+00,0.000000000000000000e+00,0.000000000000000000e+00,0.000000000000000000e+00
0.000000000000000000e+00,0.000000000000000000e+00,0.000000000000000000e+00,0.000000000000000000e+00,0.000000000000000000e+00,0.000000000000000000e+00,0.000000000000000000e+00
