# pmridge,pmplslasso,pmplsenet
0.000000000000000000e+00,-4.250907267379901811e+01,-4.250907267379901811e+01
0.000000000000000000e+00,0.000000000000000000e+00,0.000000000000000000e+00
0.000000000000000000e+00,0.000000000000000000e+00,0.000000000000000000e+00
