# ridge,plsridge,ctridge,ssviridge
0.000000000000000000e+00,4.736024946004069314e+00,-3.774273102003930802e+01,-7.444175886337123238e+00
0.000000000000000000e+00,0.000000000000000000e+00,-4.459057680719944727e+01,-1.278573650263641426e+01
0.000000000000000000e+00,0.000000000000000000e+00,0.000000000000000000e+00,2.199648207156154101e+01
0.000000000000000000e+00,0.000000000000000000e+00,0.000000000000000000e+00,0.000000000000000000e+00
