# enet,plsenet,ctenet,ssvienet
0.000000000000000000e+00,8.638775363348419489e+01,4.623370205693033697e-02,8.968198240442082181e+01
0.000000000000000000e+00,0.000000000000000000e+00,-6.342929565528226021e+02,2.420047861490343166e+01
0.000000000000000000e+00,0.000000000000000000e+00,0.000000000000000000e+00,8.967720979635410572e+01
0.000000000000000000e+00,0.000000000000000000e+00,0.000000000000000000e+00,0.000000000000000000e+00
