# tskridge,tskplsridge,tsknsridge
0.000000000000000000e+00,-3.541190615698759103e+01,-1.498344907613149424e+01
0.000000000000000000e+00,0.000000000000000000e+00,1.508616019124102792e+01
0.000000000000000000e+00,0.000000000000000000e+00,0.000000000000000000e+00
