# mskenet,mskplsenet,msknsenet
0.000000000000000000e+00,7.471829697604768149e-242,2.312683789272291125e-37
0.000000000000000000e+00,0.000000000000000000e+00,1.164699678203661142e-03
0.000000000000000000e+00,0.000000000000000000e+00,0.000000000000000000e+00
