# lasso,plslasso,ctlasso,ssvilasso
0.000000000000000000e+00,1.401010013402885729e-245,8.428349269922162829e-276,6.703872555556578268e-201
0.000000000000000000e+00,0.000000000000000000e+00,3.572639872736516065e-01,1.007191575493616434e-22
0.000000000000000000e+00,0.000000000000000000e+00,0.000000000000000000e+00,6.776508449604943887e-200
0.000000000000000000e+00,0.000000000000000000e+00,0.000000000000000000e+00,0.000000000000000000e+00
