# lasso,lassopca,plslasso,ctlasso,ssvilasso,lassohar,lassovae
0.000000000000000000e+00,0.000000000000000000e+00,0.000000000000000000e+00,0.000000000000000000e+00,0.000000000000000000e+00,2.780542529675779111e-52,2.162497877150907345e-283
0.000000000000000000e+00,0.000000000000000000e+00,7.423215422246259722e-149,9.138958531706035948e-02,2.696612392431320876e-40,1.488822391273958434e-03,1.011630006888945311e-02
0.000000000000000000e+00,0.000000000000000000e+00,0.000000000000000000e+00,5.143868484890562476e-01,1.247085444559601729e-18,4.848145672382987020e-02,1.676000687694138847e-02
0.000000000000000000e+00,0.000000000000000000e+00,0.000000000000000000e+00,0.000000000000000000e+00,0.000000000000000000e+00,1.068972208725572061e-05,3.428243160773768914e-284
0.000000000000000000e+00,0.000000000000000000e+00,0.000000000000000000e+00,0.000000000000000000e+00,0.000000000000000000e+00,5.233245361285584785e-05,5.102211484632455374e-22
0.000000000000000000e+00,0.000000000000000000e+00,0.000000000000000000e+00,0.000000000000000000e+00,0.000000000000000000e+00,0.000000000000000000e+00,6.355947172496714172e-282
0.000000000000000000e+00,0.000000000000000000e+00,0.000000000000000000e+00,0.000000000000000000e+00,0.000000000000000000e+00,0.000000000000000000e+00,0.000000000000000000e+00
