# ridge,plsridge,ctridge,ssviridge
0.000000000000000000e+00,-3.356050259236644706e+01,-4.791231155872770842e+01,-1.017845519655569220e+01
0.000000000000000000e+00,0.000000000000000000e+00,-1.074554878710192085e+01,1.750670815246478895e+01
0.000000000000000000e+00,0.000000000000000000e+00,0.000000000000000000e+00,2.551096387077286209e+01
0.000000000000000000e+00,0.000000000000000000e+00,0.000000000000000000e+00,0.000000000000000000e+00
