# pmridge,pmpca,pmplsridge,pmhar,pmvae
0.000000000000000000e+00,-6.549512819765053564e+02,-3.066493067415809648e+01,0.000000000000000000e+00,-1.367018705147660967e+03
0.000000000000000000e+00,0.000000000000000000e+00,8.269226984659594848e+01,0.000000000000000000e+00,-9.431965216443143163e+01
0.000000000000000000e+00,0.000000000000000000e+00,0.000000000000000000e+00,0.000000000000000000e+00,-1.022733313046326430e+03
0.000000000000000000e+00,0.000000000000000000e+00,0.000000000000000000e+00,0.000000000000000000e+00,0.000000000000000000e+00
0.000000000000000000e+00,0.000000000000000000e+00,0.000000000000000000e+00,0.000000000000000000e+00,0.000000000000000000e+00
