# msklasso,msklassopca,mskplslasso,msknslasso,msklassohar,msklassovae
0.000000000000000000e+00,0.000000000000000000e+00,0.000000000000000000e+00,1.774689544398876526e-14,2.780542529675779111e-52,4.742171170119707279e-273
0.000000000000000000e+00,0.000000000000000000e+00,0.000000000000000000e+00,3.700359601032226574e-51,0.000000000000000000e+00,6.864398854605208923e-289
0.000000000000000000e+00,0.000000000000000000e+00,0.000000000000000000e+00,7.770096398195297516e-01,1.397815757563489886e-02,1.134720733846037125e-07
0.000000000000000000e+00,0.000000000000000000e+00,0.000000000000000000e+00,0.000000000000000000e+00,0.000000000000000000e+00,4.768239667651634761e-01
0.000000000000000000e+00,0.000000000000000000e+00,0.000000000000000000e+00,0.000000000000000000e+00,0.000000000000000000e+00,1.884715079175508647e-271
0.000000000000000000e+00,0.000000000000000000e+00,0.000000000000000000e+00,0.000000000000000000e+00,0.000000000000000000e+00,0.000000000000000000e+00
