# msklasso,mskplslasso,msknslasso
0.000000000000000000e+00,0.000000000000000000e+00,2.029562954308559016e-13
0.000000000000000000e+00,0.000000000000000000e+00,3.760818702293294673e-04
0.000000000000000000e+00,0.000000000000000000e+00,0.000000000000000000e+00
