# pmridge,pmpca,pmplsridge,pmhar,pmvae
0.000000000000000000e+00,-7.487830658985860737e+02,-3.014450395180858777e+01,0.000000000000000000e+00,-1.464789639382584255e+03
0.000000000000000000e+00,0.000000000000000000e+00,8.466692972791254590e+01,0.000000000000000000e+00,-8.435684007502899817e+01
0.000000000000000000e+00,0.000000000000000000e+00,0.000000000000000000e+00,0.000000000000000000e+00,-1.102347845562508610e+03
0.000000000000000000e+00,0.000000000000000000e+00,0.000000000000000000e+00,0.000000000000000000e+00,0.000000000000000000e+00
0.000000000000000000e+00,0.000000000000000000e+00,0.000000000000000000e+00,0.000000000000000000e+00,0.000000000000000000e+00
