# tskenet,tskenetpca,tskplsenet,tsknsenet,tskenethar,tskenetvae
0.000000000000000000e+00,0.000000000000000000e+00,9.292741608586683810e+01,-7.144245655332781553e-03,6.326785153956127061e-02,0.000000000000000000e+00
0.000000000000000000e+00,0.000000000000000000e+00,9.292741608586683810e+01,-7.144245655332781553e-03,6.326785153956127061e-02,0.000000000000000000e+00
0.000000000000000000e+00,0.000000000000000000e+00,0.000000000000000000e+00,-1.314011420151704442e+03,-1.311587766528010661e+03,-1.312481413171520217e+03
0.000000000000000000e+00,0.000000000000000000e+00,0.000000000000000000e+00,0.000000000000000000e+00,7.017451798269069840e-02,6.911038908963273997e-03
0.000000000000000000e+00,0.000000000000000000e+00,0.000000000000000000e+00,0.000000000000000000e+00,0.000000000000000000e+00,-6.330790509097017349e-02
0.000000000000000000e+00,0.000000000000000000e+00,0.000000000000000000e+00,0.000000000000000000e+00,0.000000000000000000e+00,0.000000000000000000e+00
