# mskenet,mskplsenet,msknsenet
0.000000000000000000e+00,8.641767473371385222e+01,-1.542086900362091342e+02
0.000000000000000000e+00,0.000000000000000000e+00,-1.771613917737650809e+03
0.000000000000000000e+00,0.000000000000000000e+00,0.000000000000000000e+00
