# ridge,plslasso,plsenet
0.000000000000000000e+00,4.746178728957684001e+00,4.869443503795545247e+00
0.000000000000000000e+00,0.000000000000000000e+00,1.294066455214459843e-01
0.000000000000000000e+00,0.000000000000000000e+00,0.000000000000000000e+00
