# mskridge,mskplsridge,msknsridge
0.000000000000000000e+00,1.891001365985187782e-02,1.565639875860556085e-01
0.000000000000000000e+00,0.000000000000000000e+00,1.618045269122738797e-48
0.000000000000000000e+00,0.000000000000000000e+00,0.000000000000000000e+00
