# enet,plsenet,ctenet,ssvienet
0.000000000000000000e+00,8.472324978129666380e-215,2.634742196385790728e-269,3.492087645528542144e-196
0.000000000000000000e+00,0.000000000000000000e+00,5.925216637107173501e-01,1.560710723715946701e-30
0.000000000000000000e+00,0.000000000000000000e+00,0.000000000000000000e+00,3.031540733122695298e-195
0.000000000000000000e+00,0.000000000000000000e+00,0.000000000000000000e+00,0.000000000000000000e+00
