# ridge,plsridge,ctridge,ssviridge
0.000000000000000000e+00,-7.948971396283816659e+01,-8.509857134301870474e+01,-3.866230982302263186e+01
0.000000000000000000e+00,0.000000000000000000e+00,-3.124890700612414918e+00,2.274637539857493707e+01
0.000000000000000000e+00,0.000000000000000000e+00,0.000000000000000000e+00,2.508731492796986018e+01
0.000000000000000000e+00,0.000000000000000000e+00,0.000000000000000000e+00,0.000000000000000000e+00
