# mskenet,mskplsenet,msknsenet
0.000000000000000000e+00,8.650288118013486383e+01,-1.604527707881512129e+02
0.000000000000000000e+00,0.000000000000000000e+00,-1.829691619850122152e+03
0.000000000000000000e+00,0.000000000000000000e+00,0.000000000000000000e+00
