# enet,plsenet,ctenet,ssvienet
0.000000000000000000e+00,1.345597082859457420e-226,7.957512461409393319e-159,6.128877459726127547e-183
0.000000000000000000e+00,0.000000000000000000e+00,6.077177207271978289e-07,4.604926485059463951e-28
0.000000000000000000e+00,0.000000000000000000e+00,0.000000000000000000e+00,4.247036824778657352e-184
0.000000000000000000e+00,0.000000000000000000e+00,0.000000000000000000e+00,0.000000000000000000e+00
