# ridge,plslasso,plsenet
0.000000000000000000e+00,2.365542515483432386e-31,1.673979177140634489e-31
0.000000000000000000e+00,0.000000000000000000e+00,8.427455490383014558e-01
0.000000000000000000e+00,0.000000000000000000e+00,0.000000000000000000e+00
