# tsklasso,tsklassopca,tskplslasso,tsknslasso,tsklassohar,tsklassovae
0.000000000000000000e+00,nan,0.000000000000000000e+00,1.270915126591617906e-147,0.000000000000000000e+00,nan
0.000000000000000000e+00,0.000000000000000000e+00,0.000000000000000000e+00,1.270915126591617906e-147,0.000000000000000000e+00,nan
0.000000000000000000e+00,0.000000000000000000e+00,0.000000000000000000e+00,7.496159775285646823e-07,0.000000000000000000e+00,5.886539307513669640e-07
0.000000000000000000e+00,0.000000000000000000e+00,0.000000000000000000e+00,0.000000000000000000e+00,0.000000000000000000e+00,2.700527586960212989e-41
0.000000000000000000e+00,0.000000000000000000e+00,0.000000000000000000e+00,0.000000000000000000e+00,0.000000000000000000e+00,0.000000000000000000e+00
0.000000000000000000e+00,0.000000000000000000e+00,0.000000000000000000e+00,0.000000000000000000e+00,0.000000000000000000e+00,0.000000000000000000e+00
