# mskridge,mskpca,mskplsridge,msknsridge,mskhar,mskvae
0.000000000000000000e+00,3.098686922701088519e-69,3.852758179733302424e-02,2.086460772651362691e-13,2.312591788330760905e-15,1.134817768917365016e-31
0.000000000000000000e+00,0.000000000000000000e+00,0.000000000000000000e+00,0.000000000000000000e+00,0.000000000000000000e+00,0.000000000000000000e+00
0.000000000000000000e+00,0.000000000000000000e+00,0.000000000000000000e+00,6.168720485454063446e-82,5.652650425893512208e-70,4.081508940129259953e-14
0.000000000000000000e+00,0.000000000000000000e+00,0.000000000000000000e+00,0.000000000000000000e+00,2.175838406153151877e-77,1.013241697891970473e-50
0.000000000000000000e+00,0.000000000000000000e+00,0.000000000000000000e+00,0.000000000000000000e+00,0.000000000000000000e+00,8.289379037316040692e-45
0.000000000000000000e+00,0.000000000000000000e+00,0.000000000000000000e+00,0.000000000000000000e+00,0.000000000000000000e+00,0.000000000000000000e+00
