# pmridge,pmplsridge
0.000000000000000000e+00,1.296873573476323540e-04
0.000000000000000000e+00,0.000000000000000000e+00
