# pmridge,pmpca,pmplsridge,pmhar,pmvae
0.000000000000000000e+00,1.124727584923327135e-16,3.194925639010095864e-09,7.380364246719285995e-03,4.668856285203362808e-05
0.000000000000000000e+00,0.000000000000000000e+00,0.000000000000000000e+00,0.000000000000000000e+00,2.751128988008002301e-09
0.000000000000000000e+00,0.000000000000000000e+00,0.000000000000000000e+00,4.570185522786545504e-24,3.361054628669719602e-01
0.000000000000000000e+00,0.000000000000000000e+00,0.000000000000000000e+00,0.000000000000000000e+00,1.109629166220710186e-15
0.000000000000000000e+00,0.000000000000000000e+00,0.000000000000000000e+00,0.000000000000000000e+00,0.000000000000000000e+00
