# pmlasso,pmplslasso
0.000000000000000000e+00,9.179783983965288030e+01
0.000000000000000000e+00,0.000000000000000000e+00
