# pmlasso,pmplslasso
0.000000000000000000e+00,8.856289829907436228e+01
0.000000000000000000e+00,0.000000000000000000e+00
