# mskridge,mskplsridge,msknsridge
0.000000000000000000e+00,1.505629258828933004e-01,2.056051693525771246e-03
0.000000000000000000e+00,0.000000000000000000e+00,1.994912230425146048e-36
0.000000000000000000e+00,0.000000000000000000e+00,0.000000000000000000e+00
