# tskenet,tskplsenet,tsknsenet
0.000000000000000000e+00,9.191538818650415976e+01,-6.660619251919186468e-03
0.000000000000000000e+00,0.000000000000000000e+00,-1.137000154445367798e+03
0.000000000000000000e+00,0.000000000000000000e+00,0.000000000000000000e+00
