# tskridge,tskpca,tskplsridge,tsknsridge,tskhar,tskvae
0.000000000000000000e+00,-1.650169845600837348e+01,-5.789129133261561577e+01,-1.704671211238417783e+01,1.073947849672207688e+00,-7.298150284780511356e+03
0.000000000000000000e+00,0.000000000000000000e+00,-3.552702958423918744e+01,-4.678160607088699408e-01,1.508617173707319559e+01,-6.250251011640049910e+03
0.000000000000000000e+00,0.000000000000000000e+00,0.000000000000000000e+00,2.586879800367695026e+01,3.734546641845557247e+01,-4.585597427406863972e+03
0.000000000000000000e+00,0.000000000000000000e+00,0.000000000000000000e+00,0.000000000000000000e+00,1.548156256166988243e+01,-6.220681846814342862e+03
0.000000000000000000e+00,0.000000000000000000e+00,0.000000000000000000e+00,0.000000000000000000e+00,0.000000000000000000e+00,-7.378465099909476521e+03
0.000000000000000000e+00,0.000000000000000000e+00,0.000000000000000000e+00,0.000000000000000000e+00,0.000000000000000000e+00,0.000000000000000000e+00
