# tskridge,tskpca,tskplsridge,tsknsridge,tskhar,tskvae
0.000000000000000000e+00,-6.103625977498528528e+02,-5.630380072484722120e+01,-1.709606050990533177e+01,6.777809442767612325e+00,-7.071138296905354537e+02
0.000000000000000000e+00,0.000000000000000000e+00,7.799661733036681710e+01,8.351601549957455006e+01,8.687681602993691854e+01,-1.361997833883035192e+01
0.000000000000000000e+00,0.000000000000000000e+00,0.000000000000000000e+00,2.508431658930807373e+01,4.035833413843973005e+01,-4.163750503491311861e+02
0.000000000000000000e+00,0.000000000000000000e+00,0.000000000000000000e+00,0.000000000000000000e+00,2.038827766597102098e+01,-5.892749646537088211e+02
0.000000000000000000e+00,0.000000000000000000e+00,0.000000000000000000e+00,0.000000000000000000e+00,0.000000000000000000e+00,-7.657958205723773517e+02
0.000000000000000000e+00,0.000000000000000000e+00,0.000000000000000000e+00,0.000000000000000000e+00,0.000000000000000000e+00,0.000000000000000000e+00
