# tsklasso,tsklassopca,tskplslasso,tsknslasso,tsklassohar,tsklassovae
0.000000000000000000e+00,nan,3.636033467776776022e-288,9.674551371676184252e-33,1.235701781072784559e-173,nan
0.000000000000000000e+00,0.000000000000000000e+00,3.636033467776776022e-288,9.674551371676184252e-33,1.235701781072784559e-173,nan
0.000000000000000000e+00,0.000000000000000000e+00,0.000000000000000000e+00,1.278589441397041393e-01,1.336081453442548583e-01,1.340441600572367387e-01
0.000000000000000000e+00,0.000000000000000000e+00,0.000000000000000000e+00,0.000000000000000000e+00,7.282398869528569274e-07,2.084008949077860763e-18
0.000000000000000000e+00,0.000000000000000000e+00,0.000000000000000000e+00,0.000000000000000000e+00,0.000000000000000000e+00,2.443340671946007003e-174
0.000000000000000000e+00,0.000000000000000000e+00,0.000000000000000000e+00,0.000000000000000000e+00,0.000000000000000000e+00,0.000000000000000000e+00
