# ridge,plsridge,ctridge,ssviridge
0.000000000000000000e+00,8.391984937515301893e-20,4.579243461886370606e-10,1.905227640221225460e-43
0.000000000000000000e+00,0.000000000000000000e+00,3.858304442610229440e-26,2.666995671709123318e-39
0.000000000000000000e+00,0.000000000000000000e+00,0.000000000000000000e+00,5.278894655294065301e-32
0.000000000000000000e+00,0.000000000000000000e+00,0.000000000000000000e+00,0.000000000000000000e+00
