# tskridge,tskplsridge,tsknsridge
0.000000000000000000e+00,-8.823326594152412383e+01,-2.609362638006402690e+01
0.000000000000000000e+00,0.000000000000000000e+00,3.301203921137094710e+01
0.000000000000000000e+00,0.000000000000000000e+00,0.000000000000000000e+00
