# mskridge,mskplsridge,msknsridge
0.000000000000000000e+00,-6.225502490039747272e+01,-2.214851363301038134e+01
0.000000000000000000e+00,0.000000000000000000e+00,2.471819365348286723e+01
0.000000000000000000e+00,0.000000000000000000e+00,0.000000000000000000e+00
