# pmhar,pmplslasso,pmplsenet
0.000000000000000000e+00,-2.968747915292535566e+00,-2.968747915292535566e+00
0.000000000000000000e+00,0.000000000000000000e+00,0.000000000000000000e+00
0.000000000000000000e+00,0.000000000000000000e+00,0.000000000000000000e+00
