# msklasso,mskplslasso,msknslasso
0.000000000000000000e+00,8.181108449854771436e+01,-4.648071379571932198e+02
0.000000000000000000e+00,0.000000000000000000e+00,-3.005227125345084005e+03
0.000000000000000000e+00,0.000000000000000000e+00,0.000000000000000000e+00
