# lasso,lassopca,plslasso,ctlasso,ssvilasso,lassohar,lassovae
0.000000000000000000e+00,9.364231347531902682e-112,1.243206339177633419e-307,0.000000000000000000e+00,2.531081268261237440e-315,0.000000000000000000e+00,1.232319480835564103e-288
0.000000000000000000e+00,0.000000000000000000e+00,0.000000000000000000e+00,1.873093533511296432e-90,0.000000000000000000e+00,0.000000000000000000e+00,1.821174264847388620e-103
0.000000000000000000e+00,0.000000000000000000e+00,0.000000000000000000e+00,1.620114520391566226e-01,6.661529090356224432e-11,0.000000000000000000e+00,7.007605635547255185e-02
0.000000000000000000e+00,0.000000000000000000e+00,0.000000000000000000e+00,0.000000000000000000e+00,2.466137208670942262e-315,0.000000000000000000e+00,4.708095645792794387e-08
0.000000000000000000e+00,0.000000000000000000e+00,0.000000000000000000e+00,0.000000000000000000e+00,0.000000000000000000e+00,0.000000000000000000e+00,2.436113352077836763e-09
0.000000000000000000e+00,0.000000000000000000e+00,0.000000000000000000e+00,0.000000000000000000e+00,0.000000000000000000e+00,0.000000000000000000e+00,0.000000000000000000e+00
0.000000000000000000e+00,0.000000000000000000e+00,0.000000000000000000e+00,0.000000000000000000e+00,0.000000000000000000e+00,0.000000000000000000e+00,0.000000000000000000e+00
