# ridge,plslasso,plsenet
0.000000000000000000e+00,-4.744912932206813139e+01,-4.747571151116942900e+01
0.000000000000000000e+00,0.000000000000000000e+00,-1.802804073751662628e-02
0.000000000000000000e+00,0.000000000000000000e+00,0.000000000000000000e+00
