# pmridge,pmpca,pmplsridge,pmhar
0.000000000000000000e+00,9.638719967728146851e-09,2.482230946973092915e-05,1.223206420615302764e-05
0.000000000000000000e+00,0.000000000000000000e+00,5.779664006570595742e-04,3.256350019598538339e-19
0.000000000000000000e+00,0.000000000000000000e+00,0.000000000000000000e+00,7.853054521640657186e-15
0.000000000000000000e+00,0.000000000000000000e+00,0.000000000000000000e+00,0.000000000000000000e+00
