# mskenet,mskplsenet,msknsenet
0.000000000000000000e+00,0.000000000000000000e+00,3.189882281974414210e-29
0.000000000000000000e+00,0.000000000000000000e+00,6.729241124769566040e-01
0.000000000000000000e+00,0.000000000000000000e+00,0.000000000000000000e+00
