# pmridge,pmplsridge
0.000000000000000000e+00,2.482230946973102402e-05
0.000000000000000000e+00,0.000000000000000000e+00
