# msklasso,msklassopca,mskplslasso,msknslasso,msklassohar,msklassovae
0.000000000000000000e+00,2.251043450103263766e+01,8.896905922827920676e+01,-1.483728330195924627e+02,8.660008468445168361e-02,-3.735348201142484754e+02
0.000000000000000000e+00,0.000000000000000000e+00,8.576461140194702182e+01,-2.205242298369866205e+02,-2.894817449167030787e+01,-5.111437571309573400e+02
0.000000000000000000e+00,0.000000000000000000e+00,0.000000000000000000e+00,-2.151601546590907219e+03,-8.076917764907083210e+02,-4.201962123839440210e+03
0.000000000000000000e+00,0.000000000000000000e+00,0.000000000000000000e+00,0.000000000000000000e+00,5.979788216457231442e+01,-9.053603073808429258e+01
0.000000000000000000e+00,0.000000000000000000e+00,0.000000000000000000e+00,0.000000000000000000e+00,0.000000000000000000e+00,-3.739452571082621830e+02
0.000000000000000000e+00,0.000000000000000000e+00,0.000000000000000000e+00,0.000000000000000000e+00,0.000000000000000000e+00,0.000000000000000000e+00
