# ridge,plsridge,ctridge,ssviridge
0.000000000000000000e+00,-1.681354610595469268e+01,-1.246058052117304804e+00,2.320235752561028519e+01
0.000000000000000000e+00,0.000000000000000000e+00,1.332678321375247954e+01,3.425621853416631524e+01
0.000000000000000000e+00,0.000000000000000000e+00,0.000000000000000000e+00,2.414752341779324851e+01
0.000000000000000000e+00,0.000000000000000000e+00,0.000000000000000000e+00,0.000000000000000000e+00
