# enet,enetpca,plsenet,ctenet,ssvienet,enethar,enetvae
0.000000000000000000e+00,8.792952500982316622e+01,8.940778708484121751e+01,6.450194607496961829e-01,8.963665885929015076e+01,8.660008468445168361e-02,-3.785064975190970813e+02
0.000000000000000000e+00,0.000000000000000000e+00,1.224692546251149317e+01,-7.231240329821911246e+02,1.414305444364265441e+01,-7.293793988213485591e+02,-3.872074132007026037e+03
0.000000000000000000e+00,0.000000000000000000e+00,0.000000000000000000e+00,-8.380002208703796214e+02,2.160755040350337275e+00,-8.461109182317622981e+02,-4.431126176582654807e+03
0.000000000000000000e+00,0.000000000000000000e+00,0.000000000000000000e+00,0.000000000000000000e+00,8.956937932606628294e+01,-5.739348961802281934e-01,-3.816699398646713917e+02
0.000000000000000000e+00,0.000000000000000000e+00,0.000000000000000000e+00,0.000000000000000000e+00,0.000000000000000000e+00,-8.672597148431584628e+02,-4.532412256346132381e+03
0.000000000000000000e+00,0.000000000000000000e+00,0.000000000000000000e+00,0.000000000000000000e+00,0.000000000000000000e+00,0.000000000000000000e+00,-3.789212437217319120e+02
0.000000000000000000e+00,0.000000000000000000e+00,0.000000000000000000e+00,0.000000000000000000e+00,0.000000000000000000e+00,0.000000000000000000e+00,0.000000000000000000e+00
