# msklasso,mskplslasso,msknslasso
0.000000000000000000e+00,5.013338357668115123e-302,2.017618552818284265e-63
0.000000000000000000e+00,0.000000000000000000e+00,2.340924183135790876e-06
0.000000000000000000e+00,0.000000000000000000e+00,0.000000000000000000e+00
