# tsklasso,tskplslasso,tsknslasso
0.000000000000000000e+00,3.636033467777189428e-288,9.674551371738895096e-33
0.000000000000000000e+00,0.000000000000000000e+00,1.278589441397063875e-01
0.000000000000000000e+00,0.000000000000000000e+00,0.000000000000000000e+00
