# tsklasso,tskplslasso,tsknslasso
0.000000000000000000e+00,8.652073325032949924e+01,-1.765050176782967384e-02
0.000000000000000000e+00,0.000000000000000000e+00,-6.420110630588475260e+02
0.000000000000000000e+00,0.000000000000000000e+00,0.000000000000000000e+00
