# msklasso,msklassopca,mskplslasso,msknslasso,msklassohar,msklassovae
0.000000000000000000e+00,0.000000000000000000e+00,8.896905922827920676e+01,-1.483728330195924627e+02,8.660008468445168361e-02,0.000000000000000000e+00
0.000000000000000000e+00,0.000000000000000000e+00,8.896905922827920676e+01,-1.483728330195924627e+02,8.660008468445168361e-02,0.000000000000000000e+00
0.000000000000000000e+00,0.000000000000000000e+00,0.000000000000000000e+00,-2.151601546590907219e+03,-8.076917764907083210e+02,-8.084785196580722868e+02
0.000000000000000000e+00,0.000000000000000000e+00,0.000000000000000000e+00,0.000000000000000000e+00,5.979788216457231442e+01,5.976303692047098082e+01
0.000000000000000000e+00,0.000000000000000000e+00,0.000000000000000000e+00,0.000000000000000000e+00,0.000000000000000000e+00,-8.667514543378995739e-02
0.000000000000000000e+00,0.000000000000000000e+00,0.000000000000000000e+00,0.000000000000000000e+00,0.000000000000000000e+00,0.000000000000000000e+00
