# mskenet,mskplsenet,msknsenet
0.000000000000000000e+00,0.000000000000000000e+00,1.028672146225953165e-70
0.000000000000000000e+00,0.000000000000000000e+00,1.394557093703254966e-02
0.000000000000000000e+00,0.000000000000000000e+00,0.000000000000000000e+00
