# ridge,plsridge,ctridge,ssviridge
0.000000000000000000e+00,6.563848325316332864e-61,1.180386004016313275e-32,3.489925347377596588e-83
0.000000000000000000e+00,0.000000000000000000e+00,2.178706325186500280e-37,1.612513194304313511e-09
0.000000000000000000e+00,0.000000000000000000e+00,0.000000000000000000e+00,2.141779269954062681e-153
0.000000000000000000e+00,0.000000000000000000e+00,0.000000000000000000e+00,0.000000000000000000e+00
