# mskridge,mskplslasso,mskplsenet
0.000000000000000000e+00,4.301353359082844136e-02,6.201275512970960690e-01
0.000000000000000000e+00,0.000000000000000000e+00,0.000000000000000000e+00
0.000000000000000000e+00,0.000000000000000000e+00,0.000000000000000000e+00
