# pmridge,pmplslasso,pmplsenet
0.000000000000000000e+00,-8.310326258350680462e+01,-8.310326258350680462e+01
0.000000000000000000e+00,0.000000000000000000e+00,0.000000000000000000e+00
0.000000000000000000e+00,0.000000000000000000e+00,0.000000000000000000e+00
