# pmridge,pmplsridge
0.000000000000000000e+00,-8.100961680483242944e+00
0.000000000000000000e+00,0.000000000000000000e+00
