# mskridge,mskplsridge,msknsridge
0.000000000000000000e+00,8.573304810238053797e-01,2.246393578324170940e-05
0.000000000000000000e+00,0.000000000000000000e+00,2.285671552561634002e-120
0.000000000000000000e+00,0.000000000000000000e+00,0.000000000000000000e+00
