# mskenet,mskenetpca,mskplsenet,msknsenet,mskenethar,mskenetvae
0.000000000000000000e+00,0.000000000000000000e+00,8.641767473371385222e+01,-1.542086900362106974e+02,1.896409748448624200e-02,0.000000000000000000e+00
0.000000000000000000e+00,0.000000000000000000e+00,8.641767473371385222e+01,-1.542086900362106974e+02,1.896409748448624200e-02,0.000000000000000000e+00
0.000000000000000000e+00,0.000000000000000000e+00,0.000000000000000000e+00,-1.771613917737662177e+03,-6.361113354477450912e+02,-6.362509587973017915e+02
0.000000000000000000e+00,0.000000000000000000e+00,0.000000000000000000e+00,0.000000000000000000e+00,6.066970177601965020e+01,6.066224172519218882e+01
0.000000000000000000e+00,0.000000000000000000e+00,0.000000000000000000e+00,0.000000000000000000e+00,0.000000000000000000e+00,-1.896769453655355875e-02
0.000000000000000000e+00,0.000000000000000000e+00,0.000000000000000000e+00,0.000000000000000000e+00,0.000000000000000000e+00,0.000000000000000000e+00
