# mskenet,mskenetpca,mskplsenet,msknsenet,mskenethar,mskenetvae
0.000000000000000000e+00,nan,0.000000000000000000e+00,5.054824294669619800e-01,8.481283247931102429e-95,nan
0.000000000000000000e+00,0.000000000000000000e+00,0.000000000000000000e+00,5.054824294669619800e-01,8.481283247931102429e-95,nan
0.000000000000000000e+00,0.000000000000000000e+00,0.000000000000000000e+00,1.283702256595105062e-01,1.071268331609803422e-03,1.068697905751361463e-03
0.000000000000000000e+00,0.000000000000000000e+00,0.000000000000000000e+00,0.000000000000000000e+00,1.268383212213341802e-254,1.239847251016839160e-254
0.000000000000000000e+00,0.000000000000000000e+00,0.000000000000000000e+00,0.000000000000000000e+00,0.000000000000000000e+00,3.010871135646356622e-94
0.000000000000000000e+00,0.000000000000000000e+00,0.000000000000000000e+00,0.000000000000000000e+00,0.000000000000000000e+00,0.000000000000000000e+00
