# tskenet,tskplsenet,tsknsenet
0.000000000000000000e+00,0.000000000000000000e+00,3.394684720838165443e-02
0.000000000000000000e+00,0.000000000000000000e+00,5.461877142613059205e-07
0.000000000000000000e+00,0.000000000000000000e+00,0.000000000000000000e+00
