# tsklasso,tsklassopca,tskplslasso,tsknslasso,tsklassohar,tsklassovae
0.000000000000000000e+00,nan,0.000000000000000000e+00,1.550173463397259583e-08,8.481283247931102429e-95,nan
0.000000000000000000e+00,0.000000000000000000e+00,0.000000000000000000e+00,1.550173463397259583e-08,8.481283247931102429e-95,nan
0.000000000000000000e+00,0.000000000000000000e+00,0.000000000000000000e+00,1.293118974309952164e-03,1.279214225117320490e-03,1.300991808924940310e-03
0.000000000000000000e+00,0.000000000000000000e+00,0.000000000000000000e+00,0.000000000000000000e+00,1.272033506759339225e-102,1.263752083883209566e-18
0.000000000000000000e+00,0.000000000000000000e+00,0.000000000000000000e+00,0.000000000000000000e+00,0.000000000000000000e+00,3.010871135646356622e-94
0.000000000000000000e+00,0.000000000000000000e+00,0.000000000000000000e+00,0.000000000000000000e+00,0.000000000000000000e+00,0.000000000000000000e+00
