# pmridge,pmpca,pmplsridge,pmhar,pmvae
0.000000000000000000e+00,1.787320624538261964e-19,1.296873573476337092e-04,0.000000000000000000e+00,5.269522780128215677e-11
0.000000000000000000e+00,0.000000000000000000e+00,0.000000000000000000e+00,0.000000000000000000e+00,2.486682426833427273e-01
0.000000000000000000e+00,0.000000000000000000e+00,0.000000000000000000e+00,0.000000000000000000e+00,5.505502101779059798e-03
0.000000000000000000e+00,0.000000000000000000e+00,0.000000000000000000e+00,0.000000000000000000e+00,0.000000000000000000e+00
0.000000000000000000e+00,0.000000000000000000e+00,0.000000000000000000e+00,0.000000000000000000e+00,0.000000000000000000e+00
