# mskridge,mskpca,mskplsridge,msknsridge,mskhar,mskvae
0.000000000000000000e+00,-8.049372914587855803e+02,-5.264840377202486366e+01,-1.880225185391013554e+01,0.000000000000000000e+00,-3.799213541155260145e+02
0.000000000000000000e+00,0.000000000000000000e+00,8.313160423238265651e+01,8.687176968225087137e+01,0.000000000000000000e+00,4.696634135367781937e+01
0.000000000000000000e+00,0.000000000000000000e+00,0.000000000000000000e+00,2.217262092610072699e+01,0.000000000000000000e+00,-2.143965755660780417e+02
0.000000000000000000e+00,0.000000000000000000e+00,0.000000000000000000e+00,0.000000000000000000e+00,0.000000000000000000e+00,-3.039665466153623470e+02
0.000000000000000000e+00,0.000000000000000000e+00,0.000000000000000000e+00,0.000000000000000000e+00,0.000000000000000000e+00,0.000000000000000000e+00
0.000000000000000000e+00,0.000000000000000000e+00,0.000000000000000000e+00,0.000000000000000000e+00,0.000000000000000000e+00,0.000000000000000000e+00
