# ridge,plsridge,ctridge,ssviridge
0.000000000000000000e+00,-4.068776058451311428e+01,-6.706127440716269916e+01,-2.647234760572996137e+01
0.000000000000000000e+00,0.000000000000000000e+00,-1.874613236650863968e+01,1.010422862637275720e+01
0.000000000000000000e+00,0.000000000000000000e+00,0.000000000000000000e+00,2.429583214031348959e+01
0.000000000000000000e+00,0.000000000000000000e+00,0.000000000000000000e+00,0.000000000000000000e+00
