# ridge,plslasso,plsenet
0.000000000000000000e+00,1.876473653733247732e-10,8.213691790313286392e-11
0.000000000000000000e+00,0.000000000000000000e+00,1.846504645278455972e-33
0.000000000000000000e+00,0.000000000000000000e+00,0.000000000000000000e+00
