# tskridge,tskpca,tskplsridge,tsknsridge,tskhar,tskvae
0.000000000000000000e+00,-8.069967416271665570e+02,-1.113220616424386300e+01,-1.149590971283147667e+01,-7.601767099363110347e-01,-4.171375544126418049e+02
0.000000000000000000e+00,0.000000000000000000e+00,8.774723203912829206e+01,8.770713227560156611e+01,8.887267512260046942e+01,4.289055694276204633e+01
0.000000000000000000e+00,0.000000000000000000e+00,0.000000000000000000e+00,-3.272710595253469634e-01,9.327409893134074537e+00,-3.653644230409585703e+02
0.000000000000000000e+00,0.000000000000000000e+00,0.000000000000000000e+00,0.000000000000000000e+00,9.651636533381612537e+00,-3.637003750282628971e+02
0.000000000000000000e+00,0.000000000000000000e+00,0.000000000000000000e+00,0.000000000000000000e+00,0.000000000000000000e+00,-4.132360534671880146e+02
0.000000000000000000e+00,0.000000000000000000e+00,0.000000000000000000e+00,0.000000000000000000e+00,0.000000000000000000e+00,0.000000000000000000e+00
