# pmridge,pmplsridge
0.000000000000000000e+00,3.194925639010072289e-09
0.000000000000000000e+00,0.000000000000000000e+00
