# mskridge,mskplsridge,msknsridge
0.000000000000000000e+00,-1.176218970289030494e+02,-2.524080349730484230e+01
0.000000000000000000e+00,0.000000000000000000e+00,4.245027490010750171e+01
0.000000000000000000e+00,0.000000000000000000e+00,0.000000000000000000e+00
