# ridge,pca,plsridge,ctridge,ssviridge,har,vae
0.000000000000000000e+00,-4.618744760721433522e+02,-4.746173006809522121e+01,-5.599553489267496786e+01,-1.814363980038198321e+01,0.000000000000000000e+00,-1.998366184558499299e+03
0.000000000000000000e+00,0.000000000000000000e+00,7.375539620540416763e+01,7.223658636655252963e+01,7.897330367695639097e+01,0.000000000000000000e+00,-2.734581786358050977e+02
0.000000000000000000e+00,0.000000000000000000e+00,0.000000000000000000e+00,-5.787131902385111992e+00,1.988182985115845014e+01,0.000000000000000000e+00,-1.322990347115492796e+03
0.000000000000000000e+00,0.000000000000000000e+00,0.000000000000000000e+00,0.000000000000000000e+00,2.426472983238598857e+01,0.000000000000000000e+00,-1.245145029953695030e+03
0.000000000000000000e+00,0.000000000000000000e+00,0.000000000000000000e+00,0.000000000000000000e+00,0.000000000000000000e+00,0.000000000000000000e+00,-1.676114387625050085e+03
0.000000000000000000e+00,0.000000000000000000e+00,0.000000000000000000e+00,0.000000000000000000e+00,0.000000000000000000e+00,0.000000000000000000e+00,0.000000000000000000e+00
0.000000000000000000e+00,0.000000000000000000e+00,0.000000000000000000e+00,0.000000000000000000e+00,0.000000000000000000e+00,0.000000000000000000e+00,0.000000000000000000e+00
