# tsklasso,tskplslasso,tsknslasso
0.000000000000000000e+00,8.803180189319070337e+01,6.324278208025280179e-03
0.000000000000000000e+00,0.000000000000000000e+00,-7.354948241114142320e+02
0.000000000000000000e+00,0.000000000000000000e+00,0.000000000000000000e+00
