# mskridge,mskplslasso,mskplsenet
0.000000000000000000e+00,2.256657888225945818e-01,9.141687684660114721e-01
0.000000000000000000e+00,0.000000000000000000e+00,0.000000000000000000e+00
0.000000000000000000e+00,0.000000000000000000e+00,0.000000000000000000e+00
