# lasso,lassopca,plslasso,ctlasso,ssvilasso,lassohar,lassovae
0.000000000000000000e+00,8.410178065148173232e+01,8.811239024750537396e+01,6.626594204121483145e-01,8.948834450418529229e+01,1.896409748448624200e-02,-3.788307820963004815e+02
0.000000000000000000e+00,0.000000000000000000e+00,2.522678488768888982e+01,-5.248331237727342113e+02,3.388155449752039772e+01,-5.288819754637108872e+02,-2.911851652058935542e+03
0.000000000000000000e+00,0.000000000000000000e+00,0.000000000000000000e+00,-7.356376315158045145e+02,1.157469235050524503e+01,-7.410524738291852600e+02,-3.927982008711360777e+03
0.000000000000000000e+00,0.000000000000000000e+00,0.000000000000000000e+00,0.000000000000000000e+00,8.941822336446293207e+01,-6.479892849677648670e-01,-3.820249659418525425e+02
0.000000000000000000e+00,0.000000000000000000e+00,0.000000000000000000e+00,0.000000000000000000e+00,0.000000000000000000e+00,-8.511445265907320845e+02,-4.455236635056678097e+03
0.000000000000000000e+00,0.000000000000000000e+00,0.000000000000000000e+00,0.000000000000000000e+00,0.000000000000000000e+00,0.000000000000000000e+00,-3.789216052563955373e+02
0.000000000000000000e+00,0.000000000000000000e+00,0.000000000000000000e+00,0.000000000000000000e+00,0.000000000000000000e+00,0.000000000000000000e+00,0.000000000000000000e+00
