# enet,enetpca,plsenet,ctenet,ssvienet,enethar,enetvae
0.000000000000000000e+00,1.090020100422368440e-101,6.656933133990671523e-211,1.202375905825444817e-155,7.599662666574019276e-183,0.000000000000000000e+00,1.069176190290518203e-111
0.000000000000000000e+00,0.000000000000000000e+00,0.000000000000000000e+00,4.557029782205432615e-60,3.066578082570098630e-311,0.000000000000000000e+00,3.881728684556788715e-63
0.000000000000000000e+00,0.000000000000000000e+00,0.000000000000000000e+00,5.353992565644785802e-05,5.568764566263835197e-21,0.000000000000000000e+00,2.817003253368834267e-04
0.000000000000000000e+00,0.000000000000000000e+00,0.000000000000000000e+00,0.000000000000000000e+00,5.060284490720380392e-184,0.000000000000000000e+00,1.880607620274397877e-125
0.000000000000000000e+00,0.000000000000000000e+00,0.000000000000000000e+00,0.000000000000000000e+00,0.000000000000000000e+00,0.000000000000000000e+00,6.369279504569048955e-02
0.000000000000000000e+00,0.000000000000000000e+00,0.000000000000000000e+00,0.000000000000000000e+00,0.000000000000000000e+00,0.000000000000000000e+00,0.000000000000000000e+00
0.000000000000000000e+00,0.000000000000000000e+00,0.000000000000000000e+00,0.000000000000000000e+00,0.000000000000000000e+00,0.000000000000000000e+00,0.000000000000000000e+00
