# enet,plsenet,ctenet,ssvienet
0.000000000000000000e+00,4.769571892609876042e-199,2.458432385810960285e-154,2.898272859831084265e-179
0.000000000000000000e+00,0.000000000000000000e+00,2.044801795374197317e-02,4.840593459996420120e-18
0.000000000000000000e+00,0.000000000000000000e+00,0.000000000000000000e+00,1.981619090223622510e-180
0.000000000000000000e+00,0.000000000000000000e+00,0.000000000000000000e+00,0.000000000000000000e+00
