# tskridge,tskplsridge,tsknsridge
0.000000000000000000e+00,9.982473734617467453e-01,7.188516298531228976e-01
0.000000000000000000e+00,0.000000000000000000e+00,1.768780432537179847e-24
0.000000000000000000e+00,0.000000000000000000e+00,0.000000000000000000e+00
