# enet,plsenet,ctenet,ssvienet
0.000000000000000000e+00,8.634918834957467482e+01,7.653637164352078415e-01,8.651487717159092483e+01
0.000000000000000000e+00,0.000000000000000000e+00,-6.269504467924649589e+02,1.213765351535600612e+00
0.000000000000000000e+00,0.000000000000000000e+00,0.000000000000000000e+00,8.641087090814230010e+01
0.000000000000000000e+00,0.000000000000000000e+00,0.000000000000000000e+00,0.000000000000000000e+00
