# lasso,plslasso,ctlasso,ssvilasso
0.000000000000000000e+00,9.025727278546604282e+01,3.519593005553156573e-02,8.979661188172477182e+01
0.000000000000000000e+00,0.000000000000000000e+00,-9.260453964144602423e+02,-4.728254148941646307e+00
0.000000000000000000e+00,0.000000000000000000e+00,0.000000000000000000e+00,8.979301943998608238e+01
0.000000000000000000e+00,0.000000000000000000e+00,0.000000000000000000e+00,0.000000000000000000e+00
