# pmlasso,pmplslasso
0.000000000000000000e+00,9.301771934546346188e+01
0.000000000000000000e+00,0.000000000000000000e+00
