# ridge,pca,plsridge,ctridge,ssviridge,har,vae
0.000000000000000000e+00,-2.836210525725277876e+01,-1.940256279320564659e+01,-7.893462302874472414e+01,-3.912704883775504072e+01,9.005899632076230787e+00,-6.952383955398519902e+03
0.000000000000000000e+00,0.000000000000000000e+00,6.979896789703743387e+00,-3.939832372656919546e+01,-8.386387523738459748e+00,2.907665825699273654e+01,-5.396824907870047355e+03
0.000000000000000000e+00,0.000000000000000000e+00,0.000000000000000000e+00,-4.985827677638978628e+01,-1.651931548463529964e+01,2.393956989253501888e+01,-5.794968517318127851e+03
0.000000000000000000e+00,0.000000000000000000e+00,0.000000000000000000e+00,0.000000000000000000e+00,2.224699363219092518e+01,4.921033427563644835e+01,-3.836389526422750350e+03
0.000000000000000000e+00,0.000000000000000000e+00,0.000000000000000000e+00,0.000000000000000000e+00,0.000000000000000000e+00,3.463291187514240477e+01,-4.966194419626035597e+03
0.000000000000000000e+00,0.000000000000000000e+00,0.000000000000000000e+00,0.000000000000000000e+00,0.000000000000000000e+00,0.000000000000000000e+00,-7.650374943961254758e+03
0.000000000000000000e+00,0.000000000000000000e+00,0.000000000000000000e+00,0.000000000000000000e+00,0.000000000000000000e+00,0.000000000000000000e+00,0.000000000000000000e+00
