# lasso,lassopca,plslasso,ctlasso,ssvilasso,lassohar,lassovae
0.000000000000000000e+00,5.871155162072303465e-155,0.000000000000000000e+00,0.000000000000000000e+00,0.000000000000000000e+00,8.481283247931102429e-95,1.016521227701626246e-08
0.000000000000000000e+00,0.000000000000000000e+00,0.000000000000000000e+00,4.180924327516858699e-102,0.000000000000000000e+00,2.162109039932389389e-118,1.371191480405803737e-118
0.000000000000000000e+00,0.000000000000000000e+00,0.000000000000000000e+00,1.704935267521962283e-01,7.897011265536902312e-23,1.196840529311175849e-02,1.203358060927249215e-02
0.000000000000000000e+00,0.000000000000000000e+00,0.000000000000000000e+00,0.000000000000000000e+00,0.000000000000000000e+00,3.341809233845922933e-02,1.457340774637418956e-01
0.000000000000000000e+00,0.000000000000000000e+00,0.000000000000000000e+00,0.000000000000000000e+00,0.000000000000000000e+00,6.149052939091434510e-04,6.250989984961162309e-04
0.000000000000000000e+00,0.000000000000000000e+00,0.000000000000000000e+00,0.000000000000000000e+00,0.000000000000000000e+00,0.000000000000000000e+00,3.009968482372613363e-94
0.000000000000000000e+00,0.000000000000000000e+00,0.000000000000000000e+00,0.000000000000000000e+00,0.000000000000000000e+00,0.000000000000000000e+00,0.000000000000000000e+00
