# tsklasso,tsklassopca,tskplslasso,tsknslasso,tsklassohar,tsklassovae
0.000000000000000000e+00,nan,2.552950357806772782e-250,4.293616115380893078e-64,7.034331013559736237e-03,nan
0.000000000000000000e+00,0.000000000000000000e+00,2.552950357806772782e-250,4.293616115380893078e-64,7.034331013559736237e-03,nan
0.000000000000000000e+00,0.000000000000000000e+00,0.000000000000000000e+00,1.373180185817738253e-03,1.336502639683661339e-03,1.341831562037254554e-03
0.000000000000000000e+00,0.000000000000000000e+00,0.000000000000000000e+00,0.000000000000000000e+00,7.513005422808992304e-130,1.545970445722351311e-144
0.000000000000000000e+00,0.000000000000000000e+00,0.000000000000000000e+00,0.000000000000000000e+00,0.000000000000000000e+00,5.706923721370202318e-03
0.000000000000000000e+00,0.000000000000000000e+00,0.000000000000000000e+00,0.000000000000000000e+00,0.000000000000000000e+00,0.000000000000000000e+00
