# tskridge,tskplsridge,tsknsridge
0.000000000000000000e+00,5.771055842006576203e-02,7.157918516927802566e-02
0.000000000000000000e+00,0.000000000000000000e+00,3.953426784852291120e-41
0.000000000000000000e+00,0.000000000000000000e+00,0.000000000000000000e+00
