# pmridge,pmplsridge
0.000000000000000000e+00,-3.066493067415805385e+01
0.000000000000000000e+00,0.000000000000000000e+00
