# mskenet,mskenetpca,mskplsenet,msknsenet,mskenethar,mskenetvae
0.000000000000000000e+00,6.208714914141747698e+01,8.961332859043216104e+01,-1.201327049262978619e+02,8.660008468445168361e-02,-3.735348201142484754e+02
0.000000000000000000e+00,0.000000000000000000e+00,7.260382383717114863e+01,-4.806282037386416164e+02,-1.634941696099954243e+02,-1.148818119623373150e+03
0.000000000000000000e+00,0.000000000000000000e+00,0.000000000000000000e+00,-2.019376807506583191e+03,-8.637792308268085435e+02,-4.467785953498148956e+03
0.000000000000000000e+00,0.000000000000000000e+00,0.000000000000000000e+00,0.000000000000000000e+00,5.465943119810356876e+01,-1.148894753824965846e+02
0.000000000000000000e+00,0.000000000000000000e+00,0.000000000000000000e+00,0.000000000000000000e+00,0.000000000000000000e+00,-3.739452571082621830e+02
0.000000000000000000e+00,0.000000000000000000e+00,0.000000000000000000e+00,0.000000000000000000e+00,0.000000000000000000e+00,0.000000000000000000e+00
