# msklasso,msklassopca,mskplslasso,msknslasso,msklassohar,msklassovae
0.000000000000000000e+00,nan,0.000000000000000000e+00,8.482537293506397929e-37,1.010133939483057698e-111,nan
0.000000000000000000e+00,0.000000000000000000e+00,0.000000000000000000e+00,8.482537293506397929e-37,1.010133939483057698e-111,nan
0.000000000000000000e+00,0.000000000000000000e+00,0.000000000000000000e+00,9.285021129675774532e-01,1.665932570030484797e-02,1.667336010720689779e-02
0.000000000000000000e+00,0.000000000000000000e+00,0.000000000000000000e+00,0.000000000000000000e+00,5.862862430629466536e-46,6.030402713200374693e-46
0.000000000000000000e+00,0.000000000000000000e+00,0.000000000000000000e+00,0.000000000000000000e+00,0.000000000000000000e+00,3.221577534017989498e-111
0.000000000000000000e+00,0.000000000000000000e+00,0.000000000000000000e+00,0.000000000000000000e+00,0.000000000000000000e+00,0.000000000000000000e+00
