# pmhar,tskridge,mskhar,har
0.000000000000000000e+00,4.785756930070506066e+00,6.763522730103277425e-02,1.793150266559595529e+00
0.000000000000000000e+00,0.000000000000000000e+00,-4.955268823913550058e+00,-3.143024160065022166e+00
0.000000000000000000e+00,0.000000000000000000e+00,0.000000000000000000e+00,1.726682885152708291e+00
0.000000000000000000e+00,0.000000000000000000e+00,0.000000000000000000e+00,0.000000000000000000e+00
