# mskenet,mskenetpca,mskplsenet,msknsenet,mskenethar,mskenetvae
0.000000000000000000e+00,0.000000000000000000e+00,8.046266349443629906e+01,-3.683744058870645972e+02,-1.747125198063859131e-02,0.000000000000000000e+00
0.000000000000000000e+00,0.000000000000000000e+00,8.046266349443629906e+01,-3.683744058870645972e+02,-1.747125198063859131e-02,0.000000000000000000e+00
0.000000000000000000e+00,0.000000000000000000e+00,0.000000000000000000e+00,-2.297329880425023930e+03,-4.119299205574845928e+02,-4.118404956147567191e+02
0.000000000000000000e+00,0.000000000000000000e+00,0.000000000000000000e+00,0.000000000000000000e+00,7.864582906434536369e+01,7.864955925364714062e+01
0.000000000000000000e+00,0.000000000000000000e+00,0.000000000000000000e+00,0.000000000000000000e+00,0.000000000000000000e+00,1.746820006739424613e-02
0.000000000000000000e+00,0.000000000000000000e+00,0.000000000000000000e+00,0.000000000000000000e+00,0.000000000000000000e+00,0.000000000000000000e+00
