# enet,enetpca,plsenet,ctenet,ssvienet,enethar,enetvae
0.000000000000000000e+00,3.453613476723497773e-108,0.000000000000000000e+00,0.000000000000000000e+00,0.000000000000000000e+00,2.230788905817994644e-49,2.349647754553049840e-318
0.000000000000000000e+00,0.000000000000000000e+00,0.000000000000000000e+00,4.626093213437092265e-87,0.000000000000000000e+00,7.858146124505583708e-98,2.176384314381644468e-98
0.000000000000000000e+00,0.000000000000000000e+00,0.000000000000000000e+00,6.947452687530779603e-01,1.030306091663087329e-05,3.581978288435867519e-01,3.645664814220027639e-01
0.000000000000000000e+00,0.000000000000000000e+00,0.000000000000000000e+00,0.000000000000000000e+00,0.000000000000000000e+00,2.602036368878733611e-04,1.314249618042535039e-01
0.000000000000000000e+00,0.000000000000000000e+00,0.000000000000000000e+00,0.000000000000000000e+00,0.000000000000000000e+00,1.000083563553335968e-04,1.042793501165268711e-04
0.000000000000000000e+00,0.000000000000000000e+00,0.000000000000000000e+00,0.000000000000000000e+00,0.000000000000000000e+00,0.000000000000000000e+00,1.311864123362956954e-43
0.000000000000000000e+00,0.000000000000000000e+00,0.000000000000000000e+00,0.000000000000000000e+00,0.000000000000000000e+00,0.000000000000000000e+00,0.000000000000000000e+00
