# enet,enetpca,plsenet,ctenet,ssvienet,enethar,enetvae
0.000000000000000000e+00,9.669094464204818717e-161,8.234101279661018616e-312,0.000000000000000000e+00,2.015119226230809123e-312,1.010133939483057698e-111,2.845818120045580094e-321
0.000000000000000000e+00,0.000000000000000000e+00,0.000000000000000000e+00,1.485178741687542253e-34,0.000000000000000000e+00,2.256876928511992024e-37,2.028023484189149484e-37
0.000000000000000000e+00,0.000000000000000000e+00,0.000000000000000000e+00,1.982745409363804445e-01,1.548152406131520991e-27,1.002297883749150437e-01,1.003237191632194575e-01
0.000000000000000000e+00,0.000000000000000000e+00,0.000000000000000000e+00,0.000000000000000000e+00,2.003408748658204010e-312,3.025147169477777359e-06,4.379691870847386212e-09
0.000000000000000000e+00,0.000000000000000000e+00,0.000000000000000000e+00,0.000000000000000000e+00,0.000000000000000000e+00,9.464593466698485599e-08,9.503677733628091202e-08
0.000000000000000000e+00,0.000000000000000000e+00,0.000000000000000000e+00,0.000000000000000000e+00,0.000000000000000000e+00,0.000000000000000000e+00,3.197697491876442853e-111
0.000000000000000000e+00,0.000000000000000000e+00,0.000000000000000000e+00,0.000000000000000000e+00,0.000000000000000000e+00,0.000000000000000000e+00,0.000000000000000000e+00
