# pmhar,tskridge,mskhar,har
0.000000000000000000e+00,3.759951856035270712e+00,-8.089926182011097922e-01,4.491581904097630584e+00
0.000000000000000000e+00,0.000000000000000000e+00,-4.747446164409363512e+00,7.602137178567502929e-01
0.000000000000000000e+00,0.000000000000000000e+00,0.000000000000000000e+00,5.258037387967828380e+00
0.000000000000000000e+00,0.000000000000000000e+00,0.000000000000000000e+00,0.000000000000000000e+00
