# ridge,pca,plsridge,ctridge,ssviridge,har,vae
0.000000000000000000e+00,9.213276336284884475e-61,4.302581206614957132e-01,5.196094434259394806e-12,6.886075793538708467e-01,4.776034746952543814e-23,2.219177871712882111e-01
0.000000000000000000e+00,0.000000000000000000e+00,0.000000000000000000e+00,0.000000000000000000e+00,0.000000000000000000e+00,0.000000000000000000e+00,1.078096226687844439e-156
0.000000000000000000e+00,0.000000000000000000e+00,0.000000000000000000e+00,9.199923336751152769e-76,1.157455642756585154e-36,8.494898849180276813e-55,7.070235352781544247e-01
0.000000000000000000e+00,0.000000000000000000e+00,0.000000000000000000e+00,0.000000000000000000e+00,1.243630184858321260e-160,4.292368340094377373e-177,7.637793841794914196e-09
0.000000000000000000e+00,0.000000000000000000e+00,0.000000000000000000e+00,0.000000000000000000e+00,0.000000000000000000e+00,0.000000000000000000e+00,4.358588256993496390e-01
0.000000000000000000e+00,0.000000000000000000e+00,0.000000000000000000e+00,0.000000000000000000e+00,0.000000000000000000e+00,0.000000000000000000e+00,5.652526418627703414e-02
0.000000000000000000e+00,0.000000000000000000e+00,0.000000000000000000e+00,0.000000000000000000e+00,0.000000000000000000e+00,0.000000000000000000e+00,0.000000000000000000e+00
