# enet,plsenet,ctenet,ssvienet
0.000000000000000000e+00,9.196727132646979896e+01,3.671078979891384542e-01,9.033391962421701749e+01
0.000000000000000000e+00,0.000000000000000000e+00,-1.140336828882637519e+03,-2.033370936124199346e+01
0.000000000000000000e+00,0.000000000000000000e+00,0.000000000000000000e+00,9.029830393171143044e+01
0.000000000000000000e+00,0.000000000000000000e+00,0.000000000000000000e+00,0.000000000000000000e+00
