# pmridge,pmplsridge
0.000000000000000000e+00,-8.707587137009295475e+01
0.000000000000000000e+00,0.000000000000000000e+00
