# mskridge,mskpca,mskplsridge,msknsridge,mskhar,mskvae
0.000000000000000000e+00,4.351959904375508169e-65,8.573304810238189244e-01,2.246393578379669894e-05,0.000000000000000000e+00,8.540045484413199365e-21
0.000000000000000000e+00,0.000000000000000000e+00,0.000000000000000000e+00,0.000000000000000000e+00,0.000000000000000000e+00,0.000000000000000000e+00
0.000000000000000000e+00,0.000000000000000000e+00,0.000000000000000000e+00,2.285671550854917356e-120,0.000000000000000000e+00,1.121594945074052982e-16
0.000000000000000000e+00,0.000000000000000000e+00,0.000000000000000000e+00,0.000000000000000000e+00,0.000000000000000000e+00,1.706626117498729457e-21
0.000000000000000000e+00,0.000000000000000000e+00,0.000000000000000000e+00,0.000000000000000000e+00,0.000000000000000000e+00,0.000000000000000000e+00
0.000000000000000000e+00,0.000000000000000000e+00,0.000000000000000000e+00,0.000000000000000000e+00,0.000000000000000000e+00,0.000000000000000000e+00
