# tsklasso,tskplslasso,tsknslasso
0.000000000000000000e+00,8.640332088582955805e+01,7.609597387203681507e-03
0.000000000000000000e+00,0.000000000000000000e+00,-6.354177410747367958e+02
0.000000000000000000e+00,0.000000000000000000e+00,0.000000000000000000e+00
