# pmhar,tskridge,mskhar,har
0.000000000000000000e+00,1.301230197446715104e-06,1.044356865377395370e-07,5.551408953085620299e-07
0.000000000000000000e+00,0.000000000000000000e+00,1.496121489509257391e-15,2.309874440182677884e-33
0.000000000000000000e+00,0.000000000000000000e+00,0.000000000000000000e+00,1.325354269161415754e-05
0.000000000000000000e+00,0.000000000000000000e+00,0.000000000000000000e+00,0.000000000000000000e+00
