# enet,enetpca,plsenet,ctenet,ssvienet,enethar,enetvae
0.000000000000000000e+00,3.821387873177184247e+01,8.975459485054324205e+01,3.721179879374036936e-01,8.984883024365417725e+01,1.233151929607156916e-02,-3.581385410456050522e-07
0.000000000000000000e+00,0.000000000000000000e+00,8.341795060256488625e+01,-6.124637696474650994e+01,8.357046930931755924e+01,-6.182868648872425865e+01,-6.184864546524113393e+01
0.000000000000000000e+00,0.000000000000000000e+00,0.000000000000000000e+00,-8.724152491650871752e+02,9.197820070193207798e-01,-8.759269352662503252e+02,-8.760473002225865002e+02
0.000000000000000000e+00,0.000000000000000000e+00,0.000000000000000000e+00,0.000000000000000000e+00,8.981091482491140709e+01,-3.611302994454446136e-01,-3.735082374137776995e-01
0.000000000000000000e+00,0.000000000000000000e+00,0.000000000000000000e+00,0.000000000000000000e+00,0.000000000000000000e+00,-8.849866653860103725e+02,-8.851081477149499506e+02
0.000000000000000000e+00,0.000000000000000000e+00,0.000000000000000000e+00,0.000000000000000000e+00,0.000000000000000000e+00,0.000000000000000000e+00,-1.233339833000002272e-02
0.000000000000000000e+00,0.000000000000000000e+00,0.000000000000000000e+00,0.000000000000000000e+00,0.000000000000000000e+00,0.000000000000000000e+00,0.000000000000000000e+00
