# enet,enetpca,plsenet,ctenet,ssvienet,enethar,enetvae
0.000000000000000000e+00,3.437397639694196272e+01,8.940778708484121751e+01,6.450194607496961829e-01,8.963665885929015076e+01,8.660008468445168361e-02,-1.633972734893518464e-07
0.000000000000000000e+00,0.000000000000000000e+00,8.385973683362828979e+01,-5.139570414962726375e+01,8.420848838352145549e+01,-5.229128443618955657e+01,-5.242328337751309419e+01
0.000000000000000000e+00,0.000000000000000000e+00,0.000000000000000000e+00,-8.380002208703796214e+02,2.160755040350337275e+00,-8.461109182317622981e+02,-8.469309627933638467e+02
0.000000000000000000e+00,0.000000000000000000e+00,0.000000000000000000e+00,0.000000000000000000e+00,8.956937932606628294e+01,-5.739348961802281934e-01,-6.611076649974734210e-01
0.000000000000000000e+00,0.000000000000000000e+00,0.000000000000000000e+00,0.000000000000000000e+00,0.000000000000000000e+00,-8.672597148431584628e+02,-8.680980901895670740e+02
0.000000000000000000e+00,0.000000000000000000e+00,0.000000000000000000e+00,0.000000000000000000e+00,0.000000000000000000e+00,0.000000000000000000e+00,-8.667530897268349577e-02
0.000000000000000000e+00,0.000000000000000000e+00,0.000000000000000000e+00,0.000000000000000000e+00,0.000000000000000000e+00,0.000000000000000000e+00,0.000000000000000000e+00
