# pmlasso,pmplslasso
0.000000000000000000e+00,9.113142327008560528e+01
0.000000000000000000e+00,0.000000000000000000e+00
