# lasso,lassopca,plslasso,ctlasso,ssvilasso,lassohar,lassovae
0.000000000000000000e+00,3.409693093038845824e-01,9.195686297264801112e+01,3.671078979900599393e-01,9.033391958383383269e+01,0.000000000000000000e+00,-1.861692799920433572e-07
0.000000000000000000e+00,0.000000000000000000e+00,9.192934451438240728e+01,2.622801817860898055e-02,9.030084845379840885e+01,0.000000000000000000e+00,-3.421360744832124823e-01
0.000000000000000000e+00,0.000000000000000000e+00,0.000000000000000000e+00,-1.138731750599202996e+03,-2.017799004660876250e+01,0.000000000000000000e+00,-1.143295990682530373e+03
0.000000000000000000e+00,0.000000000000000000e+00,0.000000000000000000e+00,0.000000000000000000e+00,9.029830389117935852e+01,0.000000000000000000e+00,-3.684607326097433244e-01
0.000000000000000000e+00,0.000000000000000000e+00,0.000000000000000000e+00,0.000000000000000000e+00,0.000000000000000000e+00,0.000000000000000000e+00,-9.345455022174537589e+02
0.000000000000000000e+00,0.000000000000000000e+00,0.000000000000000000e+00,0.000000000000000000e+00,0.000000000000000000e+00,0.000000000000000000e+00,0.000000000000000000e+00
0.000000000000000000e+00,0.000000000000000000e+00,0.000000000000000000e+00,0.000000000000000000e+00,0.000000000000000000e+00,0.000000000000000000e+00,0.000000000000000000e+00
