# tskenet,tskplsenet,tsknsenet
0.000000000000000000e+00,0.000000000000000000e+00,1.250419729649087616e-143
0.000000000000000000e+00,0.000000000000000000e+00,4.893074357235562173e-03
0.000000000000000000e+00,0.000000000000000000e+00,0.000000000000000000e+00
