# msklasso,mskplslasso,msknslasso
0.000000000000000000e+00,7.909870923702197842e+01,-4.018283832580868307e+02
0.000000000000000000e+00,0.000000000000000000e+00,-2.300944462946585645e+03
0.000000000000000000e+00,0.000000000000000000e+00,0.000000000000000000e+00
