# ridge,plslasso,plsenet
0.000000000000000000e+00,1.470314684005206489e-49,1.252469801488719043e-49
0.000000000000000000e+00,0.000000000000000000e+00,6.835794999287435336e-02
0.000000000000000000e+00,0.000000000000000000e+00,0.000000000000000000e+00
