# tskridge,tskplsridge,tsknsridge
0.000000000000000000e+00,3.838847393845065681e-02,3.505575676165945120e-02
0.000000000000000000e+00,0.000000000000000000e+00,1.123064844719706210e-29
0.000000000000000000e+00,0.000000000000000000e+00,0.000000000000000000e+00
