# pmenet,pmplsenet
0.000000000000000000e+00,9.693067980664889958e-217
0.000000000000000000e+00,0.000000000000000000e+00
