# pmridge,pmplslasso,pmplsenet
0.000000000000000000e+00,-1.260044961361765914e+01,-1.260044961361765914e+01
0.000000000000000000e+00,0.000000000000000000e+00,0.000000000000000000e+00
0.000000000000000000e+00,0.000000000000000000e+00,0.000000000000000000e+00
