# tskridge,tskplsridge,tsknsridge
0.000000000000000000e+00,-7.749337904154063494e+01,-2.416937778836167894e+01
0.000000000000000000e+00,0.000000000000000000e+00,3.004281147901239990e+01
0.000000000000000000e+00,0.000000000000000000e+00,0.000000000000000000e+00
