# lasso,lassopca,plslasso,ctlasso,ssvilasso,lassohar,lassovae
0.000000000000000000e+00,3.760784919655928918e-71,0.000000000000000000e+00,0.000000000000000000e+00,0.000000000000000000e+00,0.000000000000000000e+00,8.399115979301191251e-322
0.000000000000000000e+00,0.000000000000000000e+00,0.000000000000000000e+00,2.508245988741102942e-241,0.000000000000000000e+00,0.000000000000000000e+00,8.614682481957503712e-69
0.000000000000000000e+00,0.000000000000000000e+00,0.000000000000000000e+00,7.498307246029308759e-01,1.429420089956068526e-05,0.000000000000000000e+00,3.433330575826226694e-01
0.000000000000000000e+00,0.000000000000000000e+00,0.000000000000000000e+00,0.000000000000000000e+00,0.000000000000000000e+00,0.000000000000000000e+00,2.966876173938685565e-02
0.000000000000000000e+00,0.000000000000000000e+00,0.000000000000000000e+00,0.000000000000000000e+00,0.000000000000000000e+00,0.000000000000000000e+00,2.300958925945866343e-04
0.000000000000000000e+00,0.000000000000000000e+00,0.000000000000000000e+00,0.000000000000000000e+00,0.000000000000000000e+00,0.000000000000000000e+00,0.000000000000000000e+00
0.000000000000000000e+00,0.000000000000000000e+00,0.000000000000000000e+00,0.000000000000000000e+00,0.000000000000000000e+00,0.000000000000000000e+00,0.000000000000000000e+00
