# msklasso,msklassopca,mskplslasso,msknslasso,msklassohar,msklassovae
0.000000000000000000e+00,nan,0.000000000000000000e+00,3.215185089120582328e-28,2.230788905817994644e-49,nan
0.000000000000000000e+00,0.000000000000000000e+00,0.000000000000000000e+00,3.215185089120582328e-28,2.230788905817994644e-49,nan
0.000000000000000000e+00,0.000000000000000000e+00,0.000000000000000000e+00,8.578201905980633590e-01,9.942722422802528911e-05,9.092492668941136295e-05
0.000000000000000000e+00,0.000000000000000000e+00,0.000000000000000000e+00,0.000000000000000000e+00,1.778431593785995195e-110,9.588364762307864395e-111
0.000000000000000000e+00,0.000000000000000000e+00,0.000000000000000000e+00,0.000000000000000000e+00,0.000000000000000000e+00,1.313151615372025993e-43
0.000000000000000000e+00,0.000000000000000000e+00,0.000000000000000000e+00,0.000000000000000000e+00,0.000000000000000000e+00,0.000000000000000000e+00
