# ridge,plslasso,plsenet
0.000000000000000000e+00,5.941819564084903638e-01,5.900905891180008300e-01
0.000000000000000000e+00,0.000000000000000000e+00,2.906005527146307660e-10
0.000000000000000000e+00,0.000000000000000000e+00,0.000000000000000000e+00
