# ridge,pca,plsridge,ctridge,ssviridge,har,vae
0.000000000000000000e+00,4.222386975365966044e-12,4.409699559402750636e-35,1.896786583788875589e-21,5.841318787991153223e-69,3.042823454081984726e-80,2.919533736658511125e-01
0.000000000000000000e+00,0.000000000000000000e+00,0.000000000000000000e+00,0.000000000000000000e+00,0.000000000000000000e+00,0.000000000000000000e+00,2.464136402942757739e-86
0.000000000000000000e+00,0.000000000000000000e+00,0.000000000000000000e+00,7.615217891074363042e-68,3.651585376387323121e-30,7.841191043387711694e-61,3.406320950181045506e-04
0.000000000000000000e+00,0.000000000000000000e+00,0.000000000000000000e+00,0.000000000000000000e+00,8.624999367786627344e-65,2.084120523231923043e-79,5.827661856905458349e-01
0.000000000000000000e+00,0.000000000000000000e+00,0.000000000000000000e+00,0.000000000000000000e+00,0.000000000000000000e+00,1.980671132856542650e-280,8.073077923226774921e-02
0.000000000000000000e+00,0.000000000000000000e+00,0.000000000000000000e+00,0.000000000000000000e+00,0.000000000000000000e+00,0.000000000000000000e+00,4.253789013672502894e-02
0.000000000000000000e+00,0.000000000000000000e+00,0.000000000000000000e+00,0.000000000000000000e+00,0.000000000000000000e+00,0.000000000000000000e+00,0.000000000000000000e+00
