# mskenet,mskplsenet,msknsenet
0.000000000000000000e+00,9.108480645868624492e+01,-1.087082414521713929e+02
0.000000000000000000e+00,0.000000000000000000e+00,-2.241039939121904354e+03
0.000000000000000000e+00,0.000000000000000000e+00,0.000000000000000000e+00
