# mskridge,mskplsridge,msknsridge
0.000000000000000000e+00,3.154953811666047492e-01,5.694097419590513770e-04
0.000000000000000000e+00,0.000000000000000000e+00,1.007751929669929337e-29
0.000000000000000000e+00,0.000000000000000000e+00,0.000000000000000000e+00
