# pmridge,pmplslasso,pmplsenet
0.000000000000000000e+00,4.403171000777556278e-11,4.403171000777556278e-11
0.000000000000000000e+00,0.000000000000000000e+00,nan
0.000000000000000000e+00,0.000000000000000000e+00,0.000000000000000000e+00
