# pmridge,mskridge,tskridge,ridge
0.000000000000000000e+00,2.444010228306226960e-08,6.245624396899854202e-17,1.319391339647878213e-09
0.000000000000000000e+00,0.000000000000000000e+00,1.300816889556888330e-179,1.364686492924488833e-09
0.000000000000000000e+00,0.000000000000000000e+00,0.000000000000000000e+00,3.399559934609092548e-22
0.000000000000000000e+00,0.000000000000000000e+00,0.000000000000000000e+00,0.000000000000000000e+00
