# enet,plsenet,ctenet,ssvienet
0.000000000000000000e+00,9.110640822769937586e+01,3.693078703919661088e-01,9.003429670874876933e+01
0.000000000000000000e+00,0.000000000000000000e+00,-1.020252589509572999e+03,-1.205487666175246630e+01
0.000000000000000000e+00,0.000000000000000000e+00,0.000000000000000000e+00,8.999735615779222542e+01
0.000000000000000000e+00,0.000000000000000000e+00,0.000000000000000000e+00,0.000000000000000000e+00
