# lasso,plslasso,ctlasso,ssvilasso
0.000000000000000000e+00,8.928211097992472867e-227,7.957512461409393319e-159,6.128877459726127547e-183
0.000000000000000000e+00,0.000000000000000000e+00,5.905363411548594414e-07,7.320056684502482092e-28
0.000000000000000000e+00,0.000000000000000000e+00,0.000000000000000000e+00,4.247036824778657352e-184
0.000000000000000000e+00,0.000000000000000000e+00,0.000000000000000000e+00,0.000000000000000000e+00
