# tskenet,tskplsenet,tsknsenet
0.000000000000000000e+00,1.648709506873793432e-231,6.421971527050197232e-66
0.000000000000000000e+00,0.000000000000000000e+00,1.445187693111174565e-01
0.000000000000000000e+00,0.000000000000000000e+00,0.000000000000000000e+00
