# pmlasso,pmplslasso
0.000000000000000000e+00,5.295259534894012288e-250
0.000000000000000000e+00,0.000000000000000000e+00
