# ridge,plslasso,plsenet
0.000000000000000000e+00,5.001875911950006004e-155,3.050698114189393317e-155
0.000000000000000000e+00,0.000000000000000000e+00,1.014068858447121866e-06
0.000000000000000000e+00,0.000000000000000000e+00,0.000000000000000000e+00
