# msklasso,msklassopca,mskplslasso,msknslasso,msklassohar,msklassovae
0.000000000000000000e+00,nan,2.162078947291017466e-313,1.968786765445353335e-40,1.235701781072784559e-173,nan
0.000000000000000000e+00,0.000000000000000000e+00,2.162078947291017466e-313,1.968786765445353335e-40,1.235701781072784559e-173,nan
0.000000000000000000e+00,0.000000000000000000e+00,0.000000000000000000e+00,8.170627692387536500e-01,4.016956098526516250e-01,4.013063333166834168e-01
0.000000000000000000e+00,0.000000000000000000e+00,0.000000000000000000e+00,0.000000000000000000e+00,0.000000000000000000e+00,0.000000000000000000e+00
0.000000000000000000e+00,0.000000000000000000e+00,0.000000000000000000e+00,0.000000000000000000e+00,0.000000000000000000e+00,2.443340671946007003e-174
0.000000000000000000e+00,0.000000000000000000e+00,0.000000000000000000e+00,0.000000000000000000e+00,0.000000000000000000e+00,0.000000000000000000e+00
