# pmridge,pmplslasso,pmplsenet
0.000000000000000000e+00,-1.054364428454247786e+02,-1.054364428454247786e+02
0.000000000000000000e+00,0.000000000000000000e+00,0.000000000000000000e+00
0.000000000000000000e+00,0.000000000000000000e+00,0.000000000000000000e+00
