# tskenet,tskplsenet,tsknsenet
0.000000000000000000e+00,8.930241116394437029e+01,-1.845416587011872167e-02
0.000000000000000000e+00,0.000000000000000000e+00,-8.349625948303739733e+02
0.000000000000000000e+00,0.000000000000000000e+00,0.000000000000000000e+00
