# tsklasso,tskplslasso,tsknslasso
0.000000000000000000e+00,8.970783346254791013e+01,4.284250817703227909e-02
0.000000000000000000e+00,0.000000000000000000e+00,-8.711964641078196792e+02
0.000000000000000000e+00,0.000000000000000000e+00,0.000000000000000000e+00
