# tskridge,tskpca,tskplsridge,tsknsridge,tskhar,tskvae
0.000000000000000000e+00,2.199605509053193311e-02,1.081261221527221317e-01,1.159370467531986928e-02,0.000000000000000000e+00,1.088848523771301238e-18
0.000000000000000000e+00,0.000000000000000000e+00,0.000000000000000000e+00,0.000000000000000000e+00,0.000000000000000000e+00,0.000000000000000000e+00
0.000000000000000000e+00,0.000000000000000000e+00,0.000000000000000000e+00,1.996200167324254871e-07,0.000000000000000000e+00,1.526546099362286130e-03
0.000000000000000000e+00,0.000000000000000000e+00,0.000000000000000000e+00,0.000000000000000000e+00,0.000000000000000000e+00,4.094906947521937459e-47
0.000000000000000000e+00,0.000000000000000000e+00,0.000000000000000000e+00,0.000000000000000000e+00,0.000000000000000000e+00,0.000000000000000000e+00
0.000000000000000000e+00,0.000000000000000000e+00,0.000000000000000000e+00,0.000000000000000000e+00,0.000000000000000000e+00,0.000000000000000000e+00
