# pmridge,pmplsridge
0.000000000000000000e+00,2.812725812353663080e-05
0.000000000000000000e+00,0.000000000000000000e+00
