# pmridge,pmplsridge
0.000000000000000000e+00,-1.054364428454247218e+02
0.000000000000000000e+00,0.000000000000000000e+00
