# pmridge,pmplslasso,pmplsenet
0.000000000000000000e+00,-8.239930353717390688e+01,-8.239930353717390688e+01
0.000000000000000000e+00,0.000000000000000000e+00,0.000000000000000000e+00
0.000000000000000000e+00,0.000000000000000000e+00,0.000000000000000000e+00
