# pmlasso,pmlassopca,pmplslasso,pmlassohar,pmlassovae
0.000000000000000000e+00,0.000000000000000000e+00,9.179783983965288030e+01,8.660008468445168361e-02,0.000000000000000000e+00
0.000000000000000000e+00,0.000000000000000000e+00,9.179783983965288030e+01,8.660008468445168361e-02,0.000000000000000000e+00
0.000000000000000000e+00,0.000000000000000000e+00,0.000000000000000000e+00,-1.120457949558795690e+03,-1.121515783261534125e+03
0.000000000000000000e+00,0.000000000000000000e+00,0.000000000000000000e+00,0.000000000000000000e+00,-8.667514543378995739e-02
0.000000000000000000e+00,0.000000000000000000e+00,0.000000000000000000e+00,0.000000000000000000e+00,0.000000000000000000e+00
