# enet,plsenet,ctenet,ssvienet
0.000000000000000000e+00,8.763396701708563796e+01,7.362341604176703136e-01,8.676537752102268541e+01
0.000000000000000000e+00,0.000000000000000000e+00,-7.027130930083317253e+02,-7.023994657486798410e+00
0.000000000000000000e+00,0.000000000000000000e+00,0.000000000000000000e+00,8.666721701817613166e+01
0.000000000000000000e+00,0.000000000000000000e+00,0.000000000000000000e+00,0.000000000000000000e+00
