# enet,plsenet,ctenet,ssvienet
0.000000000000000000e+00,2.489570453107947730e-301,0.000000000000000000e+00,8.680486837301769276e-307
0.000000000000000000e+00,0.000000000000000000e+00,1.371621058911899269e-02,7.904001998051740988e-03
0.000000000000000000e+00,0.000000000000000000e+00,0.000000000000000000e+00,8.165600993334399442e-307
0.000000000000000000e+00,0.000000000000000000e+00,0.000000000000000000e+00,0.000000000000000000e+00
