# msklasso,mskplslasso,msknslasso
0.000000000000000000e+00,2.162078947291017466e-313,1.968786765445100480e-40
0.000000000000000000e+00,0.000000000000000000e+00,8.170627692387457675e-01
0.000000000000000000e+00,0.000000000000000000e+00,0.000000000000000000e+00
