# ridge,plslasso,plsenet
0.000000000000000000e+00,-1.983415389412217422e+01,-1.964545910490502933e+01
0.000000000000000000e+00,0.000000000000000000e+00,1.574632799459463328e-01
0.000000000000000000e+00,0.000000000000000000e+00,0.000000000000000000e+00
