# enet,plsenet,ctenet,ssvienet
0.000000000000000000e+00,8.940778708484121751e+01,6.450194607480086439e-01,8.963665890593756558e+01
0.000000000000000000e+00,0.000000000000000000e+00,-8.380002208703962197e+02,2.160755480743770107e+00
0.000000000000000000e+00,0.000000000000000000e+00,0.000000000000000000e+00,8.956937937301671582e+01
0.000000000000000000e+00,0.000000000000000000e+00,0.000000000000000000e+00,0.000000000000000000e+00
