# mskhar,mskplslasso,mskplsenet
0.000000000000000000e+00,1.859338280289815861e-09,1.832604862545303648e-05
0.000000000000000000e+00,0.000000000000000000e+00,0.000000000000000000e+00
0.000000000000000000e+00,0.000000000000000000e+00,0.000000000000000000e+00
