# ridge,plslasso,plsenet
0.000000000000000000e+00,-1.688949067315805763e+01,-1.684917886518771013e+01
0.000000000000000000e+00,0.000000000000000000e+00,3.448711063603893123e-02
0.000000000000000000e+00,0.000000000000000000e+00,0.000000000000000000e+00
