# msklasso,msklassopca,mskplslasso,msknslasso,msklassohar,msklassovae
0.000000000000000000e+00,3.345384638993755558e-312,0.000000000000000000e+00,3.215185089120582328e-28,2.230788905817994644e-49,1.359789599475195383e-272
0.000000000000000000e+00,0.000000000000000000e+00,0.000000000000000000e+00,1.123202556765956607e-14,2.759856169392157662e-304,1.358944008707309472e-280
0.000000000000000000e+00,0.000000000000000000e+00,0.000000000000000000e+00,8.578201905980633590e-01,9.942722422802528911e-05,9.032312981276637606e-17
0.000000000000000000e+00,0.000000000000000000e+00,0.000000000000000000e+00,0.000000000000000000e+00,1.778431593785995195e-110,3.337314233981822068e-33
0.000000000000000000e+00,0.000000000000000000e+00,0.000000000000000000e+00,0.000000000000000000e+00,0.000000000000000000e+00,1.884741781191711954e-271
0.000000000000000000e+00,0.000000000000000000e+00,0.000000000000000000e+00,0.000000000000000000e+00,0.000000000000000000e+00,0.000000000000000000e+00
