# pmhar,tskridge,mskhar,har
0.000000000000000000e+00,4.245085192469955174e-08,1.426333567475619703e-06,5.634808256495341994e-11
0.000000000000000000e+00,0.000000000000000000e+00,1.946746812265734676e-35,2.597357830853857619e-38
0.000000000000000000e+00,0.000000000000000000e+00,0.000000000000000000e+00,4.949590641296608444e-36
0.000000000000000000e+00,0.000000000000000000e+00,0.000000000000000000e+00,0.000000000000000000e+00
