# tskridge,tskplsridge,tsknsridge
0.000000000000000000e+00,3.612381990715552577e-02,2.156754642812748202e-01
0.000000000000000000e+00,0.000000000000000000e+00,9.277347570225055826e-52
0.000000000000000000e+00,0.000000000000000000e+00,0.000000000000000000e+00
