# ridge,plslasso,plsenet
0.000000000000000000e+00,7.034578289496203527e-61,3.591756765394870020e-61
0.000000000000000000e+00,0.000000000000000000e+00,1.627317664705146881e-08
0.000000000000000000e+00,0.000000000000000000e+00,0.000000000000000000e+00
