# pmridge,mskridge,tskridge,ridge
0.000000000000000000e+00,2.595933186104170489e-10,5.334779433337530018e-19,1.881148131120545806e-17
0.000000000000000000e+00,0.000000000000000000e+00,5.755320279984742878e-128,1.316927380419982168e-32
0.000000000000000000e+00,0.000000000000000000e+00,0.000000000000000000e+00,1.531110584493738021e-11
0.000000000000000000e+00,0.000000000000000000e+00,0.000000000000000000e+00,0.000000000000000000e+00
