# pmhar,pmplslasso,pmplsenet
0.000000000000000000e+00,4.102267257172885484e-02,4.102267257172885484e-02
0.000000000000000000e+00,0.000000000000000000e+00,nan
0.000000000000000000e+00,0.000000000000000000e+00,0.000000000000000000e+00
