# mskridge,mskplsridge,msknsridge
0.000000000000000000e+00,-5.264840377202493471e+01,-1.880225185410537847e+01
0.000000000000000000e+00,0.000000000000000000e+00,2.217262092597287548e+01
0.000000000000000000e+00,0.000000000000000000e+00,0.000000000000000000e+00
