# ridge,pca,plsridge,ctridge,ssviridge,har,vae
0.000000000000000000e+00,-3.727585440962068901e+02,-4.313908279557354675e+00,-1.510003511716113778e+01,1.204909491005898836e+01,0.000000000000000000e+00,-1.562959409945338393e+03
0.000000000000000000e+00,0.000000000000000000e+00,7.793505594299119821e+01,7.565352619121820510e+01,8.139623150374139016e+01,0.000000000000000000e+00,-2.517566061390790253e+02
0.000000000000000000e+00,0.000000000000000000e+00,0.000000000000000000e+00,-1.034006587951568079e+01,1.568631015699660836e+01,0.000000000000000000e+00,-1.494187618288320664e+03
0.000000000000000000e+00,0.000000000000000000e+00,0.000000000000000000e+00,0.000000000000000000e+00,2.358742115029316366e+01,0.000000000000000000e+00,-1.344794876259247303e+03
0.000000000000000000e+00,0.000000000000000000e+00,0.000000000000000000e+00,0.000000000000000000e+00,0.000000000000000000e+00,0.000000000000000000e+00,-1.790781462959079818e+03
0.000000000000000000e+00,0.000000000000000000e+00,0.000000000000000000e+00,0.000000000000000000e+00,0.000000000000000000e+00,0.000000000000000000e+00,0.000000000000000000e+00
0.000000000000000000e+00,0.000000000000000000e+00,0.000000000000000000e+00,0.000000000000000000e+00,0.000000000000000000e+00,0.000000000000000000e+00,0.000000000000000000e+00
