# tskenet,tskplsenet,tsknsenet
0.000000000000000000e+00,9.105986484040819562e+01,-1.834690106234937446e-02
0.000000000000000000e+00,0.000000000000000000e+00,-1.018756541323130932e+03
0.000000000000000000e+00,0.000000000000000000e+00,0.000000000000000000e+00
