# msklasso,mskplslasso,msknslasso
0.000000000000000000e+00,8.266932697225732340e+01,-2.867632637035339371e+02
0.000000000000000000e+00,0.000000000000000000e+00,-2.131669036074994438e+03
0.000000000000000000e+00,0.000000000000000000e+00,0.000000000000000000e+00
