# pmridge,pmplslasso,pmplsenet
0.000000000000000000e+00,-3.571458523536319518e+01,-3.571458523536319518e+01
0.000000000000000000e+00,0.000000000000000000e+00,0.000000000000000000e+00
0.000000000000000000e+00,0.000000000000000000e+00,0.000000000000000000e+00
