# tsklasso,tskplslasso,tsknslasso
0.000000000000000000e+00,1.567162883328740328e-241,6.421971527050197232e-66
0.000000000000000000e+00,0.000000000000000000e+00,8.710246326701727160e-01
0.000000000000000000e+00,0.000000000000000000e+00,0.000000000000000000e+00
