# pmhar,pmplslasso,pmplsenet
0.000000000000000000e+00,4.224554001843994189e-04,4.224554001843994189e-04
0.000000000000000000e+00,0.000000000000000000e+00,nan
0.000000000000000000e+00,0.000000000000000000e+00,0.000000000000000000e+00
