# ridge,plsridge,ctridge,ssviridge
0.000000000000000000e+00,8.818655855987954038e-07,9.717029184632569941e-03,6.960201344158495887e-26
0.000000000000000000e+00,0.000000000000000000e+00,6.870494008650087902e-20,1.250226897439387989e-48
0.000000000000000000e+00,0.000000000000000000e+00,0.000000000000000000e+00,3.407654040592501752e-46
0.000000000000000000e+00,0.000000000000000000e+00,0.000000000000000000e+00,0.000000000000000000e+00
