# pmenet,pmplsenet
0.000000000000000000e+00,9.353091172512651497e+01
0.000000000000000000e+00,0.000000000000000000e+00
