# pmridge,pmplslasso,pmplsenet
0.000000000000000000e+00,-8.707587137009305422e+01,-8.707587137009305422e+01
0.000000000000000000e+00,0.000000000000000000e+00,0.000000000000000000e+00
0.000000000000000000e+00,0.000000000000000000e+00,0.000000000000000000e+00
