# pmridge,pmplslasso,pmplsenet
0.000000000000000000e+00,-9.474858168308685435e+00,-9.474858168308685435e+00
0.000000000000000000e+00,0.000000000000000000e+00,0.000000000000000000e+00
0.000000000000000000e+00,0.000000000000000000e+00,0.000000000000000000e+00
