# mskenet,mskplsenet,msknsenet
0.000000000000000000e+00,8.961332859043216104e+01,-1.201327049262986577e+02
0.000000000000000000e+00,0.000000000000000000e+00,-2.019376807506590694e+03
0.000000000000000000e+00,0.000000000000000000e+00,0.000000000000000000e+00
