# tsklasso,tskplslasso,tsknslasso
0.000000000000000000e+00,1.299249345184594805e-251,9.520343309887277134e-31
0.000000000000000000e+00,0.000000000000000000e+00,7.647763253939819823e-03
0.000000000000000000e+00,0.000000000000000000e+00,0.000000000000000000e+00
