# lasso,lassopca,plslasso,ctlasso,ssvilasso,lassohar,lassovae
0.000000000000000000e+00,3.760784919655928918e-71,0.000000000000000000e+00,0.000000000000000000e+00,0.000000000000000000e+00,2.230788905817994644e-49,2.349647754553049840e-318
0.000000000000000000e+00,0.000000000000000000e+00,0.000000000000000000e+00,2.508245988741102942e-241,0.000000000000000000e+00,3.854485032745099864e-29,1.448349951551047182e-68
0.000000000000000000e+00,0.000000000000000000e+00,0.000000000000000000e+00,7.498307246029308759e-01,1.429420089956068526e-05,3.195870991284711637e-01,3.255493504260702498e-01
0.000000000000000000e+00,0.000000000000000000e+00,0.000000000000000000e+00,0.000000000000000000e+00,0.000000000000000000e+00,2.602036368878733611e-04,1.314249618042535039e-01
0.000000000000000000e+00,0.000000000000000000e+00,0.000000000000000000e+00,0.000000000000000000e+00,0.000000000000000000e+00,1.000083563553335968e-04,1.042793501165268711e-04
0.000000000000000000e+00,0.000000000000000000e+00,0.000000000000000000e+00,0.000000000000000000e+00,0.000000000000000000e+00,0.000000000000000000e+00,1.311864123362956954e-43
0.000000000000000000e+00,0.000000000000000000e+00,0.000000000000000000e+00,0.000000000000000000e+00,0.000000000000000000e+00,0.000000000000000000e+00,0.000000000000000000e+00
