# pmridge,pmpca,pmplsridge,pmhar
0.000000000000000000e+00,1.431757459827220406e-12,1.296873573476337092e-04,3.287436927538852638e-01
0.000000000000000000e+00,0.000000000000000000e+00,5.402685339218540328e-01,4.784289535323734723e-03
0.000000000000000000e+00,0.000000000000000000e+00,0.000000000000000000e+00,2.693801663065582049e-04
0.000000000000000000e+00,0.000000000000000000e+00,0.000000000000000000e+00,0.000000000000000000e+00
