# ridge,plslasso,plsenet
0.000000000000000000e+00,8.167281970168088444e-81,5.323148128151415123e-81
0.000000000000000000e+00,0.000000000000000000e+00,3.430676199718456035e-32
0.000000000000000000e+00,0.000000000000000000e+00,0.000000000000000000e+00
