# tskridge,tskplsridge,tsknsridge
0.000000000000000000e+00,7.643264462058339814e-03,1.418243213599454551e-03
0.000000000000000000e+00,0.000000000000000000e+00,8.761350528771669734e-29
0.000000000000000000e+00,0.000000000000000000e+00,0.000000000000000000e+00
