# ridge,pca,plsridge,ctridge,ssviridge,har,vae
0.000000000000000000e+00,8.293098466525175468e-43,2.548069641802666329e-11,1.317745487137402995e-24,1.792452786070370674e-01,3.862711131407161530e-40,1.023838662096434454e-01
0.000000000000000000e+00,0.000000000000000000e+00,0.000000000000000000e+00,0.000000000000000000e+00,0.000000000000000000e+00,0.000000000000000000e+00,1.044293828096932957e-157
0.000000000000000000e+00,0.000000000000000000e+00,0.000000000000000000e+00,2.704230325728261830e-01,5.292075492053908258e-18,1.851505713203826468e-101,9.754214787749597437e-02
0.000000000000000000e+00,0.000000000000000000e+00,0.000000000000000000e+00,0.000000000000000000e+00,1.393835456131825241e-163,1.494687484682897023e-196,3.191993823350658334e-07
0.000000000000000000e+00,0.000000000000000000e+00,0.000000000000000000e+00,0.000000000000000000e+00,0.000000000000000000e+00,0.000000000000000000e+00,9.573476153995346127e-01
0.000000000000000000e+00,0.000000000000000000e+00,0.000000000000000000e+00,0.000000000000000000e+00,0.000000000000000000e+00,0.000000000000000000e+00,4.643965418573559045e-02
0.000000000000000000e+00,0.000000000000000000e+00,0.000000000000000000e+00,0.000000000000000000e+00,0.000000000000000000e+00,0.000000000000000000e+00,0.000000000000000000e+00
