# mskridge,mskplsridge,msknsridge
0.000000000000000000e+00,-2.673262592851621733e+01,-1.683181147573906600e+01
0.000000000000000000e+00,0.000000000000000000e+00,7.812364322318787302e+00
0.000000000000000000e+00,0.000000000000000000e+00,0.000000000000000000e+00
