# enet,plsenet,ctenet,ssvienet
0.000000000000000000e+00,8.590902329125947290e+01,7.505391375451475611e-01,8.653574844740791150e+01
0.000000000000000000e+00,0.000000000000000000e+00,-6.043476326299738730e+02,4.447705571464622309e+00
0.000000000000000000e+00,0.000000000000000000e+00,0.000000000000000000e+00,8.643392978098735568e+01
0.000000000000000000e+00,0.000000000000000000e+00,0.000000000000000000e+00,0.000000000000000000e+00
