# msklasso,msklassopca,mskplslasso,msknslasso,msklassohar,msklassovae
0.000000000000000000e+00,nan,0.000000000000000000e+00,2.029562954305739816e-13,8.481283247931102429e-95,nan
0.000000000000000000e+00,0.000000000000000000e+00,0.000000000000000000e+00,2.029562954305739816e-13,8.481283247931102429e-95,nan
0.000000000000000000e+00,0.000000000000000000e+00,0.000000000000000000e+00,3.760818702293548918e-04,1.217296413673346206e-01,1.215641281509930172e-01
0.000000000000000000e+00,0.000000000000000000e+00,0.000000000000000000e+00,0.000000000000000000e+00,0.000000000000000000e+00,0.000000000000000000e+00
0.000000000000000000e+00,0.000000000000000000e+00,0.000000000000000000e+00,0.000000000000000000e+00,0.000000000000000000e+00,3.010871135646356622e-94
0.000000000000000000e+00,0.000000000000000000e+00,0.000000000000000000e+00,0.000000000000000000e+00,0.000000000000000000e+00,0.000000000000000000e+00
