# pmridge,pmplslasso,pmplsenet
0.000000000000000000e+00,2.658444179416001990e-09,2.658444179416001990e-09
0.000000000000000000e+00,0.000000000000000000e+00,nan
0.000000000000000000e+00,0.000000000000000000e+00,0.000000000000000000e+00
