# enet,enetpca,plsenet,ctenet,ssvienet,enethar,enetvae
0.000000000000000000e+00,8.678577633201921060e+01,8.811739378520550758e+01,6.626594204121483145e-01,8.948834450418529229e+01,1.896409748448624200e-02,-3.788307820963004815e+02
0.000000000000000000e+00,0.000000000000000000e+00,1.007715236736106412e+01,-6.517455665616647593e+02,2.045196327889198074e+01,-6.566167972832046189e+02,-3.523601311188251202e+03
0.000000000000000000e+00,0.000000000000000000e+00,0.000000000000000000e+00,-7.359895025041519148e+02,1.153745814847305695e+01,-7.414066249038341994e+02,-3.929678114723101771e+03
0.000000000000000000e+00,0.000000000000000000e+00,0.000000000000000000e+00,0.000000000000000000e+00,8.941822336446293207e+01,-6.479892849677648670e-01,-3.820249659418525425e+02
0.000000000000000000e+00,0.000000000000000000e+00,0.000000000000000000e+00,0.000000000000000000e+00,0.000000000000000000e+00,-8.511445265907320845e+02,-4.455236635056678097e+03
0.000000000000000000e+00,0.000000000000000000e+00,0.000000000000000000e+00,0.000000000000000000e+00,0.000000000000000000e+00,0.000000000000000000e+00,-3.789216052563955373e+02
0.000000000000000000e+00,0.000000000000000000e+00,0.000000000000000000e+00,0.000000000000000000e+00,0.000000000000000000e+00,0.000000000000000000e+00,0.000000000000000000e+00
