# tskridge,tskplsridge,tsknsridge
0.000000000000000000e+00,-4.391944262817104772e+01,-2.219342045701369059e+01
0.000000000000000000e+00,0.000000000000000000e+00,1.509596047233764438e+01
0.000000000000000000e+00,0.000000000000000000e+00,0.000000000000000000e+00
