# pmenet,pmplsenet
0.000000000000000000e+00,8.366097968131683160e+01
0.000000000000000000e+00,0.000000000000000000e+00
