# mskridge,mskplslasso,mskplsenet
0.000000000000000000e+00,5.179346672878542635e-04,4.530087879685363861e-01
0.000000000000000000e+00,0.000000000000000000e+00,0.000000000000000000e+00
0.000000000000000000e+00,0.000000000000000000e+00,0.000000000000000000e+00
