# pmridge,mskridge,tskridge,ridge
0.000000000000000000e+00,-8.955210784534784807e+00,3.791678364463479944e+00,-8.397261404160172305e+00
0.000000000000000000e+00,0.000000000000000000e+00,1.169920103610829720e+01,5.120905887447513294e-01
0.000000000000000000e+00,0.000000000000000000e+00,0.000000000000000000e+00,-1.266931961956336750e+01
0.000000000000000000e+00,0.000000000000000000e+00,0.000000000000000000e+00,0.000000000000000000e+00
