# lasso,plslasso,ctlasso,ssvilasso
0.000000000000000000e+00,1.781149166251688441e-215,2.634742196385790728e-269,3.492087645528542144e-196
0.000000000000000000e+00,0.000000000000000000e+00,5.625534024636020813e-01,3.021595459055483152e-30
0.000000000000000000e+00,0.000000000000000000e+00,0.000000000000000000e+00,3.031540733122695298e-195
0.000000000000000000e+00,0.000000000000000000e+00,0.000000000000000000e+00,0.000000000000000000e+00
