# pmlasso,pmplslasso
0.000000000000000000e+00,1.954573832367536274e-252
0.000000000000000000e+00,0.000000000000000000e+00
