# tskenet,tskenetpca,tskplsenet,tsknsenet,tskenethar,tskenetvae
0.000000000000000000e+00,nan,0.000000000000000000e+00,2.915869489800600525e-02,0.000000000000000000e+00,nan
0.000000000000000000e+00,0.000000000000000000e+00,0.000000000000000000e+00,2.915869489800600525e-02,0.000000000000000000e+00,nan
0.000000000000000000e+00,0.000000000000000000e+00,0.000000000000000000e+00,1.083547535708618984e-03,0.000000000000000000e+00,1.083214229661250182e-03
0.000000000000000000e+00,0.000000000000000000e+00,0.000000000000000000e+00,0.000000000000000000e+00,0.000000000000000000e+00,1.979109541718209388e-28
0.000000000000000000e+00,0.000000000000000000e+00,0.000000000000000000e+00,0.000000000000000000e+00,0.000000000000000000e+00,0.000000000000000000e+00
0.000000000000000000e+00,0.000000000000000000e+00,0.000000000000000000e+00,0.000000000000000000e+00,0.000000000000000000e+00,0.000000000000000000e+00
