# lasso,lassopca,plslasso,ctlasso,ssvilasso,lassohar,lassovae
0.000000000000000000e+00,2.055157225847037417e-01,9.185771965012754947e+01,6.418829898011013668e-01,8.964716313681073245e+01,6.326785153956127061e-02,-4.387026075747257892e-07
0.000000000000000000e+00,0.000000000000000000e+00,9.184095152269337348e+01,4.372659174262216730e-01,8.962584261229331162e+01,-1.429401034583221985e-01,-2.063389405421389711e-01
0.000000000000000000e+00,0.000000000000000000e+00,0.000000000000000000e+00,-1.120273839032762680e+03,-2.714910833733983253e+01,-1.126657779402574306e+03,-1.127434356130135939e+03
0.000000000000000000e+00,0.000000000000000000e+00,0.000000000000000000e+00,0.000000000000000000e+00,8.958028073123954016e+01,-6.002448886570421749e-01,-6.639332378277185143e-01
0.000000000000000000e+00,0.000000000000000000e+00,0.000000000000000000e+00,0.000000000000000000e+00,0.000000000000000000e+00,-8.674405524926818316e+02,-8.680530230863392944e+02
0.000000000000000000e+00,0.000000000000000000e+00,0.000000000000000000e+00,0.000000000000000000e+00,0.000000000000000000e+00,0.000000000000000000e+00,-6.330834407131114006e-02
0.000000000000000000e+00,0.000000000000000000e+00,0.000000000000000000e+00,0.000000000000000000e+00,0.000000000000000000e+00,0.000000000000000000e+00,0.000000000000000000e+00
