# ridge,plslasso,plsenet
0.000000000000000000e+00,-7.965928913191324057e+01,-7.958366989094996313e+01
0.000000000000000000e+00,0.000000000000000000e+00,4.209035966281637897e-02
0.000000000000000000e+00,0.000000000000000000e+00,0.000000000000000000e+00
