# tskenet,tskplsenet,tsknsenet
0.000000000000000000e+00,9.036623884986045141e+01,5.622360337675935682e-03
0.000000000000000000e+00,0.000000000000000000e+00,-9.379578243769720984e+02
0.000000000000000000e+00,0.000000000000000000e+00,0.000000000000000000e+00
