# pmenet,pmplsenet
0.000000000000000000e+00,1.789071386721171359e-316
0.000000000000000000e+00,0.000000000000000000e+00
