# pmridge,pmplsridge
0.000000000000000000e+00,2.658444179416021429e-09
0.000000000000000000e+00,0.000000000000000000e+00
