# ridge,plsridge,ctridge,ssviridge
0.000000000000000000e+00,2.548069641987140530e-11,1.317745487266585967e-24,1.792457843496947645e-01
0.000000000000000000e+00,0.000000000000000000e+00,2.704230325727158823e-01,5.292018224779973557e-18
0.000000000000000000e+00,0.000000000000000000e+00,0.000000000000000000e+00,1.393826397137817558e-163
0.000000000000000000e+00,0.000000000000000000e+00,0.000000000000000000e+00,0.000000000000000000e+00
