# pmridge,pmpca,pmplsridge,pmhar,pmvae
0.000000000000000000e+00,8.945393676768983626e-16,2.482230946973092915e-05,1.223206420615302764e-05,4.655962089413163106e-03
0.000000000000000000e+00,0.000000000000000000e+00,0.000000000000000000e+00,0.000000000000000000e+00,1.083891238074739683e-71
0.000000000000000000e+00,0.000000000000000000e+00,0.000000000000000000e+00,7.853054521640657186e-15,6.513966116613658652e-01
0.000000000000000000e+00,0.000000000000000000e+00,0.000000000000000000e+00,0.000000000000000000e+00,1.575815368834953740e-10
0.000000000000000000e+00,0.000000000000000000e+00,0.000000000000000000e+00,0.000000000000000000e+00,0.000000000000000000e+00
