# ridge,pca,plsridge,ctridge,ssviridge,har,vae
0.000000000000000000e+00,-8.038515605928570267e+02,-1.940256279320564659e+01,-7.893462302874472414e+01,-3.912704883775504072e+01,0.000000000000000000e+00,-3.099280871453212058e+03
0.000000000000000000e+00,0.000000000000000000e+00,8.678958271478927600e+01,8.020309630141288437e+01,8.460731220660852614e+01,0.000000000000000000e+00,-2.539608726630654303e+02
0.000000000000000000e+00,0.000000000000000000e+00,0.000000000000000000e+00,-4.985827677638978628e+01,-1.651931548463529964e+01,0.000000000000000000e+00,-2.579407205852084644e+03
0.000000000000000000e+00,0.000000000000000000e+00,0.000000000000000000e+00,0.000000000000000000e+00,2.224699363219092518e+01,0.000000000000000000e+00,-1.687960774332236269e+03
0.000000000000000000e+00,0.000000000000000000e+00,0.000000000000000000e+00,0.000000000000000000e+00,0.000000000000000000e+00,0.000000000000000000e+00,-2.199539089040908493e+03
0.000000000000000000e+00,0.000000000000000000e+00,0.000000000000000000e+00,0.000000000000000000e+00,0.000000000000000000e+00,0.000000000000000000e+00,0.000000000000000000e+00
0.000000000000000000e+00,0.000000000000000000e+00,0.000000000000000000e+00,0.000000000000000000e+00,0.000000000000000000e+00,0.000000000000000000e+00,0.000000000000000000e+00
