# ridge,plsridge,ctridge,ssviridge
0.000000000000000000e+00,1.013295050511025838e-49,6.258037231242429033e-94,1.467329167460456768e-145
0.000000000000000000e+00,0.000000000000000000e+00,2.106602780531282338e-34,1.656852215193522227e-31
0.000000000000000000e+00,0.000000000000000000e+00,0.000000000000000000e+00,9.766642833269218768e-90
0.000000000000000000e+00,0.000000000000000000e+00,0.000000000000000000e+00,0.000000000000000000e+00
