# pmridge,pmplsridge
0.000000000000000000e+00,-4.250907267379906784e+01
0.000000000000000000e+00,0.000000000000000000e+00
