# pmridge,pmplsridge
0.000000000000000000e+00,-8.239930353717402056e+01
0.000000000000000000e+00,0.000000000000000000e+00
