# msklasso,msklassopca,mskplslasso,msknslasso,msklassohar,msklassovae
0.000000000000000000e+00,6.280105274345326727e+00,9.028754065309705368e+01,-1.570089639496649170e+02,6.326785153956127061e-02,-3.736453450896862023e+02
0.000000000000000000e+00,0.000000000000000000e+00,8.963671547505028059e+01,-1.742309567269625745e+02,-6.637582761288429722e+00,-4.054037049307153211e+02
0.000000000000000000e+00,0.000000000000000000e+00,0.000000000000000000e+00,-2.546178014959913071e+03,-9.292991947913392323e+02,-4.778314127714756069e+03
0.000000000000000000e+00,0.000000000000000000e+00,0.000000000000000000e+00,0.000000000000000000e+00,6.121005348200543494e+01,-8.384308961826549478e+01
0.000000000000000000e+00,0.000000000000000000e+00,0.000000000000000000e+00,0.000000000000000000e+00,0.000000000000000000e+00,-3.739452000352233654e+02
0.000000000000000000e+00,0.000000000000000000e+00,0.000000000000000000e+00,0.000000000000000000e+00,0.000000000000000000e+00,0.000000000000000000e+00
