# lasso,plslasso,ctlasso,ssvilasso
0.000000000000000000e+00,8.811239024750537396e+01,6.626594204103275487e-01,8.948834455144812239e+01
0.000000000000000000e+00,0.000000000000000000e+00,-7.356376315158188390e+02,1.157469274808602400e+01
0.000000000000000000e+00,0.000000000000000000e+00,0.000000000000000000e+00,8.941822341204124314e+01
0.000000000000000000e+00,0.000000000000000000e+00,0.000000000000000000e+00,0.000000000000000000e+00
