# mskridge,mskpca,mskplsridge,msknsridge,mskhar,mskvae
0.000000000000000000e+00,-6.833265282400052456e+02,-2.130846955785958841e+01,-1.612746528333211060e+01,8.158757039445784898e+00,-2.580430747148676573e+02
0.000000000000000000e+00,0.000000000000000000e+00,8.451367786171903163e+01,8.517508840862957697e+01,8.825661994788757170e+01,5.421843426912824526e+01
0.000000000000000000e+00,0.000000000000000000e+00,0.000000000000000000e+00,4.270933672983423079e+00,2.437947279647295673e+01,-1.948066162730287658e+02
0.000000000000000000e+00,0.000000000000000000e+00,0.000000000000000000e+00,0.000000000000000000e+00,2.091042095333845907e+01,-2.083307144692457484e+02
0.000000000000000000e+00,0.000000000000000000e+00,0.000000000000000000e+00,0.000000000000000000e+00,0.000000000000000000e+00,-2.898499880589018289e+02
0.000000000000000000e+00,0.000000000000000000e+00,0.000000000000000000e+00,0.000000000000000000e+00,0.000000000000000000e+00,0.000000000000000000e+00
