# mskenet,mskenetpca,mskplsenet,msknsenet,mskenethar,mskenetvae
0.000000000000000000e+00,0.000000000000000000e+00,8.961332859043216104e+01,-1.201327049262978619e+02,8.660008468445168361e-02,0.000000000000000000e+00
0.000000000000000000e+00,0.000000000000000000e+00,8.961332859043216104e+01,-1.201327049262978619e+02,8.660008468445168361e-02,0.000000000000000000e+00
0.000000000000000000e+00,0.000000000000000000e+00,0.000000000000000000e+00,-2.019376807506583191e+03,-8.637792308268085435e+02,-8.646145878767883914e+02
0.000000000000000000e+00,0.000000000000000000e+00,0.000000000000000000e+00,0.000000000000000000e+00,5.465943119810356876e+01,5.462013219415400300e+01
0.000000000000000000e+00,0.000000000000000000e+00,0.000000000000000000e+00,0.000000000000000000e+00,0.000000000000000000e+00,-8.667514543378995739e-02
0.000000000000000000e+00,0.000000000000000000e+00,0.000000000000000000e+00,0.000000000000000000e+00,0.000000000000000000e+00,0.000000000000000000e+00
