# tsklasso,tskplslasso,tsknslasso
0.000000000000000000e+00,0.000000000000000000e+00,1.550173463373793461e-08
0.000000000000000000e+00,0.000000000000000000e+00,1.293118974310034346e-03
0.000000000000000000e+00,0.000000000000000000e+00,0.000000000000000000e+00
