# ridge,plslasso,plsenet
0.000000000000000000e+00,-4.488139899057608240e+00,-4.427259061600041790e+00
0.000000000000000000e+00,0.000000000000000000e+00,5.826578740550925062e-02
0.000000000000000000e+00,0.000000000000000000e+00,0.000000000000000000e+00
