# pmenet,pmenetpca,pmplsenet,pmenethar,pmenetvae
0.000000000000000000e+00,nan,0.000000000000000000e+00,8.481283247931102429e-95,nan
0.000000000000000000e+00,0.000000000000000000e+00,0.000000000000000000e+00,8.481283247931102429e-95,nan
0.000000000000000000e+00,0.000000000000000000e+00,0.000000000000000000e+00,8.457939878144337120e-01,8.456535219730101360e-01
0.000000000000000000e+00,0.000000000000000000e+00,0.000000000000000000e+00,0.000000000000000000e+00,3.010871135646356622e-94
0.000000000000000000e+00,0.000000000000000000e+00,0.000000000000000000e+00,0.000000000000000000e+00,0.000000000000000000e+00
