# mskridge,mskplsridge,msknsridge
0.000000000000000000e+00,-1.133474303589064647e+02,-2.038536632327092590e+01
0.000000000000000000e+00,0.000000000000000000e+00,4.357308821542819288e+01
0.000000000000000000e+00,0.000000000000000000e+00,0.000000000000000000e+00
