# mskridge,mskplsridge,msknsridge
0.000000000000000000e+00,-3.346167690582573329e+01,-1.692583682473756213e+01
0.000000000000000000e+00,0.000000000000000000e+00,1.238995377883369642e+01
0.000000000000000000e+00,0.000000000000000000e+00,0.000000000000000000e+00
