# tskenet,tskenetpca,tskplsenet,tsknsenet,tskenethar,tskenetvae
0.000000000000000000e+00,0.000000000000000000e+00,9.008747388293873826e+01,-1.771376396320079039e-03,1.896409748448624200e-02,0.000000000000000000e+00
0.000000000000000000e+00,0.000000000000000000e+00,9.008747388293873826e+01,-1.771376396320079039e-03,1.896409748448624200e-02,0.000000000000000000e+00
0.000000000000000000e+00,0.000000000000000000e+00,0.000000000000000000e+00,-9.088424504049987718e+02,-9.086332658476421784e+02,-9.088245803245024490e+02
0.000000000000000000e+00,0.000000000000000000e+00,0.000000000000000000e+00,0.000000000000000000e+00,2.073510658402444307e-02,1.771345019141445931e-03
0.000000000000000000e+00,0.000000000000000000e+00,0.000000000000000000e+00,0.000000000000000000e+00,0.000000000000000000e+00,-1.896769453655355875e-02
0.000000000000000000e+00,0.000000000000000000e+00,0.000000000000000000e+00,0.000000000000000000e+00,0.000000000000000000e+00,0.000000000000000000e+00
