# enet,plsenet,ctenet,ssvienet
0.000000000000000000e+00,8.832645945794932988e-308,0.000000000000000000e+00,2.531085438175288340e-315
0.000000000000000000e+00,0.000000000000000000e+00,1.908759188988239652e-01,3.177253849378311628e-11
0.000000000000000000e+00,0.000000000000000000e+00,0.000000000000000000e+00,2.466141447754183580e-315
0.000000000000000000e+00,0.000000000000000000e+00,0.000000000000000000e+00,0.000000000000000000e+00
