# ridge,plsridge,ctridge,ssviridge
0.000000000000000000e+00,-6.129052667535006549e+01,-9.596913382046174945e+01,-4.116254355977753221e+01
0.000000000000000000e+00,0.000000000000000000e+00,-2.150070922324762535e+01,1.247933374046617061e+01
0.000000000000000000e+00,0.000000000000000000e+00,0.000000000000000000e+00,2.796695030090584666e+01
0.000000000000000000e+00,0.000000000000000000e+00,0.000000000000000000e+00,0.000000000000000000e+00
