# mskridge,mskplslasso,mskplsenet
0.000000000000000000e+00,7.555601031416186823e-04,3.013224030952501437e-02
0.000000000000000000e+00,0.000000000000000000e+00,2.661421026276579500e-291
0.000000000000000000e+00,0.000000000000000000e+00,0.000000000000000000e+00
