# tskridge,tskplsridge,tsknsridge
0.000000000000000000e+00,2.660926954580192239e-02,5.491382307395692441e-02
0.000000000000000000e+00,0.000000000000000000e+00,5.111959939720561726e-43
0.000000000000000000e+00,0.000000000000000000e+00,0.000000000000000000e+00
