# ridge,pca,plsridge,ctridge,ssviridge,har,vae
0.000000000000000000e+00,-8.179533125089557188e+02,-7.948971396284620994e+01,-8.509857134302313852e+01,-3.866231207031984951e+01,6.643339446774310098e+00,-3.427629822410526685e+03
0.000000000000000000e+00,0.000000000000000000e+00,8.044674914105775088e+01,7.983573142329967709e+01,8.489440473924243236e+01,8.982991190498972855e+01,-2.842929454406332184e+02
0.000000000000000000e+00,0.000000000000000000e+00,0.000000000000000000e+00,-3.124890700610261085e+00,2.274637414653046719e+01,4.798773785301689543e+01,-1.865366005954377442e+03
0.000000000000000000e+00,0.000000000000000000e+00,0.000000000000000000e+00,0.000000000000000000e+00,2.508731371386329201e+01,4.956381355304039005e+01,-1.805811480237279966e+03
0.000000000000000000e+00,0.000000000000000000e+00,0.000000000000000000e+00,0.000000000000000000e+00,0.000000000000000000e+00,3.267337089700214392e+01,-2.444043705705381853e+03
0.000000000000000000e+00,0.000000000000000000e+00,0.000000000000000000e+00,0.000000000000000000e+00,0.000000000000000000e+00,0.000000000000000000e+00,-3.678658963919676353e+03
0.000000000000000000e+00,0.000000000000000000e+00,0.000000000000000000e+00,0.000000000000000000e+00,0.000000000000000000e+00,0.000000000000000000e+00,0.000000000000000000e+00
