# msklasso,mskplslasso,msknslasso
0.000000000000000000e+00,0.000000000000000000e+00,1.188405625123155565e-92
0.000000000000000000e+00,0.000000000000000000e+00,7.588803025533472080e-02
0.000000000000000000e+00,0.000000000000000000e+00,0.000000000000000000e+00
