# mskridge,mskpca,mskplsridge,msknsridge,mskhar,mskvae
0.000000000000000000e+00,-3.750886544094429098e+01,-1.120720421963131059e+02,-2.091674318280531963e+01,2.238126434417520016e+00,-7.271228917690636990e+03
0.000000000000000000e+00,0.000000000000000000e+00,-5.422426875261459145e+01,1.206622002511160652e+01,2.890503950265802402e+01,-5.260548131972150259e+03
0.000000000000000000e+00,0.000000000000000000e+00,0.000000000000000000e+00,4.298317593845122531e+01,5.390157394010228842e+01,-3.375813615670828767e+03
0.000000000000000000e+00,0.000000000000000000e+00,0.000000000000000000e+00,0.000000000000000000e+00,1.914943208668518082e+01,-5.996119299662749654e+03
0.000000000000000000e+00,0.000000000000000000e+00,0.000000000000000000e+00,0.000000000000000000e+00,0.000000000000000000e+00,-7.439983276553849464e+03
0.000000000000000000e+00,0.000000000000000000e+00,0.000000000000000000e+00,0.000000000000000000e+00,0.000000000000000000e+00,0.000000000000000000e+00
