# ridge,pca,plsridge,ctridge,ssviridge,har,vae
0.000000000000000000e+00,-3.523333586099433035e+01,-6.129052667544434740e+01,-9.596913382057519470e+01,-4.116254642433516864e+01,5.738762773794436889e+00,-7.204970091760365904e+03
0.000000000000000000e+00,0.000000000000000000e+00,-1.926831919700189388e+01,-4.491185370300330248e+01,-4.384429715935889149e+00,3.029635280649748452e+01,-5.301828715797868426e+03
0.000000000000000000e+00,0.000000000000000000e+00,0.000000000000000000e+00,-2.150070922324693967e+01,1.247933196449384496e+01,4.154253846412299112e+01,-4.430282231868423878e+03
0.000000000000000000e+00,0.000000000000000000e+00,0.000000000000000000e+00,0.000000000000000000e+00,2.796694883920836006e+01,5.198565183930716671e+01,-3.620971500167412614e+03
0.000000000000000000e+00,0.000000000000000000e+00,0.000000000000000000e+00,0.000000000000000000e+00,0.000000000000000000e+00,3.326990980995400093e+01,-5.071386748181136682e+03
0.000000000000000000e+00,0.000000000000000000e+00,0.000000000000000000e+00,0.000000000000000000e+00,0.000000000000000000e+00,0.000000000000000000e+00,-7.649707416029451451e+03
0.000000000000000000e+00,0.000000000000000000e+00,0.000000000000000000e+00,0.000000000000000000e+00,0.000000000000000000e+00,0.000000000000000000e+00,0.000000000000000000e+00
