# tsklasso,tskplslasso,tsknslasso
0.000000000000000000e+00,9.029704993736783081e+01,-1.834690106234937446e-02
0.000000000000000000e+00,0.000000000000000000e+00,-9.308034799256704446e+02
0.000000000000000000e+00,0.000000000000000000e+00,0.000000000000000000e+00
