# mskridge,mskplsridge,msknsridge
0.000000000000000000e+00,-1.413004664877666983e+02,-3.363693524159621262e+01
0.000000000000000000e+00,0.000000000000000000e+00,4.461803692850663339e+01
0.000000000000000000e+00,0.000000000000000000e+00,0.000000000000000000e+00
