# tsklasso,tskplslasso,tsknslasso
0.000000000000000000e+00,9.238620295495636014e+01,-7.144245655332781553e-03
0.000000000000000000e+00,0.000000000000000000e+00,-1.213498950050907752e+03
0.000000000000000000e+00,0.000000000000000000e+00,0.000000000000000000e+00
