# ridge,pca,plsridge,ctridge,ssviridge,har,vae
0.000000000000000000e+00,9.213276336284884475e-61,4.302581206614957132e-01,5.196094434259394806e-12,6.886075793538708467e-01,0.000000000000000000e+00,2.317720489671526718e-01
0.000000000000000000e+00,0.000000000000000000e+00,0.000000000000000000e+00,0.000000000000000000e+00,0.000000000000000000e+00,0.000000000000000000e+00,7.974309474981030057e-158
0.000000000000000000e+00,0.000000000000000000e+00,0.000000000000000000e+00,9.199923336751152769e-76,1.157455642756585154e-36,0.000000000000000000e+00,7.415053995320193270e-01
0.000000000000000000e+00,0.000000000000000000e+00,0.000000000000000000e+00,0.000000000000000000e+00,1.243630184858321260e-160,0.000000000000000000e+00,5.892672260824987568e-09
0.000000000000000000e+00,0.000000000000000000e+00,0.000000000000000000e+00,0.000000000000000000e+00,0.000000000000000000e+00,0.000000000000000000e+00,4.151698870950771836e-01
0.000000000000000000e+00,0.000000000000000000e+00,0.000000000000000000e+00,0.000000000000000000e+00,0.000000000000000000e+00,0.000000000000000000e+00,0.000000000000000000e+00
0.000000000000000000e+00,0.000000000000000000e+00,0.000000000000000000e+00,0.000000000000000000e+00,0.000000000000000000e+00,0.000000000000000000e+00,0.000000000000000000e+00
