# pmridge,pmpca,pmplsridge,pmhar,pmvae
0.000000000000000000e+00,4.966095368488210226e-13,4.161074334045168166e-05,1.301985626987336480e-06,7.290833496027696037e-02
0.000000000000000000e+00,0.000000000000000000e+00,0.000000000000000000e+00,0.000000000000000000e+00,3.050580425917909286e-68
0.000000000000000000e+00,0.000000000000000000e+00,0.000000000000000000e+00,5.978224363287722525e-15,1.966247738448136106e-01
0.000000000000000000e+00,0.000000000000000000e+00,0.000000000000000000e+00,0.000000000000000000e+00,2.938857159469752254e-06
0.000000000000000000e+00,0.000000000000000000e+00,0.000000000000000000e+00,0.000000000000000000e+00,0.000000000000000000e+00
