# tskenet,tskplsenet,tsknsenet
0.000000000000000000e+00,9.074819966103537183e+01,4.284250817703227909e-02
0.000000000000000000e+00,0.000000000000000000e+00,-9.804076377529039519e+02
0.000000000000000000e+00,0.000000000000000000e+00,0.000000000000000000e+00
