# tsklasso,tskplslasso,tsknslasso
0.000000000000000000e+00,0.000000000000000000e+00,2.915869489817424567e-02
0.000000000000000000e+00,0.000000000000000000e+00,1.049946846674753175e-05
0.000000000000000000e+00,0.000000000000000000e+00,0.000000000000000000e+00
