# msklasso,mskplslasso,msknslasso
0.000000000000000000e+00,8.896905922827920676e+01,-1.483728330195859826e+02
0.000000000000000000e+00,0.000000000000000000e+00,-2.151601546590849011e+03
0.000000000000000000e+00,0.000000000000000000e+00,0.000000000000000000e+00
