# pmridge,pmpca,pmplsridge,pmhar,pmvae
0.000000000000000000e+00,-7.487830658985860737e+02,-3.014450395180858777e+01,1.408445373261235645e-01,-1.466519033984017369e+03
0.000000000000000000e+00,0.000000000000000000e+00,8.466692972791254590e+01,8.824795978116448225e+01,-8.435760452463374293e+01
0.000000000000000000e+00,0.000000000000000000e+00,0.000000000000000000e+00,2.321903268090970229e+01,-1.104484918741561842e+03
0.000000000000000000e+00,0.000000000000000000e+00,0.000000000000000000e+00,0.000000000000000000e+00,-1.468728502385104548e+03
0.000000000000000000e+00,0.000000000000000000e+00,0.000000000000000000e+00,0.000000000000000000e+00,0.000000000000000000e+00
