# tsklasso,tsklassopca,tskplslasso,tsknslasso,tsklassohar,tsklassovae
0.000000000000000000e+00,0.000000000000000000e+00,8.982301893714259222e+01,-1.771376396320079039e-03,1.896409748448624200e-02,0.000000000000000000e+00
0.000000000000000000e+00,0.000000000000000000e+00,8.982301893714259222e+01,-1.771376396320079039e-03,1.896409748448624200e-02,0.000000000000000000e+00
0.000000000000000000e+00,0.000000000000000000e+00,0.000000000000000000e+00,-8.826270753452566851e+02,-8.824233265738604359e+02,-8.826096696295008996e+02
0.000000000000000000e+00,0.000000000000000000e+00,0.000000000000000000e+00,0.000000000000000000e+00,2.073510658402444307e-02,1.771345019141445931e-03
0.000000000000000000e+00,0.000000000000000000e+00,0.000000000000000000e+00,0.000000000000000000e+00,0.000000000000000000e+00,-1.896769453655355875e-02
0.000000000000000000e+00,0.000000000000000000e+00,0.000000000000000000e+00,0.000000000000000000e+00,0.000000000000000000e+00,0.000000000000000000e+00
