# msklasso,mskplslasso,msknslasso
0.000000000000000000e+00,9.030742282517628894e+01,-1.231050920377664539e+02
0.000000000000000000e+00,0.000000000000000000e+00,-2.201813934659995994e+03
0.000000000000000000e+00,0.000000000000000000e+00,0.000000000000000000e+00
