# ridge,pca,plsridge,ctridge,ssviridge,har,vae
0.000000000000000000e+00,1.596777640369805567e-23,5.856284830403972741e-01,1.013828998489517796e-11,1.006309326340985772e-06,2.740697128115494524e-23,2.887681555624219687e-01
0.000000000000000000e+00,0.000000000000000000e+00,0.000000000000000000e+00,0.000000000000000000e+00,0.000000000000000000e+00,0.000000000000000000e+00,1.209455304881448060e-111
0.000000000000000000e+00,0.000000000000000000e+00,0.000000000000000000e+00,4.222323793364122745e-107,3.194681287396253902e-40,2.326283367118909368e-47,5.611195588726360789e-02
0.000000000000000000e+00,0.000000000000000000e+00,0.000000000000000000e+00,0.000000000000000000e+00,1.042421850011082841e-111,1.435208159621234667e-130,2.023058133989338609e-03
0.000000000000000000e+00,0.000000000000000000e+00,0.000000000000000000e+00,0.000000000000000000e+00,0.000000000000000000e+00,0.000000000000000000e+00,8.493954273276373979e-01
0.000000000000000000e+00,0.000000000000000000e+00,0.000000000000000000e+00,0.000000000000000000e+00,0.000000000000000000e+00,0.000000000000000000e+00,5.474959663387530401e-03
0.000000000000000000e+00,0.000000000000000000e+00,0.000000000000000000e+00,0.000000000000000000e+00,0.000000000000000000e+00,0.000000000000000000e+00,0.000000000000000000e+00
