# tsklasso,tsklassopca,tskplslasso,tsknslasso,tsklassohar,tsklassovae
0.000000000000000000e+00,nan,0.000000000000000000e+00,3.394684720830604130e-02,2.230788905817994644e-49,nan
0.000000000000000000e+00,0.000000000000000000e+00,0.000000000000000000e+00,3.394684720830604130e-02,2.230788905817994644e-49,nan
0.000000000000000000e+00,0.000000000000000000e+00,0.000000000000000000e+00,1.592110553894427499e-09,8.981371105607680830e-10,1.065107336759867569e-09
0.000000000000000000e+00,0.000000000000000000e+00,0.000000000000000000e+00,0.000000000000000000e+00,1.646277812966362215e-84,2.274172900555211358e-28
0.000000000000000000e+00,0.000000000000000000e+00,0.000000000000000000e+00,0.000000000000000000e+00,0.000000000000000000e+00,1.313151615372025993e-43
0.000000000000000000e+00,0.000000000000000000e+00,0.000000000000000000e+00,0.000000000000000000e+00,0.000000000000000000e+00,0.000000000000000000e+00
