# pmridge,pmpca,pmplsridge,pmhar,pmvae
0.000000000000000000e+00,-7.471044434044364380e+02,-7.131951544867498605e+00,-4.017550282458270949e+00,-1.540029201990669435e+03
0.000000000000000000e+00,0.000000000000000000e+00,8.735315906096373340e+01,8.769798433911850566e+01,-9.396404618648921314e+01
0.000000000000000000e+00,0.000000000000000000e+00,0.000000000000000000e+00,2.883154331190651565e+00,-1.431226821527335687e+03
0.000000000000000000e+00,0.000000000000000000e+00,0.000000000000000000e+00,0.000000000000000000e+00,-1.476685085869828526e+03
0.000000000000000000e+00,0.000000000000000000e+00,0.000000000000000000e+00,0.000000000000000000e+00,0.000000000000000000e+00
