# msklasso,msklassopca,mskplslasso,msknslasso,msklassohar,msklassovae
0.000000000000000000e+00,0.000000000000000000e+00,8.558876779537027346e+01,-5.654075144254877472e+01,1.233151929607156916e-02,0.000000000000000000e+00
0.000000000000000000e+00,0.000000000000000000e+00,8.558876779537027346e+01,-5.654075144254877472e+01,1.233151929607156916e-02,0.000000000000000000e+00
0.000000000000000000e+00,0.000000000000000000e+00,0.000000000000000000e+00,-9.862412680593602090e+02,-5.938176212897471942e+02,-5.939031900955299079e+02
0.000000000000000000e+00,0.000000000000000000e+00,0.000000000000000000e+00,0.000000000000000000e+00,3.612674810916575296e+01,3.611887059536667266e+01
0.000000000000000000e+00,0.000000000000000000e+00,0.000000000000000000e+00,0.000000000000000000e+00,0.000000000000000000e+00,-1.233304014729430520e-02
0.000000000000000000e+00,0.000000000000000000e+00,0.000000000000000000e+00,0.000000000000000000e+00,0.000000000000000000e+00,0.000000000000000000e+00
