# pmridge,pmplslasso,pmplsenet
0.000000000000000000e+00,4.914286580945742514e-11,4.914286580945742514e-11
0.000000000000000000e+00,0.000000000000000000e+00,nan
0.000000000000000000e+00,0.000000000000000000e+00,0.000000000000000000e+00
