# mskridge,mskplslasso,mskplsenet
0.000000000000000000e+00,9.923187598872369453e-01,5.491323441571126507e-01
0.000000000000000000e+00,0.000000000000000000e+00,3.201270755027701041e-42
0.000000000000000000e+00,0.000000000000000000e+00,0.000000000000000000e+00
