# tskenet,tskenetpca,tskplsenet,tsknsenet,tskenethar,tskenetvae
0.000000000000000000e+00,nan,0.000000000000000000e+00,1.270915126591617906e-147,0.000000000000000000e+00,nan
0.000000000000000000e+00,0.000000000000000000e+00,0.000000000000000000e+00,1.270915126591617906e-147,0.000000000000000000e+00,nan
0.000000000000000000e+00,0.000000000000000000e+00,0.000000000000000000e+00,2.464255746323427802e-05,0.000000000000000000e+00,2.022881657888163422e-05
0.000000000000000000e+00,0.000000000000000000e+00,0.000000000000000000e+00,0.000000000000000000e+00,0.000000000000000000e+00,2.700527586960212989e-41
0.000000000000000000e+00,0.000000000000000000e+00,0.000000000000000000e+00,0.000000000000000000e+00,0.000000000000000000e+00,0.000000000000000000e+00
0.000000000000000000e+00,0.000000000000000000e+00,0.000000000000000000e+00,0.000000000000000000e+00,0.000000000000000000e+00,0.000000000000000000e+00
