# lasso,plslasso,ctlasso,ssvilasso
0.000000000000000000e+00,8.636972548777353609e+01,7.653637164352078415e-01,8.651487717159092483e+01
0.000000000000000000e+00,0.000000000000000000e+00,-6.280457645555890167e+02,1.064921206738622672e+00
0.000000000000000000e+00,0.000000000000000000e+00,0.000000000000000000e+00,8.641087090814230010e+01
0.000000000000000000e+00,0.000000000000000000e+00,0.000000000000000000e+00,0.000000000000000000e+00
