# tsklasso,tsklassopca,tskplslasso,tsknslasso,tsklassohar,tsklassovae
0.000000000000000000e+00,0.000000000000000000e+00,9.238620295495636014e+01,-7.144245655332781553e-03,6.326785153956127061e-02,-3.509943566323280493e+02
0.000000000000000000e+00,0.000000000000000000e+00,9.238620295495636014e+01,-7.144245655332781553e-03,6.326785153955016838e-02,-3.509943566323281630e+02
0.000000000000000000e+00,0.000000000000000000e+00,0.000000000000000000e+00,-1.213498950050907752e+03,-1.211120271950503820e+03,-5.816821881242890413e+03
0.000000000000000000e+00,0.000000000000000000e+00,0.000000000000000000e+00,0.000000000000000000e+00,7.017451798269069840e-02,-3.509631882368640277e+02
0.000000000000000000e+00,0.000000000000000000e+00,0.000000000000000000e+00,0.000000000000000000e+00,0.000000000000000000e+00,-3.512798717115905447e+02
0.000000000000000000e+00,0.000000000000000000e+00,0.000000000000000000e+00,0.000000000000000000e+00,0.000000000000000000e+00,0.000000000000000000e+00
