# ridge,pca,plsridge,ctridge,ssviridge,har,vae
0.000000000000000000e+00,7.556836987467354484e-06,5.856284830403972741e-01,1.013828998489517796e-11,1.006309326340985772e-06,2.740697128115494524e-23,2.738393123806705500e-36
0.000000000000000000e+00,0.000000000000000000e+00,1.559064990381625881e-01,3.164355714186975982e-35,9.098004600094621053e-108,4.932015743318608831e-168,2.010295270495093545e-01
0.000000000000000000e+00,0.000000000000000000e+00,0.000000000000000000e+00,4.222323793364122745e-107,3.194681287396253902e-40,2.326283367118909368e-47,2.404988304271286599e-04
0.000000000000000000e+00,0.000000000000000000e+00,0.000000000000000000e+00,0.000000000000000000e+00,1.042421850011082841e-111,1.435208159621234667e-130,1.690206193422932960e-81
0.000000000000000000e+00,0.000000000000000000e+00,0.000000000000000000e+00,0.000000000000000000e+00,0.000000000000000000e+00,0.000000000000000000e+00,2.698906980888836071e-01
0.000000000000000000e+00,0.000000000000000000e+00,0.000000000000000000e+00,0.000000000000000000e+00,0.000000000000000000e+00,0.000000000000000000e+00,5.690574775260674822e-54
0.000000000000000000e+00,0.000000000000000000e+00,0.000000000000000000e+00,0.000000000000000000e+00,0.000000000000000000e+00,0.000000000000000000e+00,0.000000000000000000e+00
