# pmridge,pmpca,pmplsridge,pmhar,pmvae
0.000000000000000000e+00,-6.547568281787148408e+02,-8.100961680483266036e+00,0.000000000000000000e+00,-1.435424405470336524e+03
0.000000000000000000e+00,0.000000000000000000e+00,8.567737877359266463e+01,0.000000000000000000e+00,-1.034329930045722676e+02
0.000000000000000000e+00,0.000000000000000000e+00,0.000000000000000000e+00,0.000000000000000000e+00,-1.320361467281511523e+03
0.000000000000000000e+00,0.000000000000000000e+00,0.000000000000000000e+00,0.000000000000000000e+00,0.000000000000000000e+00
0.000000000000000000e+00,0.000000000000000000e+00,0.000000000000000000e+00,0.000000000000000000e+00,0.000000000000000000e+00
