# mskridge,mskplsridge,msknsridge
0.000000000000000000e+00,-2.130846955785954577e+01,-1.612746528333797258e+01
0.000000000000000000e+00,0.000000000000000000e+00,4.270933672978549644e+00
0.000000000000000000e+00,0.000000000000000000e+00,0.000000000000000000e+00
