# tskenet,tskplsenet,tsknsenet
0.000000000000000000e+00,9.008747388293873826e+01,-1.771376396320079039e-03
0.000000000000000000e+00,0.000000000000000000e+00,-9.088424504049987718e+02
0.000000000000000000e+00,0.000000000000000000e+00,0.000000000000000000e+00
