# pmridge,pmplsridge
0.000000000000000000e+00,4.577793617196193315e-09
0.000000000000000000e+00,0.000000000000000000e+00
