# ridge,plsridge,ctridge,ssviridge
0.000000000000000000e+00,4.302581206622440035e-01,5.196094435159620959e-12,6.886079710548753674e-01
0.000000000000000000e+00,0.000000000000000000e+00,9.199923336666186179e-76,1.157451406920562738e-36
0.000000000000000000e+00,0.000000000000000000e+00,0.000000000000000000e+00,1.243628531061002814e-160
0.000000000000000000e+00,0.000000000000000000e+00,0.000000000000000000e+00,0.000000000000000000e+00
