# pmenet,pmenetpca,pmplsenet,pmenethar,pmenetvae
0.000000000000000000e+00,0.000000000000000000e+00,9.353091172512651497e+01,6.326785153956127061e-02,0.000000000000000000e+00
0.000000000000000000e+00,0.000000000000000000e+00,9.353091172512651497e+01,6.326785153956127061e-02,0.000000000000000000e+00
0.000000000000000000e+00,0.000000000000000000e+00,0.000000000000000000e+00,-1.443703218012249636e+03,-1.444680504180395019e+03
0.000000000000000000e+00,0.000000000000000000e+00,0.000000000000000000e+00,0.000000000000000000e+00,-6.330790509097017349e-02
0.000000000000000000e+00,0.000000000000000000e+00,0.000000000000000000e+00,0.000000000000000000e+00,0.000000000000000000e+00
