# enet,enetpca,plsenet,ctenet,ssvienet,enethar,enetvae
0.000000000000000000e+00,3.453613476723497773e-108,0.000000000000000000e+00,0.000000000000000000e+00,0.000000000000000000e+00,0.000000000000000000e+00,8.399115979301191251e-322
0.000000000000000000e+00,0.000000000000000000e+00,0.000000000000000000e+00,4.626093213437092265e-87,0.000000000000000000e+00,0.000000000000000000e+00,7.017357382558329832e-99
0.000000000000000000e+00,0.000000000000000000e+00,0.000000000000000000e+00,6.947452687530779603e-01,1.030306091663087329e-05,0.000000000000000000e+00,3.833845277217057257e-01
0.000000000000000000e+00,0.000000000000000000e+00,0.000000000000000000e+00,0.000000000000000000e+00,0.000000000000000000e+00,0.000000000000000000e+00,2.966876173938685565e-02
0.000000000000000000e+00,0.000000000000000000e+00,0.000000000000000000e+00,0.000000000000000000e+00,0.000000000000000000e+00,0.000000000000000000e+00,2.300958925945866343e-04
0.000000000000000000e+00,0.000000000000000000e+00,0.000000000000000000e+00,0.000000000000000000e+00,0.000000000000000000e+00,0.000000000000000000e+00,0.000000000000000000e+00
0.000000000000000000e+00,0.000000000000000000e+00,0.000000000000000000e+00,0.000000000000000000e+00,0.000000000000000000e+00,0.000000000000000000e+00,0.000000000000000000e+00
