# msklasso,mskplslasso,msknslasso
0.000000000000000000e+00,0.000000000000000000e+00,8.482537293531381597e-37
0.000000000000000000e+00,0.000000000000000000e+00,9.285021129677575313e-01
0.000000000000000000e+00,0.000000000000000000e+00,0.000000000000000000e+00
