# mskridge,mskplsridge,msknsridge
0.000000000000000000e+00,2.954388842342490773e-01,6.566070760523070593e-01
0.000000000000000000e+00,0.000000000000000000e+00,3.669824188653184017e-32
0.000000000000000000e+00,0.000000000000000000e+00,0.000000000000000000e+00
