# pmenet,pmplsenet
0.000000000000000000e+00,8.740697965617168563e+01
0.000000000000000000e+00,0.000000000000000000e+00
