# ridge,pca,plsridge,ctridge,ssviridge,har,vae
0.000000000000000000e+00,2.343314071551242803e-09,8.125780154047451477e-81,1.725652723585975378e-67,1.212820732304652223e-98,0.000000000000000000e+00,7.084954103051423863e-05
0.000000000000000000e+00,0.000000000000000000e+00,0.000000000000000000e+00,0.000000000000000000e+00,0.000000000000000000e+00,0.000000000000000000e+00,1.024420868726414206e-177
0.000000000000000000e+00,0.000000000000000000e+00,0.000000000000000000e+00,1.560690210530307810e-17,4.907507439486634883e-21,0.000000000000000000e+00,8.528944263207276499e-01
0.000000000000000000e+00,0.000000000000000000e+00,0.000000000000000000e+00,0.000000000000000000e+00,1.873686555464531545e-101,0.000000000000000000e+00,4.551077688877899208e-01
0.000000000000000000e+00,0.000000000000000000e+00,0.000000000000000000e+00,0.000000000000000000e+00,0.000000000000000000e+00,0.000000000000000000e+00,9.519086605707203219e-01
0.000000000000000000e+00,0.000000000000000000e+00,0.000000000000000000e+00,0.000000000000000000e+00,0.000000000000000000e+00,0.000000000000000000e+00,0.000000000000000000e+00
0.000000000000000000e+00,0.000000000000000000e+00,0.000000000000000000e+00,0.000000000000000000e+00,0.000000000000000000e+00,0.000000000000000000e+00,0.000000000000000000e+00
