# tskenet,tskenetpca,tskplsenet,tsknsenet,tskenethar,tskenetvae
0.000000000000000000e+00,0.000000000000000000e+00,9.191538818650415976e+01,-6.660619251919186468e-03,8.660008468445168361e-02,0.000000000000000000e+00
0.000000000000000000e+00,0.000000000000000000e+00,9.191538818650415976e+01,-6.660619251919186468e-03,8.660008468445168361e-02,0.000000000000000000e+00
0.000000000000000000e+00,0.000000000000000000e+00,0.000000000000000000e+00,-1.137000154445367798e+03,-1.137584152647504879e+03,-1.138656830511677754e+03
0.000000000000000000e+00,0.000000000000000000e+00,0.000000000000000000e+00,0.000000000000000000e+00,9.301687708248573827e-02,6.422354162183285808e-03
0.000000000000000000e+00,0.000000000000000000e+00,0.000000000000000000e+00,0.000000000000000000e+00,0.000000000000000000e+00,-8.667514543378995739e-02
0.000000000000000000e+00,0.000000000000000000e+00,0.000000000000000000e+00,0.000000000000000000e+00,0.000000000000000000e+00,0.000000000000000000e+00
