# lasso,lassopca,plslasso,ctlasso,ssvilasso,lassohar,lassovae
0.000000000000000000e+00,3.443688675653940834e+01,8.638305754347408083e+01,4.623370205790733323e-02,8.968198240404103672e+01,-3.032423257609551115e-04,-2.603730564487705124e-08
0.000000000000000000e+00,0.000000000000000000e+00,7.923078727826565171e+01,-5.245427093551220565e+01,8.426246545424976375e+01,-5.252525131164362904e+01,-5.252478883164004486e+01
0.000000000000000000e+00,0.000000000000000000e+00,0.000000000000000000e+00,-6.340397201285023812e+02,2.422661967691540497e+01,-6.343814777920325696e+02,-6.343792510345249411e+02
0.000000000000000000e+00,0.000000000000000000e+00,0.000000000000000000e+00,0.000000000000000000e+00,8.967720979597405062e+01,-4.655847008800950704e-02,-4.625511354658939922e-02
0.000000000000000000e+00,0.000000000000000000e+00,0.000000000000000000e+00,0.000000000000000000e+00,0.000000000000000000e+00,-8.691813598136402561e+02,-8.691784211068037393e+02
0.000000000000000000e+00,0.000000000000000000e+00,0.000000000000000000e+00,0.000000000000000000e+00,0.000000000000000000e+00,0.000000000000000000e+00,3.032153689908057004e-04
0.000000000000000000e+00,0.000000000000000000e+00,0.000000000000000000e+00,0.000000000000000000e+00,0.000000000000000000e+00,0.000000000000000000e+00,0.000000000000000000e+00
