# tsklasso,tskplslasso,tsknslasso
0.000000000000000000e+00,9.050887672017118746e+01,4.477910814878471868e-02
0.000000000000000000e+00,0.000000000000000000e+00,-9.531442690696371756e+02
0.000000000000000000e+00,0.000000000000000000e+00,0.000000000000000000e+00
