# mskenet,mskplsenet,msknsenet
0.000000000000000000e+00,0.000000000000000000e+00,5.165500032431587142e-79
0.000000000000000000e+00,0.000000000000000000e+00,8.273107169739209264e-04
0.000000000000000000e+00,0.000000000000000000e+00,0.000000000000000000e+00
