# mskenet,mskenetpca,mskplsenet,msknsenet,mskenethar,mskenetvae
0.000000000000000000e+00,nan,0.000000000000000000e+00,5.384462751426045386e-16,2.780542529675779111e-52,nan
0.000000000000000000e+00,0.000000000000000000e+00,0.000000000000000000e+00,5.384462751426045386e-16,2.780542529675779111e-52,nan
0.000000000000000000e+00,0.000000000000000000e+00,0.000000000000000000e+00,3.298510223988746493e-01,3.958275554464930207e-02,3.857397745801317140e-02
0.000000000000000000e+00,0.000000000000000000e+00,0.000000000000000000e+00,0.000000000000000000e+00,4.972140959887087145e-286,2.139550147837918138e-286
0.000000000000000000e+00,0.000000000000000000e+00,0.000000000000000000e+00,0.000000000000000000e+00,0.000000000000000000e+00,4.348519897944531268e-47
0.000000000000000000e+00,0.000000000000000000e+00,0.000000000000000000e+00,0.000000000000000000e+00,0.000000000000000000e+00,0.000000000000000000e+00
