# msklasso,msklassopca,mskplslasso,msknslasso,msklassohar,msklassovae
0.000000000000000000e+00,nan,5.013338357668115123e-302,2.017618552818284265e-63,7.034331013559736237e-03,nan
0.000000000000000000e+00,0.000000000000000000e+00,5.013338357668115123e-302,2.017618552818284265e-63,7.034331013559736237e-03,nan
0.000000000000000000e+00,0.000000000000000000e+00,0.000000000000000000e+00,2.340924183135119179e-06,2.590279732435238347e-02,2.597138233090953707e-02
0.000000000000000000e+00,0.000000000000000000e+00,0.000000000000000000e+00,0.000000000000000000e+00,0.000000000000000000e+00,0.000000000000000000e+00
0.000000000000000000e+00,0.000000000000000000e+00,0.000000000000000000e+00,0.000000000000000000e+00,0.000000000000000000e+00,5.706923721370202318e-03
0.000000000000000000e+00,0.000000000000000000e+00,0.000000000000000000e+00,0.000000000000000000e+00,0.000000000000000000e+00,0.000000000000000000e+00
