# mskridge,mskpca,mskplsridge,msknsridge,mskhar,mskvae
0.000000000000000000e+00,-6.833265282400052456e+02,-2.130846955785958841e+01,-1.612746528333211060e+01,0.000000000000000000e+00,-2.578595825902881984e+02
0.000000000000000000e+00,0.000000000000000000e+00,8.451367786171903163e+01,8.517508840862957697e+01,0.000000000000000000e+00,5.431540108895141117e+01
0.000000000000000000e+00,0.000000000000000000e+00,0.000000000000000000e+00,4.270933672983423079e+00,0.000000000000000000e+00,-1.949996681143542219e+02
0.000000000000000000e+00,0.000000000000000000e+00,0.000000000000000000e+00,0.000000000000000000e+00,0.000000000000000000e+00,-2.081610209240071470e+02
0.000000000000000000e+00,0.000000000000000000e+00,0.000000000000000000e+00,0.000000000000000000e+00,0.000000000000000000e+00,0.000000000000000000e+00
0.000000000000000000e+00,0.000000000000000000e+00,0.000000000000000000e+00,0.000000000000000000e+00,0.000000000000000000e+00,0.000000000000000000e+00
