# msklasso,mskplslasso,msknslasso
0.000000000000000000e+00,2.250888944093257691e-258,1.071369719136878971e-43
0.000000000000000000e+00,0.000000000000000000e+00,1.265286990042146786e-01
0.000000000000000000e+00,0.000000000000000000e+00,0.000000000000000000e+00
