# pmhar,pmplslasso,pmplsenet
0.000000000000000000e+00,-3.024060973914910377e+01,-3.024060973914910377e+01
0.000000000000000000e+00,0.000000000000000000e+00,0.000000000000000000e+00
0.000000000000000000e+00,0.000000000000000000e+00,0.000000000000000000e+00
