# enet,enetpca,plsenet,ctenet,ssvienet,enethar,enetvae
0.000000000000000000e+00,3.598542616902060587e+01,8.811739378520550758e+01,6.626594204121483145e-01,8.948834450418529229e+01,1.896409748448624200e-02,-8.737921497470324539e-09
0.000000000000000000e+00,0.000000000000000000e+00,8.143765473442239511e+01,-5.517925783880524193e+01,8.357927755081348664e+01,-5.618480280209319488e+01,-5.621442747205112056e+01
0.000000000000000000e+00,0.000000000000000000e+00,0.000000000000000000e+00,-7.359895025041519148e+02,1.153745814847305695e+01,-7.414066249038341994e+02,-7.415662204157916904e+02
0.000000000000000000e+00,0.000000000000000000e+00,0.000000000000000000e+00,0.000000000000000000e+00,8.941822336446293207e+01,-6.479892849677648670e-01,-6.670798969287350388e-01
0.000000000000000000e+00,0.000000000000000000e+00,0.000000000000000000e+00,0.000000000000000000e+00,0.000000000000000000e+00,-8.511445265907320845e+02,-8.513249368622631437e+02
0.000000000000000000e+00,0.000000000000000000e+00,0.000000000000000000e+00,0.000000000000000000e+00,0.000000000000000000e+00,0.000000000000000000e+00,-1.896770327614039076e-02
0.000000000000000000e+00,0.000000000000000000e+00,0.000000000000000000e+00,0.000000000000000000e+00,0.000000000000000000e+00,0.000000000000000000e+00,0.000000000000000000e+00
