# tskenet,tskplsenet,tsknsenet
0.000000000000000000e+00,2.153878635314097759e-242,4.293616115336564569e-64
0.000000000000000000e+00,0.000000000000000000e+00,1.537499350580972840e-04
0.000000000000000000e+00,0.000000000000000000e+00,0.000000000000000000e+00
