# mskenet,mskplsenet,msknsenet
0.000000000000000000e+00,1.492276963643321913e-314,2.566929417288348244e-37
0.000000000000000000e+00,0.000000000000000000e+00,9.313417568340005559e-01
0.000000000000000000e+00,0.000000000000000000e+00,0.000000000000000000e+00
