# tskridge,tskpca,tskplsridge,tsknsridge,tskhar,tskvae
0.000000000000000000e+00,-5.100451301492663561e+02,-1.949754745422915647e+01,-1.603318135722853199e+01,0.000000000000000000e+00,-3.964176684582272969e+02
0.000000000000000000e+00,0.000000000000000000e+00,8.041168734106763338e+01,8.097957419497186038e+01,0.000000000000000000e+00,1.862607470749526684e+01
0.000000000000000000e+00,0.000000000000000000e+00,0.000000000000000000e+00,2.899110626791379097e+00,0.000000000000000000e+00,-3.154208007058629164e+02
0.000000000000000000e+00,0.000000000000000000e+00,0.000000000000000000e+00,0.000000000000000000e+00,0.000000000000000000e+00,-3.278238885219549843e+02
0.000000000000000000e+00,0.000000000000000000e+00,0.000000000000000000e+00,0.000000000000000000e+00,0.000000000000000000e+00,0.000000000000000000e+00
0.000000000000000000e+00,0.000000000000000000e+00,0.000000000000000000e+00,0.000000000000000000e+00,0.000000000000000000e+00,0.000000000000000000e+00
