# pmridge,pmplslasso,pmplsenet
0.000000000000000000e+00,-3.014450395180858777e+01,-3.014450395180858777e+01
0.000000000000000000e+00,0.000000000000000000e+00,0.000000000000000000e+00
0.000000000000000000e+00,0.000000000000000000e+00,0.000000000000000000e+00
