# tsklasso,tsklassopca,tskplslasso,tsknslasso,tsklassohar,tsklassovae
0.000000000000000000e+00,2.023546386961224102e-80,0.000000000000000000e+00,3.394684720830604130e-02,2.230788905817994644e-49,1.329305475502455531e-278
0.000000000000000000e+00,0.000000000000000000e+00,0.000000000000000000e+00,3.394684720858190397e-02,2.230788905851018330e-49,1.329305475502455531e-278
0.000000000000000000e+00,0.000000000000000000e+00,0.000000000000000000e+00,1.592110553894427499e-09,8.981371105607680830e-10,3.250317172538263176e-17
0.000000000000000000e+00,0.000000000000000000e+00,0.000000000000000000e+00,0.000000000000000000e+00,1.646277812966362215e-84,1.321004403395858354e-278
0.000000000000000000e+00,0.000000000000000000e+00,0.000000000000000000e+00,0.000000000000000000e+00,0.000000000000000000e+00,1.676092907989492318e-277
0.000000000000000000e+00,0.000000000000000000e+00,0.000000000000000000e+00,0.000000000000000000e+00,0.000000000000000000e+00,0.000000000000000000e+00
