# har,plslasso,plsenet
0.000000000000000000e+00,9.864286697322236300e-03,9.907927159501901671e-03
0.000000000000000000e+00,0.000000000000000000e+00,2.519580452011455640e-01
0.000000000000000000e+00,0.000000000000000000e+00,0.000000000000000000e+00
