# tskenet,tskplsenet,tsknsenet
0.000000000000000000e+00,0.000000000000000000e+00,1.550173463373793461e-08
0.000000000000000000e+00,0.000000000000000000e+00,3.198898664574233858e-02
0.000000000000000000e+00,0.000000000000000000e+00,0.000000000000000000e+00
