# pmenet,pmplsenet
0.000000000000000000e+00,8.886343282752778805e+01
0.000000000000000000e+00,0.000000000000000000e+00
