# tsklasso,tskplslasso,tsknslasso
0.000000000000000000e+00,8.861294850916884513e+01,-1.845416587011872167e-02
0.000000000000000000e+00,0.000000000000000000e+00,-7.783525238856157102e+02
0.000000000000000000e+00,0.000000000000000000e+00,0.000000000000000000e+00
