# pmridge,mskridge,tskridge,ridge
0.000000000000000000e+00,-1.342307654557259866e+01,9.644832451190854528e-01,-1.252301921526071027e+01
0.000000000000000000e+00,0.000000000000000000e+00,1.268486116659942553e+01,7.935398665987025701e-01
0.000000000000000000e+00,0.000000000000000000e+00,0.000000000000000000e+00,-1.361885402563427405e+01
0.000000000000000000e+00,0.000000000000000000e+00,0.000000000000000000e+00,0.000000000000000000e+00
