# mskridge,mskplsridge,msknsridge
0.000000000000000000e+00,1.138566267834634172e-03,1.491169330921499059e-02
0.000000000000000000e+00,0.000000000000000000e+00,1.022975060637420841e-93
0.000000000000000000e+00,0.000000000000000000e+00,0.000000000000000000e+00
