# lasso,plslasso,ctlasso,ssvilasso
0.000000000000000000e+00,8.940701688608562847e+01,6.450194607480086439e-01,8.963665890593756558e+01
0.000000000000000000e+00,0.000000000000000000e+00,-8.379320203838012731e+02,2.167869214766238173e+00
0.000000000000000000e+00,0.000000000000000000e+00,0.000000000000000000e+00,8.956937937301671582e+01
0.000000000000000000e+00,0.000000000000000000e+00,0.000000000000000000e+00,0.000000000000000000e+00
