# tsklasso,tskplslasso,tsknslasso
0.000000000000000000e+00,8.641815050281593358e+01,3.747584303696038788e-02
0.000000000000000000e+00,0.000000000000000000e+00,-6.360008235821521794e+02
0.000000000000000000e+00,0.000000000000000000e+00,0.000000000000000000e+00
