# mskridge,mskplslasso,mskplsenet
0.000000000000000000e+00,-1.151295597850739796e+02,-1.112462884707383637e+02
0.000000000000000000e+00,0.000000000000000000e+00,1.805084953557845040e+00
0.000000000000000000e+00,0.000000000000000000e+00,0.000000000000000000e+00
