# mskridge,mskplsridge,msknsridge
0.000000000000000000e+00,-1.237419042326510876e+01,-1.149996864290003806e+01
0.000000000000000000e+00,0.000000000000000000e+00,7.779560209263736148e-01
0.000000000000000000e+00,0.000000000000000000e+00,0.000000000000000000e+00
