# tsklasso,tskplslasso,tsknslasso
0.000000000000000000e+00,0.000000000000000000e+00,1.250419729649087616e-143
0.000000000000000000e+00,0.000000000000000000e+00,3.620575321067539426e-04
0.000000000000000000e+00,0.000000000000000000e+00,0.000000000000000000e+00
