# lasso,plslasso,ctlasso,ssvilasso
0.000000000000000000e+00,8.754126159473946551e-312,0.000000000000000000e+00,2.015122494415768485e-312
0.000000000000000000e+00,0.000000000000000000e+00,1.723200016440797344e-01,6.419859573470420221e-27
0.000000000000000000e+00,0.000000000000000000e+00,0.000000000000000000e+00,2.003412136980165815e-312
0.000000000000000000e+00,0.000000000000000000e+00,0.000000000000000000e+00,0.000000000000000000e+00
