# ridge,plslasso,plsenet
0.000000000000000000e+00,-3.312841592575151139e+01,-3.332900445194819383e+01
0.000000000000000000e+00,0.000000000000000000e+00,-1.506729609917156765e-01
0.000000000000000000e+00,0.000000000000000000e+00,0.000000000000000000e+00
