# lasso,lassopca,plslasso,ctlasso,ssvilasso,lassohar,lassovae
0.000000000000000000e+00,1.360974905059725159e-55,1.134205426873739987e-199,2.458432383029108264e-154,2.898273103649503187e-179,0.000000000000000000e+00,2.073099449949870499e-320
0.000000000000000000e+00,0.000000000000000000e+00,1.309871415865494155e-204,6.335035201291450071e-17,3.678850015914728444e-183,0.000000000000000000e+00,1.844464688684574124e-54
0.000000000000000000e+00,0.000000000000000000e+00,0.000000000000000000e+00,1.949393982880834320e-02,5.578029306597876306e-18,0.000000000000000000e+00,5.759597412655171472e-02
0.000000000000000000e+00,0.000000000000000000e+00,0.000000000000000000e+00,0.000000000000000000e+00,1.981619238550520497e-180,0.000000000000000000e+00,1.085066606791117966e-126
0.000000000000000000e+00,0.000000000000000000e+00,0.000000000000000000e+00,0.000000000000000000e+00,0.000000000000000000e+00,0.000000000000000000e+00,8.335597436142266892e-02
0.000000000000000000e+00,0.000000000000000000e+00,0.000000000000000000e+00,0.000000000000000000e+00,0.000000000000000000e+00,0.000000000000000000e+00,0.000000000000000000e+00
0.000000000000000000e+00,0.000000000000000000e+00,0.000000000000000000e+00,0.000000000000000000e+00,0.000000000000000000e+00,0.000000000000000000e+00,0.000000000000000000e+00
