# tsklasso,tsklassopca,tskplslasso,tsknslasso,tsklassohar,tsklassovae
0.000000000000000000e+00,0.000000000000000000e+00,9.146295982695994553e+01,-6.660619251919186468e-03,8.660008468445168361e-02,0.000000000000000000e+00
0.000000000000000000e+00,0.000000000000000000e+00,9.146295982695994553e+01,-6.660619251919186468e-03,8.660008468445168361e-02,0.000000000000000000e+00
0.000000000000000000e+00,0.000000000000000000e+00,0.000000000000000000e+00,-1.071444184309599450e+03,-1.071994878038437719e+03,-1.073010706303454072e+03
0.000000000000000000e+00,0.000000000000000000e+00,0.000000000000000000e+00,0.000000000000000000e+00,9.301687708248573827e-02,6.422354162183285808e-03
0.000000000000000000e+00,0.000000000000000000e+00,0.000000000000000000e+00,0.000000000000000000e+00,0.000000000000000000e+00,-8.667514543378995739e-02
0.000000000000000000e+00,0.000000000000000000e+00,0.000000000000000000e+00,0.000000000000000000e+00,0.000000000000000000e+00,0.000000000000000000e+00
