# lasso,lassopca,plslasso,ctlasso,ssvilasso,lassohar,lassovae
0.000000000000000000e+00,0.000000000000000000e+00,0.000000000000000000e+00,0.000000000000000000e+00,0.000000000000000000e+00,2.230788905817994644e-49,5.631366103597824963e-283
0.000000000000000000e+00,0.000000000000000000e+00,0.000000000000000000e+00,1.025549043802279027e-03,7.705578087805849284e-112,2.579972182033734319e-06,5.235820535269685944e-07
0.000000000000000000e+00,0.000000000000000000e+00,0.000000000000000000e+00,7.498307246029308759e-01,1.429420089956068526e-05,3.195870991284711637e-01,2.503893616846185116e-04
0.000000000000000000e+00,0.000000000000000000e+00,0.000000000000000000e+00,0.000000000000000000e+00,0.000000000000000000e+00,2.602036368878733611e-04,8.804346374124582341e-284
0.000000000000000000e+00,0.000000000000000000e+00,0.000000000000000000e+00,0.000000000000000000e+00,0.000000000000000000e+00,1.000083563553335968e-04,1.659240458991804838e-19
0.000000000000000000e+00,0.000000000000000000e+00,0.000000000000000000e+00,0.000000000000000000e+00,0.000000000000000000e+00,0.000000000000000000e+00,6.355775755227843182e-282
0.000000000000000000e+00,0.000000000000000000e+00,0.000000000000000000e+00,0.000000000000000000e+00,0.000000000000000000e+00,0.000000000000000000e+00,0.000000000000000000e+00
