# lasso,plslasso,ctlasso,ssvilasso
0.000000000000000000e+00,8.936223570923790760e+01,3.853497642177794447e-02,8.973732659134813616e+01
0.000000000000000000e+00,0.000000000000000000e+00,-8.396849026856649516e+02,3.526031145811037160e+00
0.000000000000000000e+00,0.000000000000000000e+00,0.000000000000000000e+00,8.973337034803243739e+01
0.000000000000000000e+00,0.000000000000000000e+00,0.000000000000000000e+00,0.000000000000000000e+00
