# tsklasso,tskplslasso,tsknslasso
0.000000000000000000e+00,8.982301893714259222e+01,-1.771376396320079039e-03
0.000000000000000000e+00,0.000000000000000000e+00,-8.826270753452566851e+02
0.000000000000000000e+00,0.000000000000000000e+00,0.000000000000000000e+00
