# mskenet,mskplsenet,msknsenet
0.000000000000000000e+00,8.969938416146088400e+01,-5.303112192504735134e+01
0.000000000000000000e+00,0.000000000000000000e+00,-1.385650220567307315e+03
0.000000000000000000e+00,0.000000000000000000e+00,0.000000000000000000e+00
