# pmridge,pmplslasso,pmplsenet
0.000000000000000000e+00,4.577793617196261144e-09,4.577793617196261144e-09
0.000000000000000000e+00,0.000000000000000000e+00,nan
0.000000000000000000e+00,0.000000000000000000e+00,0.000000000000000000e+00
