# pmridge,pmpca,pmplsridge,pmhar,pmvae
0.000000000000000000e+00,-7.471044434044364380e+02,-7.131951544867498605e+00,0.000000000000000000e+00,-1.541643018380613739e+03
0.000000000000000000e+00,0.000000000000000000e+00,8.735315906096373340e+01,0.000000000000000000e+00,-9.379464140017950058e+01
0.000000000000000000e+00,0.000000000000000000e+00,0.000000000000000000e+00,0.000000000000000000e+00,-1.432356122247137364e+03
0.000000000000000000e+00,0.000000000000000000e+00,0.000000000000000000e+00,0.000000000000000000e+00,0.000000000000000000e+00
0.000000000000000000e+00,0.000000000000000000e+00,0.000000000000000000e+00,0.000000000000000000e+00,0.000000000000000000e+00
