# tsklasso,tskplslasso,tsknslasso
0.000000000000000000e+00,8.660949534765668839e-221,7.117896845419701453e-65
0.000000000000000000e+00,0.000000000000000000e+00,3.466015918245495681e-02
0.000000000000000000e+00,0.000000000000000000e+00,0.000000000000000000e+00
