# mskenet,mskplsenet,msknsenet
0.000000000000000000e+00,8.210974103498773502e+01,-2.802104377204184971e+02
0.000000000000000000e+00,0.000000000000000000e+00,-2.025237194520163030e+03
0.000000000000000000e+00,0.000000000000000000e+00,0.000000000000000000e+00
