# mskenet,mskplsenet,msknsenet
0.000000000000000000e+00,0.000000000000000000e+00,2.386319077774841731e-13
0.000000000000000000e+00,0.000000000000000000e+00,4.019302012433031424e-01
0.000000000000000000e+00,0.000000000000000000e+00,0.000000000000000000e+00
