# ridge,pca,plsridge,ctridge,ssviridge,har,vae
0.000000000000000000e+00,-7.404643672669916441e+02,-6.129052667544434740e+01,-9.596913382057519470e+01,-4.116254642433516864e+01,5.738762773794436889e+00,-2.962289938499922300e+03
0.000000000000000000e+00,0.000000000000000000e+00,8.080935576127679099e+01,7.668323114544112684e+01,8.320421996195207726e+01,8.880718112205616421e+01,-2.636240902623162015e+02
0.000000000000000000e+00,0.000000000000000000e+00,0.000000000000000000e+00,-2.150070922324693967e+01,1.247933196449384496e+01,4.154253846412299112e+01,-1.799123134379937483e+03
0.000000000000000000e+00,0.000000000000000000e+00,0.000000000000000000e+00,0.000000000000000000e+00,2.796694883920836006e+01,5.198565183930716671e+01,-1.459854926614999158e+03
0.000000000000000000e+00,0.000000000000000000e+00,0.000000000000000000e+00,0.000000000000000000e+00,0.000000000000000000e+00,3.326990980995400093e+01,-2.067878226484383049e+03
0.000000000000000000e+00,0.000000000000000000e+00,0.000000000000000000e+00,0.000000000000000000e+00,0.000000000000000000e+00,0.000000000000000000e+00,-3.148726654362833870e+03
0.000000000000000000e+00,0.000000000000000000e+00,0.000000000000000000e+00,0.000000000000000000e+00,0.000000000000000000e+00,0.000000000000000000e+00,0.000000000000000000e+00
