# ridge,pca,plsridge,ctridge,ssviridge,har,vae
0.000000000000000000e+00,-8.038515605928570267e+02,-1.940256279320564659e+01,-7.893462302874472414e+01,-3.912704883775504072e+01,9.005899632076230787e+00,-3.092771334016734727e+03
0.000000000000000000e+00,0.000000000000000000e+00,8.678958271478927600e+01,8.020309630141288437e+01,8.460731220660852614e+01,8.994227757509774790e+01,-2.529020861120020243e+02
0.000000000000000000e+00,0.000000000000000000e+00,0.000000000000000000e+00,-4.985827677638978628e+01,-1.651931548463529964e+01,2.393956989253501888e+01,-2.568783579574815121e+03
0.000000000000000000e+00,0.000000000000000000e+00,0.000000000000000000e+00,0.000000000000000000e+00,2.224699363219092518e+01,4.921033427563644835e+01,-1.682091235952292891e+03
0.000000000000000000e+00,0.000000000000000000e+00,0.000000000000000000e+00,0.000000000000000000e+00,0.000000000000000000e+00,3.463291187514240477e+01,-2.193579081603409577e+03
0.000000000000000000e+00,0.000000000000000000e+00,0.000000000000000000e+00,0.000000000000000000e+00,0.000000000000000000e+00,0.000000000000000000e+00,-3.408767404817614533e+03
0.000000000000000000e+00,0.000000000000000000e+00,0.000000000000000000e+00,0.000000000000000000e+00,0.000000000000000000e+00,0.000000000000000000e+00,0.000000000000000000e+00
