# mskenet,mskplsenet,msknsenet
0.000000000000000000e+00,2.597163033427271826e-263,1.795577776383051686e-30
0.000000000000000000e+00,0.000000000000000000e+00,1.473645552051602581e-01
0.000000000000000000e+00,0.000000000000000000e+00,0.000000000000000000e+00
