# enet,plsenet,ctenet,ssvienet
0.000000000000000000e+00,9.025552434345247832e+01,3.519593005553156573e-02,8.979661188172477182e+01
0.000000000000000000e+00,0.000000000000000000e+00,-9.258612940633289554e+02,-4.709462857751156584e+00
0.000000000000000000e+00,0.000000000000000000e+00,0.000000000000000000e+00,8.979301943998608238e+01
0.000000000000000000e+00,0.000000000000000000e+00,0.000000000000000000e+00,0.000000000000000000e+00
