# mskridge,mskplsridge,msknsridge
0.000000000000000000e+00,-1.120720421963131059e+02,-2.091674318363203611e+01
0.000000000000000000e+00,0.000000000000000000e+00,4.298317593806140025e+01
0.000000000000000000e+00,0.000000000000000000e+00,0.000000000000000000e+00
