# tskridge,tskpca,tskplsridge,tsknsridge,tskhar,tskvae
0.000000000000000000e+00,-8.079751464898864697e+02,-3.067195287207298193e+01,-1.653504662927245406e+01,-1.119105506178952325e+00,-5.531264510706819237e+02
0.000000000000000000e+00,0.000000000000000000e+00,8.560842184092442153e+01,8.716539245817665460e+01,8.886795019225442616e+01,2.809829410891436652e+01
0.000000000000000000e+00,0.000000000000000000e+00,0.000000000000000000e+00,1.081862322562858836e+01,2.259080625039955237e+01,-3.999845651406594698e+02
0.000000000000000000e+00,0.000000000000000000e+00,0.000000000000000000e+00,0.000000000000000000e+00,1.323775956254055153e+01,-4.603957224522367255e+02
0.000000000000000000e+00,0.000000000000000000e+00,0.000000000000000000e+00,0.000000000000000000e+00,0.000000000000000000e+00,-5.458981690960192736e+02
0.000000000000000000e+00,0.000000000000000000e+00,0.000000000000000000e+00,0.000000000000000000e+00,0.000000000000000000e+00,0.000000000000000000e+00
