# pmenet,pmplsenet
0.000000000000000000e+00,3.206623731384127172e-287
0.000000000000000000e+00,0.000000000000000000e+00
