# mskridge,mskpca,mskplsridge,msknsridge,mskhar,mskvae
0.000000000000000000e+00,4.653466902284633815e-28,1.505629258828935224e-01,2.056051693669222469e-03,2.311219621099532321e-08,3.722167690793011238e-30
0.000000000000000000e+00,0.000000000000000000e+00,0.000000000000000000e+00,0.000000000000000000e+00,4.428196671666209875e-309,7.108415159116266999e-215
0.000000000000000000e+00,0.000000000000000000e+00,0.000000000000000000e+00,1.994912231733336415e-36,1.857080753264929976e-27,2.368872393389577148e-48
0.000000000000000000e+00,0.000000000000000000e+00,0.000000000000000000e+00,0.000000000000000000e+00,3.350598071907265982e-34,5.100402341759496535e-72
0.000000000000000000e+00,0.000000000000000000e+00,0.000000000000000000e+00,0.000000000000000000e+00,0.000000000000000000e+00,7.931133010446428304e-35
0.000000000000000000e+00,0.000000000000000000e+00,0.000000000000000000e+00,0.000000000000000000e+00,0.000000000000000000e+00,0.000000000000000000e+00
