# lasso,lassopca,plslasso,ctlasso,ssvilasso,lassohar,lassovae
0.000000000000000000e+00,1.284674693421510149e-107,0.000000000000000000e+00,0.000000000000000000e+00,0.000000000000000000e+00,0.000000000000000000e+00,5.824005448179360537e-146
0.000000000000000000e+00,0.000000000000000000e+00,0.000000000000000000e+00,2.863168629149411739e-69,0.000000000000000000e+00,0.000000000000000000e+00,1.362192781250600422e-98
0.000000000000000000e+00,0.000000000000000000e+00,0.000000000000000000e+00,5.143868484890562476e-01,1.247085444559601729e-18,0.000000000000000000e+00,6.812856465729212607e-02
0.000000000000000000e+00,0.000000000000000000e+00,0.000000000000000000e+00,0.000000000000000000e+00,0.000000000000000000e+00,0.000000000000000000e+00,4.682309214997913693e-02
0.000000000000000000e+00,0.000000000000000000e+00,0.000000000000000000e+00,0.000000000000000000e+00,0.000000000000000000e+00,0.000000000000000000e+00,1.162608884378840809e-04
0.000000000000000000e+00,0.000000000000000000e+00,0.000000000000000000e+00,0.000000000000000000e+00,0.000000000000000000e+00,0.000000000000000000e+00,0.000000000000000000e+00
0.000000000000000000e+00,0.000000000000000000e+00,0.000000000000000000e+00,0.000000000000000000e+00,0.000000000000000000e+00,0.000000000000000000e+00,0.000000000000000000e+00
