# tskridge,tskplsridge,tsknsridge
0.000000000000000000e+00,1.026488978374710814e-01,1.472633097200088115e-01
0.000000000000000000e+00,0.000000000000000000e+00,1.542410139083997046e-54
0.000000000000000000e+00,0.000000000000000000e+00,0.000000000000000000e+00
