# pmridge,pmplsridge
0.000000000000000000e+00,4.403171000777603453e-11
0.000000000000000000e+00,0.000000000000000000e+00
