# pmridge,pmpca,pmplsridge,pmhar,pmvae
0.000000000000000000e+00,-6.547568281787148408e+02,-8.100961680483266036e+00,-4.355851206942773501e+00,-1.434161083144368604e+03
0.000000000000000000e+00,0.000000000000000000e+00,8.567737877359266463e+01,8.614941573743176662e+01,-1.036208521964538960e+02
0.000000000000000000e+00,0.000000000000000000e+00,0.000000000000000000e+00,3.448650657189111790e+00,-1.319425178115573772e+03
0.000000000000000000e+00,0.000000000000000000e+00,0.000000000000000000e+00,0.000000000000000000e+00,-1.370124641216381633e+03
0.000000000000000000e+00,0.000000000000000000e+00,0.000000000000000000e+00,0.000000000000000000e+00,0.000000000000000000e+00
