# ridge,plsridge,ctridge,ssviridge
0.000000000000000000e+00,-6.919990025621314267e+00,-2.025714224870012004e+01,2.012458360166691218e+00
0.000000000000000000e+00,0.000000000000000000e+00,-1.247395573071305996e+01,8.354329610064048950e+00
0.000000000000000000e+00,0.000000000000000000e+00,0.000000000000000000e+00,1.851831849023298915e+01
0.000000000000000000e+00,0.000000000000000000e+00,0.000000000000000000e+00,0.000000000000000000e+00
