# pmridge,pmplsridge
0.000000000000000000e+00,1.185165411291820102e-06
0.000000000000000000e+00,0.000000000000000000e+00
