# pmridge,pmplslasso,pmplsenet
0.000000000000000000e+00,1.296873573476337092e-04,1.296873573476337092e-04
0.000000000000000000e+00,0.000000000000000000e+00,nan
0.000000000000000000e+00,0.000000000000000000e+00,0.000000000000000000e+00
