# lasso,plslasso,ctlasso,ssvilasso
0.000000000000000000e+00,2.841959739806602187e-211,1.202375907310825762e-155,7.599662019105509261e-183
0.000000000000000000e+00,0.000000000000000000e+00,4.868531617010115985e-05,9.347016822237253686e-21
0.000000000000000000e+00,0.000000000000000000e+00,0.000000000000000000e+00,5.060284106337111515e-184
0.000000000000000000e+00,0.000000000000000000e+00,0.000000000000000000e+00,0.000000000000000000e+00
