# pmridge,pmpca,pmplsridge,pmhar,pmvae
0.000000000000000000e+00,2.535267668309932009e-10,2.812725812353662403e-05,6.454624286695746560e-26,3.167662548872000605e-01
0.000000000000000000e+00,0.000000000000000000e+00,0.000000000000000000e+00,2.779856067587709267e-293,3.959424144648600960e-73
0.000000000000000000e+00,0.000000000000000000e+00,0.000000000000000000e+00,1.551246478991373447e-15,4.004969457911491948e-02
0.000000000000000000e+00,0.000000000000000000e+00,0.000000000000000000e+00,0.000000000000000000e+00,3.905336134156915423e-04
0.000000000000000000e+00,0.000000000000000000e+00,0.000000000000000000e+00,0.000000000000000000e+00,0.000000000000000000e+00
