# ridge,plslasso,plsenet
0.000000000000000000e+00,8.357098858295117168e-07,9.274325073448490055e-07
0.000000000000000000e+00,0.000000000000000000e+00,2.469232496262332641e-02
0.000000000000000000e+00,0.000000000000000000e+00,0.000000000000000000e+00
