# lasso,lassopca,plslasso,ctlasso,ssvilasso,lassohar,lassovae
0.000000000000000000e+00,8.738116814537487897e+00,8.940701688608562847e+01,6.450194607496961829e-01,8.963665885929015076e+01,8.660008468445168361e-02,-1.633972734893518464e-07
0.000000000000000000e+00,0.000000000000000000e+00,8.839276295407218242e+01,-8.867992935605961691e+00,8.864439262156199106e+01,-9.488109917254551107e+00,-9.583009074813686468e+00
0.000000000000000000e+00,0.000000000000000000e+00,0.000000000000000000e+00,-8.379320203837851295e+02,2.167868774404790866e+00,-8.460402057539115503e+02,-8.468601890252544990e+02
0.000000000000000000e+00,0.000000000000000000e+00,0.000000000000000000e+00,0.000000000000000000e+00,8.956937932606628294e+01,-5.739348961802281934e-01,-6.611076649974734210e-01
0.000000000000000000e+00,0.000000000000000000e+00,0.000000000000000000e+00,0.000000000000000000e+00,0.000000000000000000e+00,-8.672597148431584628e+02,-8.680980901895670740e+02
0.000000000000000000e+00,0.000000000000000000e+00,0.000000000000000000e+00,0.000000000000000000e+00,0.000000000000000000e+00,0.000000000000000000e+00,-8.667530897268349577e-02
0.000000000000000000e+00,0.000000000000000000e+00,0.000000000000000000e+00,0.000000000000000000e+00,0.000000000000000000e+00,0.000000000000000000e+00,0.000000000000000000e+00
