# tskenet,tskenetpca,tskplsenet,tsknsenet,tskenethar,tskenetvae
0.000000000000000000e+00,nan,0.000000000000000000e+00,3.394684720830604130e-02,2.230788905817994644e-49,nan
0.000000000000000000e+00,0.000000000000000000e+00,0.000000000000000000e+00,3.394684720830604130e-02,2.230788905817994644e-49,nan
0.000000000000000000e+00,0.000000000000000000e+00,0.000000000000000000e+00,5.461877142612294758e-07,3.439919468794112218e-07,3.874898495442642685e-07
0.000000000000000000e+00,0.000000000000000000e+00,0.000000000000000000e+00,0.000000000000000000e+00,1.646277812966362215e-84,2.274172900555211358e-28
0.000000000000000000e+00,0.000000000000000000e+00,0.000000000000000000e+00,0.000000000000000000e+00,0.000000000000000000e+00,1.313151615372025993e-43
0.000000000000000000e+00,0.000000000000000000e+00,0.000000000000000000e+00,0.000000000000000000e+00,0.000000000000000000e+00,0.000000000000000000e+00
