# ridge,plsridge,ctridge,ssviridge
0.000000000000000000e+00,2.054167647218435785e-155,6.503370399439828000e-119,1.575113180646985279e-191
0.000000000000000000e+00,0.000000000000000000e+00,4.666400814593066790e-34,3.211443703198134331e-37
0.000000000000000000e+00,0.000000000000000000e+00,0.000000000000000000e+00,7.993265313696477987e-53
0.000000000000000000e+00,0.000000000000000000e+00,0.000000000000000000e+00,0.000000000000000000e+00
