# enet,enetpca,plsenet,ctenet,ssvienet,enethar,enetvae
0.000000000000000000e+00,0.000000000000000000e+00,0.000000000000000000e+00,0.000000000000000000e+00,0.000000000000000000e+00,8.481283247931102429e-95,3.795559660092245317e-282
0.000000000000000000e+00,0.000000000000000000e+00,1.946563292445498928e-101,6.113737046128494557e-01,2.284310961921772514e-29,6.879997764895610934e-02,1.483249288496322712e-04
0.000000000000000000e+00,0.000000000000000000e+00,0.000000000000000000e+00,1.773064755478316878e-01,6.718403198962876851e-23,1.274637034272733255e-02,2.193308260698786818e-04
0.000000000000000000e+00,0.000000000000000000e+00,0.000000000000000000e+00,0.000000000000000000e+00,0.000000000000000000e+00,3.341809233845922933e-02,5.900477735689272704e-283
0.000000000000000000e+00,0.000000000000000000e+00,0.000000000000000000e+00,0.000000000000000000e+00,0.000000000000000000e+00,6.149052939091434510e-04,2.833241843484546388e-18
0.000000000000000000e+00,0.000000000000000000e+00,0.000000000000000000e+00,0.000000000000000000e+00,0.000000000000000000e+00,0.000000000000000000e+00,6.355852323094922308e-282
0.000000000000000000e+00,0.000000000000000000e+00,0.000000000000000000e+00,0.000000000000000000e+00,0.000000000000000000e+00,0.000000000000000000e+00,0.000000000000000000e+00
