# pmridge,pmplsridge
0.000000000000000000e+00,4.161074334045131574e-05
0.000000000000000000e+00,0.000000000000000000e+00
