# pmridge,pmplslasso,pmplsenet
0.000000000000000000e+00,-3.066493067415809648e+01,-3.066493067415809648e+01
0.000000000000000000e+00,0.000000000000000000e+00,0.000000000000000000e+00
0.000000000000000000e+00,0.000000000000000000e+00,0.000000000000000000e+00
