# tskridge,tskplsridge,tsknsridge
0.000000000000000000e+00,-5.789129133261556603e+01,-1.704671211238417783e+01
0.000000000000000000e+00,0.000000000000000000e+00,2.586879800367693960e+01
0.000000000000000000e+00,0.000000000000000000e+00,0.000000000000000000e+00
