# pmhar,pmplslasso,pmplsenet
0.000000000000000000e+00,1.440138591495219910e-05,1.440138591495219910e-05
0.000000000000000000e+00,0.000000000000000000e+00,nan
0.000000000000000000e+00,0.000000000000000000e+00,0.000000000000000000e+00
