# ridge,pca,plsridge,ctridge,ssviridge,har,vae
0.000000000000000000e+00,-4.272387174039258753e+02,1.261367661015047048e+01,3.132951951120888090e+00,2.040163789256660465e+01,3.219237214664411084e+01,-1.363918376963326409e+03
0.000000000000000000e+00,0.000000000000000000e+00,8.342566270168252629e+01,8.162747824631631488e+01,8.490278511802617345e+01,8.713910310167767648e+01,-1.776576015076289536e+02
0.000000000000000000e+00,0.000000000000000000e+00,0.000000000000000000e+00,-1.084920876775419174e+01,8.912105442029339741e+00,2.240475943718194429e+01,-1.575225962342489083e+03
0.000000000000000000e+00,0.000000000000000000e+00,0.000000000000000000e+00,0.000000000000000000e+00,1.782720366654709920e+01,2.999928332786587859e+01,-1.411265602131937612e+03
0.000000000000000000e+00,0.000000000000000000e+00,0.000000000000000000e+00,0.000000000000000000e+00,0.000000000000000000e+00,1.481278501455045671e+01,-1.739131281354112616e+03
0.000000000000000000e+00,0.000000000000000000e+00,0.000000000000000000e+00,0.000000000000000000e+00,0.000000000000000000e+00,0.000000000000000000e+00,-2.058928756701632665e+03
0.000000000000000000e+00,0.000000000000000000e+00,0.000000000000000000e+00,0.000000000000000000e+00,0.000000000000000000e+00,0.000000000000000000e+00,0.000000000000000000e+00
