# mskenet,mskenetpca,mskplsenet,msknsenet,mskenethar,mskenetvae
0.000000000000000000e+00,0.000000000000000000e+00,0.000000000000000000e+00,5.384462751426045386e-16,2.780542529675779111e-52,4.742171170119707279e-273
0.000000000000000000e+00,0.000000000000000000e+00,0.000000000000000000e+00,3.006273130785040280e-85,0.000000000000000000e+00,2.371515100037983412e-322
0.000000000000000000e+00,0.000000000000000000e+00,0.000000000000000000e+00,3.298510223988746493e-01,3.958275554464930207e-02,3.921229254450504917e-05
0.000000000000000000e+00,0.000000000000000000e+00,0.000000000000000000e+00,0.000000000000000000e+00,4.972140959887087145e-286,1.807307739552733881e-14
0.000000000000000000e+00,0.000000000000000000e+00,0.000000000000000000e+00,0.000000000000000000e+00,0.000000000000000000e+00,1.884715079175508647e-271
0.000000000000000000e+00,0.000000000000000000e+00,0.000000000000000000e+00,0.000000000000000000e+00,0.000000000000000000e+00,0.000000000000000000e+00
