# tskridge,tskpca,tskplsridge,tsknsridge,tskhar,tskvae
0.000000000000000000e+00,-8.079751464898864697e+02,-3.067195287207298193e+01,-1.653504662927245406e+01,0.000000000000000000e+00,-5.528437244055122619e+02
0.000000000000000000e+00,0.000000000000000000e+00,8.560842184092442153e+01,8.716539245817665460e+01,0.000000000000000000e+00,2.809894335441659408e+01
0.000000000000000000e+00,0.000000000000000000e+00,0.000000000000000000e+00,1.081862322562858836e+01,0.000000000000000000e+00,-3.996050874395687060e+02
0.000000000000000000e+00,0.000000000000000000e+00,0.000000000000000000e+00,0.000000000000000000e+00,0.000000000000000000e+00,-4.602123509525625877e+02
0.000000000000000000e+00,0.000000000000000000e+00,0.000000000000000000e+00,0.000000000000000000e+00,0.000000000000000000e+00,0.000000000000000000e+00
0.000000000000000000e+00,0.000000000000000000e+00,0.000000000000000000e+00,0.000000000000000000e+00,0.000000000000000000e+00,0.000000000000000000e+00
