# mskridge,mskplsridge,msknsridge
0.000000000000000000e+00,8.783961895272012210e-01,1.315954458406590246e-05
0.000000000000000000e+00,0.000000000000000000e+00,9.347945949796176223e-57
0.000000000000000000e+00,0.000000000000000000e+00,0.000000000000000000e+00
