# tskenet,tskenetpca,tskplsenet,tsknsenet,tskenethar,tskenetvae
0.000000000000000000e+00,0.000000000000000000e+00,8.678724610529535255e+01,3.747584303697149011e-02,1.233151929607156916e-02,0.000000000000000000e+00
0.000000000000000000e+00,0.000000000000000000e+00,8.678724610529535255e+01,3.747584303697149011e-02,1.233151929607156916e-02,0.000000000000000000e+00
0.000000000000000000e+00,0.000000000000000000e+00,0.000000000000000000e+00,-6.565608574380974005e+02,-6.567511608672028842e+02,-6.568444912916878593e+02
0.000000000000000000e+00,0.000000000000000000e+00,0.000000000000000000e+00,0.000000000000000000e+00,-2.515375032088318363e-02,-3.748989269032332317e-02
0.000000000000000000e+00,0.000000000000000000e+00,0.000000000000000000e+00,0.000000000000000000e+00,0.000000000000000000e+00,-1.233304014729430520e-02
0.000000000000000000e+00,0.000000000000000000e+00,0.000000000000000000e+00,0.000000000000000000e+00,0.000000000000000000e+00,0.000000000000000000e+00
