# enet,enetpca,plsenet,ctenet,ssvienet,enethar,enetvae
0.000000000000000000e+00,2.638772569765776055e+01,9.187054075182884105e+01,6.418829898011013668e-01,8.964716313681073245e+01,6.326785153956127061e-02,-4.387026075747257892e-07
0.000000000000000000e+00,0.000000000000000000e+00,8.895638081390934815e+01,-3.497493176492911715e+01,8.593599102689339020e+01,-3.583358289926308515e+01,-3.591957689128933140e+01
0.000000000000000000e+00,0.000000000000000000e+00,0.000000000000000000e+00,-1.122198352646284775e+03,-2.734963725315790839e+01,-1.128589173911669377e+03,-1.129366973373112387e+03
0.000000000000000000e+00,0.000000000000000000e+00,0.000000000000000000e+00,0.000000000000000000e+00,8.958028073123954016e+01,-6.002448886570421749e-01,-6.639332378277185143e-01
0.000000000000000000e+00,0.000000000000000000e+00,0.000000000000000000e+00,0.000000000000000000e+00,0.000000000000000000e+00,-8.674405524926818316e+02,-8.680530230863392944e+02
0.000000000000000000e+00,0.000000000000000000e+00,0.000000000000000000e+00,0.000000000000000000e+00,0.000000000000000000e+00,0.000000000000000000e+00,-6.330834407131114006e-02
0.000000000000000000e+00,0.000000000000000000e+00,0.000000000000000000e+00,0.000000000000000000e+00,0.000000000000000000e+00,0.000000000000000000e+00,0.000000000000000000e+00
