# msklasso,mskplslasso,msknslasso
0.000000000000000000e+00,0.000000000000000000e+00,1.132335462478006897e-65
0.000000000000000000e+00,0.000000000000000000e+00,3.051677663166222909e-01
0.000000000000000000e+00,0.000000000000000000e+00,0.000000000000000000e+00
