# enet,enetpca,plsenet,ctenet,ssvienet,enethar,enetvae
0.000000000000000000e+00,4.618977910339330606e+01,8.936843388636425800e+01,3.853497642269942958e-02,8.973732659255682620e+01,0.000000000000000000e+00,-2.492204220772009648e-07
0.000000000000000000e+00,0.000000000000000000e+00,8.024247821977223794e+01,-8.576668773697775805e+01,8.092802215556349665e+01,0.000000000000000000e+00,-8.583830094539992217e+01
0.000000000000000000e+00,0.000000000000000000e+00,0.000000000000000000e+00,-8.402327366931350525e+02,3.469787068524532447e+00,0.000000000000000000e+00,-8.405951971738511475e+02
0.000000000000000000e+00,0.000000000000000000e+00,0.000000000000000000e+00,0.000000000000000000e+00,8.973337034924149691e+01,0.000000000000000000e+00,-3.855008090771772089e-02
0.000000000000000000e+00,0.000000000000000000e+00,0.000000000000000000e+00,0.000000000000000000e+00,0.000000000000000000e+00,0.000000000000000000e+00,-8.744049749911539493e+02
0.000000000000000000e+00,0.000000000000000000e+00,0.000000000000000000e+00,0.000000000000000000e+00,0.000000000000000000e+00,0.000000000000000000e+00,0.000000000000000000e+00
0.000000000000000000e+00,0.000000000000000000e+00,0.000000000000000000e+00,0.000000000000000000e+00,0.000000000000000000e+00,0.000000000000000000e+00,0.000000000000000000e+00
