# ridge,pca,plsridge,ctridge,ssviridge,har,vae
0.000000000000000000e+00,1.683754625466370147e-37,2.796662486137846698e-46,1.277325877992792837e-51,2.661615433645212287e-93,0.000000000000000000e+00,4.721163776580057159e-06
0.000000000000000000e+00,0.000000000000000000e+00,0.000000000000000000e+00,0.000000000000000000e+00,0.000000000000000000e+00,0.000000000000000000e+00,4.978765514693059989e-114
0.000000000000000000e+00,0.000000000000000000e+00,0.000000000000000000e+00,1.084815176308047148e-23,6.196593410020695943e-27,0.000000000000000000e+00,7.639931465887182804e-02
0.000000000000000000e+00,0.000000000000000000e+00,0.000000000000000000e+00,0.000000000000000000e+00,7.679039556954206730e-58,0.000000000000000000e+00,1.247772592793598700e-01
0.000000000000000000e+00,0.000000000000000000e+00,0.000000000000000000e+00,0.000000000000000000e+00,0.000000000000000000e+00,0.000000000000000000e+00,9.504065138008985780e-01
0.000000000000000000e+00,0.000000000000000000e+00,0.000000000000000000e+00,0.000000000000000000e+00,0.000000000000000000e+00,0.000000000000000000e+00,0.000000000000000000e+00
0.000000000000000000e+00,0.000000000000000000e+00,0.000000000000000000e+00,0.000000000000000000e+00,0.000000000000000000e+00,0.000000000000000000e+00,0.000000000000000000e+00
