# mskridge,mskplslasso,mskplsenet
0.000000000000000000e+00,-6.996313705276430994e+01,-6.003632807385810111e+01
0.000000000000000000e+00,0.000000000000000000e+00,5.840565872718905815e+00
0.000000000000000000e+00,0.000000000000000000e+00,0.000000000000000000e+00
