# tsklasso,tskplslasso,tsknslasso
0.000000000000000000e+00,0.000000000000000000e+00,1.270915126570636174e-147
0.000000000000000000e+00,0.000000000000000000e+00,7.496159775285554708e-07
0.000000000000000000e+00,0.000000000000000000e+00,0.000000000000000000e+00
