# lasso,plslasso,ctlasso,ssvilasso
0.000000000000000000e+00,8.591156316039220542e+01,7.505391375451475611e-01,8.653574844740791150e+01
0.000000000000000000e+00,0.000000000000000000e+00,-6.044746127081182294e+02,4.430479364899408523e+00
0.000000000000000000e+00,0.000000000000000000e+00,0.000000000000000000e+00,8.643392978098735568e+01
0.000000000000000000e+00,0.000000000000000000e+00,0.000000000000000000e+00,0.000000000000000000e+00
