# msklasso,mskplslasso,msknslasso
0.000000000000000000e+00,8.870670422036795344e+01,-8.020560406749555682e+01
0.000000000000000000e+00,0.000000000000000000e+00,-1.495686570013550636e+03
0.000000000000000000e+00,0.000000000000000000e+00,0.000000000000000000e+00
