# pmridge,pmplsridge
0.000000000000000000e+00,6.462677396068907124e-09
0.000000000000000000e+00,0.000000000000000000e+00
