# enet,plsenet,ctenet,ssvienet
0.000000000000000000e+00,1.182861830599008839e-235,1.125658595791430450e-272,2.303736997690071835e-200
0.000000000000000000e+00,0.000000000000000000e+00,1.325660949529807418e-03,2.248000169266034875e-34
0.000000000000000000e+00,0.000000000000000000e+00,0.000000000000000000e+00,2.154959127267700259e-199
0.000000000000000000e+00,0.000000000000000000e+00,0.000000000000000000e+00,0.000000000000000000e+00
