# pmenet,pmplsenet
0.000000000000000000e+00,9.111965452372253083e+01
0.000000000000000000e+00,0.000000000000000000e+00
