# enet,enetpca,plsenet,ctenet,ssvienet,enethar,enetvae
0.000000000000000000e+00,0.000000000000000000e+00,0.000000000000000000e+00,0.000000000000000000e+00,0.000000000000000000e+00,2.780542529675779111e-52,2.162497877150907345e-283
0.000000000000000000e+00,0.000000000000000000e+00,4.715648198025883334e-142,4.441964291972230749e-02,4.978382770626964555e-32,4.860231434428927957e-04,2.760808266979384862e-01
0.000000000000000000e+00,0.000000000000000000e+00,0.000000000000000000e+00,5.296896004476898678e-01,1.023454148266888527e-18,5.131863379803525832e-02,1.885272775790093960e-02
0.000000000000000000e+00,0.000000000000000000e+00,0.000000000000000000e+00,0.000000000000000000e+00,0.000000000000000000e+00,1.068972208725572061e-05,3.428243160773768914e-284
0.000000000000000000e+00,0.000000000000000000e+00,0.000000000000000000e+00,0.000000000000000000e+00,0.000000000000000000e+00,5.233245361285584785e-05,5.102211484632455374e-22
0.000000000000000000e+00,0.000000000000000000e+00,0.000000000000000000e+00,0.000000000000000000e+00,0.000000000000000000e+00,0.000000000000000000e+00,6.355947172496714172e-282
0.000000000000000000e+00,0.000000000000000000e+00,0.000000000000000000e+00,0.000000000000000000e+00,0.000000000000000000e+00,0.000000000000000000e+00,0.000000000000000000e+00
