# tsklasso,tskplslasso,tsknslasso
0.000000000000000000e+00,4.072665642239166363e-278,2.197980938485335199e-31
0.000000000000000000e+00,0.000000000000000000e+00,4.716231896472899976e-01
0.000000000000000000e+00,0.000000000000000000e+00,0.000000000000000000e+00
