# lasso,lassopca,plslasso,ctlasso,ssvilasso,lassohar,lassovae
0.000000000000000000e+00,4.387857138105651440e-95,3.387743532506551156e-236,1.125658594928121911e-272,2.303736235237965683e-200,0.000000000000000000e+00,0.000000000000000000e+00
0.000000000000000000e+00,0.000000000000000000e+00,1.527897004652912765e-310,2.949822845221047437e-75,1.578924206103042349e-243,0.000000000000000000e+00,4.564380232072361425e-93
0.000000000000000000e+00,0.000000000000000000e+00,0.000000000000000000e+00,1.098081194002480413e-03,3.269873963259896977e-34,0.000000000000000000e+00,2.095429425974097010e-02
0.000000000000000000e+00,0.000000000000000000e+00,0.000000000000000000e+00,0.000000000000000000e+00,2.154958423915464420e-199,0.000000000000000000e+00,1.233026227784889257e-16
0.000000000000000000e+00,0.000000000000000000e+00,0.000000000000000000e+00,0.000000000000000000e+00,0.000000000000000000e+00,0.000000000000000000e+00,6.624429192740598493e-01
0.000000000000000000e+00,0.000000000000000000e+00,0.000000000000000000e+00,0.000000000000000000e+00,0.000000000000000000e+00,0.000000000000000000e+00,0.000000000000000000e+00
0.000000000000000000e+00,0.000000000000000000e+00,0.000000000000000000e+00,0.000000000000000000e+00,0.000000000000000000e+00,0.000000000000000000e+00,0.000000000000000000e+00
