# ridge,plsridge,ctridge,ssviridge
0.000000000000000000e+00,8.963008078266977208e+00,-1.911030027274496135e+01,4.947512832340905220e+00
0.000000000000000000e+00,0.000000000000000000e+00,-3.083725391008891137e+01,-4.410839111839615079e+00
0.000000000000000000e+00,0.000000000000000000e+00,0.000000000000000000e+00,2.019792834876331611e+01
0.000000000000000000e+00,0.000000000000000000e+00,0.000000000000000000e+00,0.000000000000000000e+00
