# pmridge,pmpca,pmplsridge,pmhar,pmvae
0.000000000000000000e+00,-7.752867663924307635e+02,-8.310326258350680462e+01,2.245737743439057965e+00,-1.382302191169830849e+03
0.000000000000000000e+00,0.000000000000000000e+00,7.908076877042451258e+01,8.883174451963171236e+01,-6.935046296647051633e+01
0.000000000000000000e+00,0.000000000000000000e+00,0.000000000000000000e+00,4.661249566103239061e+01,-7.095443905560154008e+02
0.000000000000000000e+00,0.000000000000000000e+00,0.000000000000000000e+00,0.000000000000000000e+00,-1.416355560312505531e+03
0.000000000000000000e+00,0.000000000000000000e+00,0.000000000000000000e+00,0.000000000000000000e+00,0.000000000000000000e+00
