# pmridge,pmplslasso,pmplsenet
0.000000000000000000e+00,2.812725812353662403e-05,2.812725812353662403e-05
0.000000000000000000e+00,0.000000000000000000e+00,nan
0.000000000000000000e+00,0.000000000000000000e+00,0.000000000000000000e+00
