# msklasso,mskplslasso,msknslasso
0.000000000000000000e+00,8.616799529806378644e+01,-2.056977017480688232e+02
0.000000000000000000e+00,0.000000000000000000e+00,-2.110075172294272306e+03
0.000000000000000000e+00,0.000000000000000000e+00,0.000000000000000000e+00
