# pmridge,pmplslasso,pmplsenet
0.000000000000000000e+00,-8.100961680483266036e+00,-8.100961680483266036e+00
0.000000000000000000e+00,0.000000000000000000e+00,0.000000000000000000e+00
0.000000000000000000e+00,0.000000000000000000e+00,0.000000000000000000e+00
