# msklasso,mskplslasso,msknslasso
0.000000000000000000e+00,0.000000000000000000e+00,1.774689544408688693e-14
0.000000000000000000e+00,0.000000000000000000e+00,7.770096398194750176e-01
0.000000000000000000e+00,0.000000000000000000e+00,0.000000000000000000e+00
