# mskridge,mskplsridge,msknsridge
0.000000000000000000e+00,1.157404952342786786e-01,5.423854076972585810e-05
0.000000000000000000e+00,0.000000000000000000e+00,1.119863506769582687e-57
0.000000000000000000e+00,0.000000000000000000e+00,0.000000000000000000e+00
