# pmridge,pmplsridge
0.000000000000000000e+00,-1.260044961361770355e+01
0.000000000000000000e+00,0.000000000000000000e+00
