# ridge,plslasso,plsenet
0.000000000000000000e+00,4.874739667621926425e-46,3.922551858395288396e-46
0.000000000000000000e+00,0.000000000000000000e+00,2.760649723538179806e-02
0.000000000000000000e+00,0.000000000000000000e+00,0.000000000000000000e+00
