# enet,plsenet,ctenet,ssvienet
0.000000000000000000e+00,9.187054075182885526e+01,6.418829897992361921e-01,8.964716318364963854e+01
0.000000000000000000e+00,0.000000000000000000e+00,-1.122198352646308877e+03,-2.734963667699552659e+01
0.000000000000000000e+00,0.000000000000000000e+00,0.000000000000000000e+00,8.958028077838122272e+01
0.000000000000000000e+00,0.000000000000000000e+00,0.000000000000000000e+00,0.000000000000000000e+00
