# mskenet,mskenetpca,mskplsenet,msknsenet,mskenethar,mskenetvae
0.000000000000000000e+00,nan,0.000000000000000000e+00,3.189882281983300123e-29,2.230788905817994644e-49,nan
0.000000000000000000e+00,0.000000000000000000e+00,0.000000000000000000e+00,3.189882281983300123e-29,2.230788905817994644e-49,nan
0.000000000000000000e+00,0.000000000000000000e+00,0.000000000000000000e+00,6.729241124769201887e-01,8.088086838828387312e-05,7.406255269425486142e-05
0.000000000000000000e+00,0.000000000000000000e+00,0.000000000000000000e+00,0.000000000000000000e+00,6.094504042966668882e-257,1.496424685810149124e-257
0.000000000000000000e+00,0.000000000000000000e+00,0.000000000000000000e+00,0.000000000000000000e+00,0.000000000000000000e+00,1.313151615372025993e-43
0.000000000000000000e+00,0.000000000000000000e+00,0.000000000000000000e+00,0.000000000000000000e+00,0.000000000000000000e+00,0.000000000000000000e+00
