# tskridge,tskplsridge,tsknsridge
0.000000000000000000e+00,6.357980328429799766e-01,2.228445813912240392e-01
0.000000000000000000e+00,0.000000000000000000e+00,4.639214492598346835e-12
0.000000000000000000e+00,0.000000000000000000e+00,0.000000000000000000e+00
