# ridge,plslasso,plsenet
0.000000000000000000e+00,-6.131127002279275473e+01,-6.129954133993751242e+01
0.000000000000000000e+00,0.000000000000000000e+00,7.270839076267687773e-03
0.000000000000000000e+00,0.000000000000000000e+00,0.000000000000000000e+00
