# lasso,plslasso,ctlasso,ssvilasso
0.000000000000000000e+00,9.185771965012754947e+01,6.418829897992361921e-01,8.964716318364963854e+01
0.000000000000000000e+00,0.000000000000000000e+00,-1.120273839032787464e+03,-2.714910776208474630e+01
0.000000000000000000e+00,0.000000000000000000e+00,0.000000000000000000e+00,8.958028077838122272e+01
0.000000000000000000e+00,0.000000000000000000e+00,0.000000000000000000e+00,0.000000000000000000e+00
