# tskridge,tskpca,tskplsridge,tsknsridge,tskhar,tskvae
0.000000000000000000e+00,2.087911976253706281e-01,3.124606320291142270e-01,2.546442152088462915e-04,6.372182138778481608e-02,2.674476996346785221e-02
0.000000000000000000e+00,0.000000000000000000e+00,6.957447894175544613e-44,7.281605426163494489e-41,2.314287144098768622e-32,9.622488058136356714e-02
0.000000000000000000e+00,0.000000000000000000e+00,0.000000000000000000e+00,1.102786792701563484e-04,1.460342638770255056e-10,6.449531183252876776e-01
0.000000000000000000e+00,0.000000000000000000e+00,0.000000000000000000e+00,0.000000000000000000e+00,1.374274413519667444e-21,6.667749688767564409e-02
0.000000000000000000e+00,0.000000000000000000e+00,0.000000000000000000e+00,0.000000000000000000e+00,0.000000000000000000e+00,7.424693014275817946e-03
0.000000000000000000e+00,0.000000000000000000e+00,0.000000000000000000e+00,0.000000000000000000e+00,0.000000000000000000e+00,0.000000000000000000e+00
