# mskridge,mskplsridge,msknsridge
0.000000000000000000e+00,-6.420807882071595429e+01,-2.675114615526488393e+01
0.000000000000000000e+00,0.000000000000000000e+00,2.281065154312348398e+01
0.000000000000000000e+00,0.000000000000000000e+00,0.000000000000000000e+00
