# tskenet,tskplsenet,tsknsenet
0.000000000000000000e+00,3.418536063077563231e-278,9.674551371738895096e-33
0.000000000000000000e+00,0.000000000000000000e+00,1.871950667832337004e-02
0.000000000000000000e+00,0.000000000000000000e+00,0.000000000000000000e+00
