# ridge,plslasso,plsenet
0.000000000000000000e+00,-6.880323989696957021e+00,-6.899504866341876763e+00
0.000000000000000000e+00,0.000000000000000000e+00,-1.794612509478099582e-02
0.000000000000000000e+00,0.000000000000000000e+00,0.000000000000000000e+00
