# ridge,plslasso,plsenet
0.000000000000000000e+00,1.156166584769445320e-34,7.775472569366618762e-35
0.000000000000000000e+00,0.000000000000000000e+00,1.044219316968531810e-05
0.000000000000000000e+00,0.000000000000000000e+00,0.000000000000000000e+00
