# tskridge,tskplsridge,tsknsridge
0.000000000000000000e+00,4.000376326677238525e-01,5.265570081233470479e-01
0.000000000000000000e+00,0.000000000000000000e+00,2.093952755774180550e-44
0.000000000000000000e+00,0.000000000000000000e+00,0.000000000000000000e+00
