# ridge,plslasso,plsenet
0.000000000000000000e+00,4.261553389315407836e-01,4.281541055733052437e-01
0.000000000000000000e+00,0.000000000000000000e+00,2.519580452011455640e-01
0.000000000000000000e+00,0.000000000000000000e+00,0.000000000000000000e+00
