# lasso,plslasso,ctlasso,ssvilasso
0.000000000000000000e+00,9.108725018322330413e+01,3.693078703919661088e-01,9.003429670874876933e+01
0.000000000000000000e+00,0.000000000000000000e+00,-1.017844595413983598e+03,-1.181401358862923523e+01
0.000000000000000000e+00,0.000000000000000000e+00,0.000000000000000000e+00,8.999735615779222542e+01
0.000000000000000000e+00,0.000000000000000000e+00,0.000000000000000000e+00,0.000000000000000000e+00
