# mskenet,mskenetpca,mskplsenet,msknsenet,mskenethar,mskenetvae
0.000000000000000000e+00,0.000000000000000000e+00,9.108480645868624492e+01,-1.087082414521719755e+02,6.326785153956127061e-02,0.000000000000000000e+00
0.000000000000000000e+00,0.000000000000000000e+00,9.108480645868624492e+01,-1.087082414521719755e+02,6.326785153956127061e-02,0.000000000000000000e+00
0.000000000000000000e+00,0.000000000000000000e+00,0.000000000000000000e+00,-2.241039939121910720e+03,-1.021078946913943469e+03,-1.021788678509650708e+03
0.000000000000000000e+00,0.000000000000000000e+00,0.000000000000000000e+00,0.000000000000000000e+00,5.224960420411301953e+01,5.221937442886199676e+01
0.000000000000000000e+00,0.000000000000000000e+00,0.000000000000000000e+00,0.000000000000000000e+00,0.000000000000000000e+00,-6.330790509097017349e-02
0.000000000000000000e+00,0.000000000000000000e+00,0.000000000000000000e+00,0.000000000000000000e+00,0.000000000000000000e+00,0.000000000000000000e+00
