# tskenet,tskplsenet,tsknsenet
0.000000000000000000e+00,4.061695612277502203e-247,9.520343309887277134e-31
0.000000000000000000e+00,0.000000000000000000e+00,1.074169350067315926e-01
0.000000000000000000e+00,0.000000000000000000e+00,0.000000000000000000e+00
