# pmridge,pmplslasso,pmplsenet
0.000000000000000000e+00,1.185165411291842125e-06,1.185165411291842125e-06
0.000000000000000000e+00,0.000000000000000000e+00,nan
0.000000000000000000e+00,0.000000000000000000e+00,0.000000000000000000e+00
