# tskenet,tskplsenet,tsknsenet
0.000000000000000000e+00,8.679986249286426414e+01,7.609597387203681507e-03
0.000000000000000000e+00,0.000000000000000000e+00,-6.575102179697663587e+02
0.000000000000000000e+00,0.000000000000000000e+00,0.000000000000000000e+00
