# msklasso,msklassopca,mskplslasso,msknslasso,msklassohar,msklassovae
0.000000000000000000e+00,0.000000000000000000e+00,8.616799529806378644e+01,-2.056977017480699317e+02,1.896409748448624200e-02,0.000000000000000000e+00
0.000000000000000000e+00,0.000000000000000000e+00,8.616799529806378644e+01,-2.056977017480699317e+02,1.896409748448624200e-02,0.000000000000000000e+00
0.000000000000000000e+00,0.000000000000000000e+00,0.000000000000000000e+00,-2.110075172294280492e+03,-6.228239004901440694e+02,-6.229610035196262743e+02
0.000000000000000000e+00,0.000000000000000000e+00,0.000000000000000000e+00,0.000000000000000000e+00,6.729414865378629429e+01,6.728794510780736005e+01
0.000000000000000000e+00,0.000000000000000000e+00,0.000000000000000000e+00,0.000000000000000000e+00,0.000000000000000000e+00,-1.896769453655355875e-02
0.000000000000000000e+00,0.000000000000000000e+00,0.000000000000000000e+00,0.000000000000000000e+00,0.000000000000000000e+00,0.000000000000000000e+00
