,# Trades,Wins (%),Alpha (%),Beta,CAGR (%),Avg. Sharpe ratio
Point-SAM,304,54.276315789473685,19.862744059075425,1.0232290491683502,28.57807475737424,1.2013886392161992
MS-HAR,281,57.65124555160143,22.37744559871676,0.9637379785027388,30.80874062188146,1.8510592164621535
TS-SAM,297,52.861952861952865,19.26437531670637,1.1680274133602273,28.671034993814935,1.0831179278744036
Surface-HAR,291,53.264604810996566,20.490536603901553,0.948786801262916,28.85044834762869,1.2855164784328548
