,N,win (%),alpha,beta,cagr (%),sharpe ratio
Point-SAM,290,48.62068965517241,21.970211446529316,0.28428771009196324,27.157521892699844,1.2726218285275628
MS-HAR,282,50.70921985815603,17.447430134395216,1.2334011929393454,27.166212041127014,1.2075488576827245
TS-SAM,281,46.97508896797153,19.70558810136031,0.6993886435114114,26.874766961621255,1.0761505771028879
Surface-HAR,272,52.94117647058824,20.591312957962884,0.9927271802653966,29.16101476053381,1.311371115609901
